id,title,score,permalink,created_utc
15sn6y,"Reddit, if someone had to describe you to a stranger, how would you like them do to it?",2,/r/AskReddit/comments/15sn6y/reddit_if_someone_had_to_describe_you_to_a/,2013-01-01 23:59:40+00:00
15sn6m,What kind of car does the average Redditor drive?,5,/r/AskReddit/comments/15sn6m/what_kind_of_car_does_the_average_redditor_drive/,2013-01-01 23:59:31+00:00
15sn6b,What movies have made you go back to the theater to see them more than once?,1,/r/AskReddit/comments/15sn6b/what_movies_have_made_you_go_back_to_the_theater/,2013-01-01 23:59:20+00:00
15sn44,"If there was a type of ink that lasted only for a year or so, would you be more inclined to get a tattoo?",11,/r/AskReddit/comments/15sn44/if_there_was_a_type_of_ink_that_lasted_only_for_a/,2013-01-01 23:58:15+00:00
15sn3j,"Reddit, what are your favorite words to say aloud?",4,/r/AskReddit/comments/15sn3j/reddit_what_are_your_favorite_words_to_say_aloud/,2013-01-01 23:57:55+00:00
15sn22,"When hanging out with a sibling, how do you subtly let prospective mates that it is not your significant other?",8,/r/AskReddit/comments/15sn22/when_hanging_out_with_a_sibling_how_do_you_subtly/,2013-01-01 23:57:13+00:00
15sn1s,Have you ever lost contact with a friend or family member due to them going into witness protection?,2,/r/AskReddit/comments/15sn1s/have_you_ever_lost_contact_with_a_friend_or/,2013-01-01 23:57:04+00:00
15sn1m,Let's start this new year on a more positive note. What makes you instantly like or respect someone?,2,/r/AskReddit/comments/15sn1m/lets_start_this_new_year_on_a_more_positive_note/,2013-01-01 23:57:00+00:00
15sn14,"Has anyone ever won, or know someone that has won, the publishers clearing house sweepstakes?",1,/r/AskReddit/comments/15sn14/has_anyone_ever_won_or_know_someone_that_has_won/,2013-01-01 23:56:50+00:00
15smxq,Why the fuck don't they show halftime performances on TV?,0,/r/AskReddit/comments/15smxq/why_the_fuck_dont_they_show_halftime_performances/,2013-01-01 23:55:31+00:00
15smxf,If you could have the ability to shrink down to the very small to observe the smallest things in the universe or grow big to observe the largest mysteries of the universe which would you choose?,2,/r/AskReddit/comments/15smxf/if_you_could_have_the_ability_to_shrink_down_to/,2013-01-01 23:55:21+00:00
15smxh,"Reddit, what's your favorite color?",0,/r/AskReddit/comments/15smxh/reddit_whats_your_favorite_color/,2013-01-01 23:55:21+00:00
15smx1,Why doesn't comment karma contribute to your overall karma?,0,/r/AskReddit/comments/15smx1/why_doesnt_comment_karma_contribute_to_your/,2013-01-01 23:55:10+00:00
15smwv,"Reddit, How do I Stop Emotions?",0,/r/AskReddit/comments/15smwv/reddit_how_do_i_stop_emotions/,2013-01-01 23:55:05+00:00
15smts,"Parents who have lost a chikd, how do you answer when someone asks how many children you have?",0,/r/AskReddit/comments/15smts/parents_who_have_lost_a_chikd_how_do_you_answer/,2013-01-01 23:53:57+00:00
15smsj,"Attractive, single people of Reddit, why are you single?",6,/r/AskReddit/comments/15smsj/attractive_single_people_of_reddit_why_are_you/,2013-01-01 23:53:15+00:00
15sms2,What is a funny/awkward childhood story of yours?,6,/r/AskReddit/comments/15sms2/what_is_a_funnyawkward_childhood_story_of_yours/,2013-01-01 23:53:07+00:00
15smrw,"If an artist were to draw you, how would they portray you?",0,/r/AskReddit/comments/15smrw/if_an_artist_were_to_draw_you_how_would_they/,2013-01-01 23:53:03+00:00
15smrf,Tips/Advice on how to balance work and college?,0,/r/AskReddit/comments/15smrf/tipsadvice_on_how_to_balance_work_and_college/,2013-01-01 23:52:47+00:00
15smql,What kind of things would you do in every day life just for a good picture to post to reddit?,0,/r/AskReddit/comments/15smql/what_kind_of_things_would_you_do_in_every_day/,2013-01-01 23:52:30+00:00
15smqf,"Reddit, what kind of fudging have you gotten away with on your company's expense reports?",0,/r/AskReddit/comments/15smqf/reddit_what_kind_of_fudging_have_you_gotten_away/,2013-01-01 23:52:23+00:00
15smpp,What is something you think everybody should keep in their car?,1,/r/AskReddit/comments/15smpp/what_is_something_you_think_everybody_should_keep/,2013-01-01 23:52:06+00:00
15smp2,What do you love about Reddit that everyone else seems to hate?,3,/r/AskReddit/comments/15smp2/what_do_you_love_about_reddit_that_everyone_else/,2013-01-01 23:51:43+00:00
15smoj,What popular first names do you think will go out of style over the next generation?,1,/r/AskReddit/comments/15smoj/what_popular_first_names_do_you_think_will_go_out/,2013-01-01 23:51:28+00:00
15smo7,"Black guys of Reddit, do you have any white people jokes?",0,/r/AskReddit/comments/15smo7/black_guys_of_reddit_do_you_have_any_white_people/,2013-01-01 23:51:21+00:00
15smlx,"How in the hell do you make choices? With all the information online, and all the different perspectives, how do you make choices in your life? Just go with the first thing that comes to mind?",0,/r/AskReddit/comments/15smlx/how_in_the_hell_do_you_make_choices_with_all_the/,2013-01-01 23:50:19+00:00
15smk9,To balance out with the current top question on Askreddit: What makes you instantly feel more sympathetic with another person?,0,/r/AskReddit/comments/15smk9/to_balance_out_with_the_current_top_question_on/,2013-01-01 23:49:26+00:00
15smk5,"Reddit, do you have any celebrity hookup stories?",0,/r/AskReddit/comments/15smk5/reddit_do_you_have_any_celebrity_hookup_stories/,2013-01-01 23:49:23+00:00
15smjw,Where do you spend most of your time browsing Reddit?,0,/r/AskReddit/comments/15smjw/where_do_you_spend_most_of_your_time_browsing/,2013-01-01 23:49:19+00:00
15smj2,Got accused of stealing inserts out of boxes today at GameStop and it pissed me off. What are some bad experiences you've had with GameStop (or any other store) employees?,0,/r/AskReddit/comments/15smj2/got_accused_of_stealing_inserts_out_of_boxes/,2013-01-01 23:48:56+00:00
15smij,"In your opinion, what makes for a good teacher?",0,/r/AskReddit/comments/15smij/in_your_opinion_what_makes_for_a_good_teacher/,2013-01-01 23:48:42+00:00
15smid,"Reddit, do you swipe your card, or let the cashier swipe for you?",1,/r/AskReddit/comments/15smid/reddit_do_you_swipe_your_card_or_let_the_cashier/,2013-01-01 23:48:38+00:00
15smho,"I caught my my alcoholic mother drinking, what should I do?",1,/r/AskReddit/comments/15smho/i_caught_my_my_alcoholic_mother_drinking_what/,2013-01-01 23:48:24+00:00
15smfk,How much do you think that you have benefited from white privilege?,0,/r/AskReddit/comments/15smfk/how_much_do_you_think_that_you_have_benefited/,2013-01-01 23:47:18+00:00
15smdp,So I've been building an app for 8 months at night time. It's a self updating contact list. Would you use this?,2,/r/AskReddit/comments/15smdp/so_ive_been_building_an_app_for_8_months_at_night/,2013-01-01 23:46:17+00:00
15smcz,"Made one of those ""If we're not in relationships by 2013"" promises but forget with whom. Reddit, have you ever and what should I do?",1,/r/AskReddit/comments/15smcz/made_one_of_those_if_were_not_in_relationships_by/,2013-01-01 23:45:59+00:00
15smcl,anyone good at making up acronyms?,0,/r/AskReddit/comments/15smcl/anyone_good_at_making_up_acronyms/,2013-01-01 23:45:46+00:00
15smba,What is the most racist thing you have seen someone do/say?,1,/r/AskReddit/comments/15smba/what_is_the_most_racist_thing_you_have_seen/,2013-01-01 23:45:05+00:00
15sma5,I got terminated on New Year's Eve. What crappy things have employers done to you that made you wonder how they sleep at night?,4,/r/AskReddit/comments/15sma5/i_got_terminated_on_new_years_eve_what_crappy/,2013-01-01 23:44:37+00:00
15sm8x,What do you think the greatest human flaw is?,11,/r/AskReddit/comments/15sm8x/what_do_you_think_the_greatest_human_flaw_is/,2013-01-01 23:44:07+00:00
15sm83,What is the best way to punish an employee for calling my establishment a shithole?,0,/r/AskReddit/comments/15sm83/what_is_the_best_way_to_punish_an_employee_for/,2013-01-01 23:43:52+00:00
15sm6f,"Reddit, you're on your death bed, but have time to list to one more song. Which song would it be?",0,/r/AskReddit/comments/15sm6f/reddit_youre_on_your_death_bed_but_have_time_to/,2013-01-01 23:43:11+00:00
15sm65,"Reddit, who has the best New Years Eve story?",1,/r/AskReddit/comments/15sm65/reddit_who_has_the_best_new_years_eve_story/,2013-01-01 23:43:03+00:00
15sm4p,New Years Eve 2012. What is the dumbest thing you did or saw last night?,0,/r/AskReddit/comments/15sm4p/new_years_eve_2012_what_is_the_dumbest_thing_you/,2013-01-01 23:42:37+00:00
15sm4n,"If everyone slept during the day and was productive at night, what would you do differently?",1,/r/AskReddit/comments/15sm4n/if_everyone_slept_during_the_day_and_was/,2013-01-01 23:42:35+00:00
15sm4g,"Reddit, any advice on how to comfort a friend who lost another friend during the new years celebration?",2,/r/AskReddit/comments/15sm4g/reddit_any_advice_on_how_to_comfort_a_friend_who/,2013-01-01 23:42:26+00:00
15sm49,You wake up in the morning from a huge party at your house. You see on the news that you are a most wanted to the FBI and Police. What would you do?,0,/r/AskReddit/comments/15sm49/you_wake_up_in_the_morning_from_a_huge_party_at/,2013-01-01 23:42:22+00:00
15sm46,What are some WWII bomber names?,1,/r/AskReddit/comments/15sm46/what_are_some_wwii_bomber_names/,2013-01-01 23:42:18+00:00
15sm40,"Is your current ""life playlist"" compatible with anyone else?",0,/r/AskReddit/comments/15sm40/is_your_current_life_playlist_compatible_with/,2013-01-01 23:42:14+00:00
15sm1e,What famous pop song makes you cringe at the fact that it became a successful pop song?,10,/r/AskReddit/comments/15sm1e/what_famous_pop_song_makes_you_cringe_at_the_fact/,2013-01-01 23:41:11+00:00
15sm08,"Mods of reddit, how do I add pictures to flair?",0,/r/AskReddit/comments/15sm08/mods_of_reddit_how_do_i_add_pictures_to_flair/,2013-01-01 23:40:45+00:00
15sm07,"Reddit, what is the most uncomfortable conversation you've ever had with a complete stranger?",4,/r/AskReddit/comments/15sm07/reddit_what_is_the_most_uncomfortable/,2013-01-01 23:40:44+00:00
15slzf,"If you had the lifespan of a dog, what would you do with your life?",2,/r/AskReddit/comments/15slzf/if_you_had_the_lifespan_of_a_dog_what_would_you/,2013-01-01 23:40:21+00:00
15slz3,"Alternatively, what makes you instantly love someone?",0,/r/AskReddit/comments/15slz3/alternatively_what_makes_you_instantly_love/,2013-01-01 23:40:16+00:00
15slz2,"Fast food employees of Reddit, do workers really jizz in our burgers and pee on our nachos as much as the internet tells us they do?",3,/r/AskReddit/comments/15slz2/fast_food_employees_of_reddit_do_workers_really/,2013-01-01 23:40:15+00:00
15slyf,Reddit what is your new years resolution? One that you will actually keep!,0,/r/AskReddit/comments/15slyf/reddit_what_is_your_new_years_resolution_one_that/,2013-01-01 23:40:02+00:00
15slyb,How hard is it to move to another country?,0,/r/AskReddit/comments/15slyb/how_hard_is_it_to_move_to_another_country/,2013-01-01 23:40:00+00:00
15sly3,Does snorting human ash make you a cannibal?,0,/r/AskReddit/comments/15sly3/does_snorting_human_ash_make_you_a_cannibal/,2013-01-01 23:39:54+00:00
15slwx,"Reddit, how do you stick it to the man?",0,/r/AskReddit/comments/15slwx/reddit_how_do_you_stick_it_to_the_man/,2013-01-01 23:39:24+00:00
15slws,"I realized today I am a tech expert to my coworkers. Reddit, when/where/to whom do you have situational based credentials?",3,/r/AskReddit/comments/15slws/i_realized_today_i_am_a_tech_expert_to_my/,2013-01-01 23:39:23+00:00
15slwa,"Reddit, why was your year the best year to be born in?",0,/r/AskReddit/comments/15slwa/reddit_why_was_your_year_the_best_year_to_be_born/,2013-01-01 23:39:11+00:00
15slvu,What should be on any mid-20-something's to-do list for 2013?,1,/r/AskReddit/comments/15slvu/what_should_be_on_any_mid20somethings_todo_list/,2013-01-01 23:38:57+00:00
15slvg,"Retail Workers of Reddit, What is one piece of advice you have that you think all your customers should know?",3,/r/AskReddit/comments/15slvg/retail_workers_of_reddit_what_is_one_piece_of/,2013-01-01 23:38:47+00:00
15slut,"Girl and I got drunk she offered me a ride home, found later today she got arrested last night for driving under the influence. Am I in trouble too ?",0,/r/AskReddit/comments/15slut/girl_and_i_got_drunk_she_offered_me_a_ride_home/,2013-01-01 23:38:28+00:00
15sltu,"Reddit, what is your favorite warning label you've ever seen on a product?",8,/r/AskReddit/comments/15sltu/reddit_what_is_your_favorite_warning_label_youve/,2013-01-01 23:37:56+00:00
15slss,"What are the big picture ""outside the box"" ideas for fixing the US Federal Government?",3,/r/AskReddit/comments/15slss/what_are_the_big_picture_outside_the_box_ideas/,2013-01-01 23:37:29+00:00
15slsq,"What would be the plot synopsis of your favorite, non-present movie if it took place in present day?",0,/r/AskReddit/comments/15slsq/what_would_be_the_plot_synopsis_of_your_favorite/,2013-01-01 23:37:28+00:00
15slr9,What is the worst theme song to a TV show you've ever heard?,0,/r/AskReddit/comments/15slr9/what_is_the_worst_theme_song_to_a_tv_show_youve/,2013-01-01 23:36:46+00:00
15slqk,"Sorry if this has been asked, but where are some of the best places to visit for scenery?",6,/r/AskReddit/comments/15slqk/sorry_if_this_has_been_asked_but_where_are_some/,2013-01-01 23:36:26+00:00
15slqh,"Reddit, what fictional romance would you most like to see occur (that didn't in the source material) ?",0,/r/AskReddit/comments/15slqh/reddit_what_fictional_romance_would_you_most_like/,2013-01-01 23:36:21+00:00
15slon,"In contrast, What makes you instantly like someone?",0,/r/AskReddit/comments/15slon/in_contrast_what_makes_you_instantly_like_someone/,2013-01-01 23:35:38+00:00
15slof,I know I'm kind of old because I can't say the word hella with a straight face. What makes you feel old?,1,/r/AskReddit/comments/15slof/i_know_im_kind_of_old_because_i_cant_say_the_word/,2013-01-01 23:35:32+00:00
15sln6,Can anyone reccomend a good driver finder program?,1,/r/AskReddit/comments/15sln6/can_anyone_reccomend_a_good_driver_finder_program/,2013-01-01 23:35:01+00:00
15slmr,"Reddit, what New Year's Day traditions do you have?",0,/r/AskReddit/comments/15slmr/reddit_what_new_years_day_traditions_do_you_have/,2013-01-01 23:34:48+00:00
15slmj,What's your new years resolution?,0,/r/AskReddit/comments/15slmj/whats_your_new_years_resolution/,2013-01-01 23:34:43+00:00
15sllm,What are some good New years Resolutions that you've actually kept?,0,/r/AskReddit/comments/15sllm/what_are_some_good_new_years_resolutions_that/,2013-01-01 23:34:12+00:00
15sllj,What has been your worst new years eve experience?,0,/r/AskReddit/comments/15sllj/what_has_been_your_worst_new_years_eve_experience/,2013-01-01 23:34:10+00:00
15sllc,When was the first time you masturbated? (Possibly nsfw),0,/r/AskReddit/comments/15sllc/when_was_the_first_time_you_masturbated_possibly/,2013-01-01 23:34:00+00:00
15sll7,Reddit Scientists: Do onions actually help someone with the cold or flu or a bad cough?,0,/r/AskReddit/comments/15sll7/reddit_scientists_do_onions_actually_help_someone/,2013-01-01 23:33:56+00:00
15slko,AskReddit why do you get out of bed each day,0,/r/AskReddit/comments/15slko/askreddit_why_do_you_get_out_of_bed_each_day/,2013-01-01 23:33:41+00:00
15slk9,Have you cut ties with or been cut off by anyone in your family? Why?,2,/r/AskReddit/comments/15slk9/have_you_cut_ties_with_or_been_cut_off_by_anyone/,2013-01-01 23:33:30+00:00
15slhz,"nutritionists of Reddit, what food do people eat thinking that it is healthy for them, but in reality it is not",6,/r/AskReddit/comments/15slhz/nutritionists_of_reddit_what_food_do_people_eat/,2013-01-01 23:32:25+00:00
15slhw,"What kind of watch is this? Bulova, rectangle, gold",0,/r/AskReddit/comments/15slhw/what_kind_of_watch_is_this_bulova_rectangle_gold/,2013-01-01 23:32:25+00:00
15slhj,What makes you instantly like someone?,0,/r/AskReddit/comments/15slhj/what_makes_you_instantly_like_someone/,2013-01-01 23:32:14+00:00
15slfa,What is your worst road trip experience!?,1,/r/AskReddit/comments/15slfa/what_is_your_worst_road_trip_experience/,2013-01-01 23:31:16+00:00
15slf9,"Reddit, what is the craziest thing you've ever seen happen in a restaurant?",3,/r/AskReddit/comments/15slf9/reddit_what_is_the_craziest_thing_youve_ever_seen/,2013-01-01 23:31:14+00:00
15sle8,Has anyone ever hooked up with someone from Gonewild? Or have any stories related?,2,/r/AskReddit/comments/15sle8/has_anyone_ever_hooked_up_with_someone_from/,2013-01-01 23:30:53+00:00
15slc6,Why are brand names so much more expensive than their generic counterparts?,1,/r/AskReddit/comments/15slc6/why_are_brand_names_so_much_more_expensive_than/,2013-01-01 23:29:54+00:00
15slbz,"Reddit, what is your favorite image of natural beauty that you've found on the internet?",2,/r/AskReddit/comments/15slbz/reddit_what_is_your_favorite_image_of_natural/,2013-01-01 23:29:49+00:00
15slbs,What political hypocrisy do you believe in?,0,/r/AskReddit/comments/15slbs/what_political_hypocrisy_do_you_believe_in/,2013-01-01 23:29:44+00:00
15slaq,What are some popular phrases that don't make any sense?,2,/r/AskReddit/comments/15slaq/what_are_some_popular_phrases_that_dont_make_any/,2013-01-01 23:29:20+00:00
15slap,"What do you do in private that kinda makes sense, but you probably wouldn't tell anyone?",6,/r/AskReddit/comments/15slap/what_do_you_do_in_private_that_kinda_makes_sense/,2013-01-01 23:29:20+00:00
15slaj,"Reddit, what do you regret doing last night while celebrating New Years?",0,/r/AskReddit/comments/15slaj/reddit_what_do_you_regret_doing_last_night_while/,2013-01-01 23:29:12+00:00
15sla3,What was the most awkward situation you've ever been in?,0,/r/AskReddit/comments/15sla3/what_was_the_most_awkward_situation_youve_ever/,2013-01-01 23:29:03+00:00
15sl93,"Have you ever been in a situation which, if it had panned out differently, could have dramatically changed your life?",2,/r/AskReddit/comments/15sl93/have_you_ever_been_in_a_situation_which_if_it_had/,2013-01-01 23:28:36+00:00
15sl8x,"Why do people get mad when an underground band goes ""mainstream"" and others start listening to their music?",3,/r/AskReddit/comments/15sl8x/why_do_people_get_mad_when_an_underground_band/,2013-01-01 23:28:30+00:00
15sl85,"Sup Reddit, If you were to invent another universe how would it work?",5,/r/AskReddit/comments/15sl85/sup_reddit_if_you_were_to_invent_another_universe/,2013-01-01 23:28:07+00:00
15sl7q,"If you could choose any post-apocalyptic situation, what would it be?",3,/r/AskReddit/comments/15sl7q/if_you_could_choose_any_postapocalyptic_situation/,2013-01-01 23:27:48+00:00
15sl7a,Has anyone ever used one of those 'Penis Enhancement Pills' often advertised on porn sites? What happened? Did it work? Did you get scammed?[NSFW?],8,/r/AskReddit/comments/15sl7a/has_anyone_ever_used_one_of_those_penis/,2013-01-01 23:27:32+00:00
15sl66,How do I make my jacket puffy again!?,9,/r/AskReddit/comments/15sl66/how_do_i_make_my_jacket_puffy_again/,2013-01-01 23:27:01+00:00
15sl4d,"Reddit, I think I'm in love with my best friend. We're both men, how/what do I tell him?",0,/r/AskReddit/comments/15sl4d/reddit_i_think_im_in_love_with_my_best_friend/,2013-01-01 23:26:17+00:00
15sl49,"If you had one last thing to say before loosing your voice forever, what would it be and who would you say it to?",5,/r/AskReddit/comments/15sl49/if_you_had_one_last_thing_to_say_before_loosing/,2013-01-01 23:26:15+00:00
15sl38,"LGBTs of Reddit, if you see your partner ""act like the bigger person"" and back down from a fight with someone else, how does that truly make you feel?",0,/r/AskReddit/comments/15sl38/lgbts_of_reddit_if_you_see_your_partner_act_like/,2013-01-01 23:25:48+00:00
15sl33,What would you say is the best Reddit moment of 2012?,0,/r/AskReddit/comments/15sl33/what_would_you_say_is_the_best_reddit_moment_of/,2013-01-01 23:25:46+00:00
15sl1u,What would life be like if you lived it as an rpg?,0,/r/AskReddit/comments/15sl1u/what_would_life_be_like_if_you_lived_it_as_an_rpg/,2013-01-01 23:25:14+00:00
15sl1e,Cockblocked. What word described your New Years Eve?,1,/r/AskReddit/comments/15sl1e/cockblocked_what_word_described_your_new_years_eve/,2013-01-01 23:24:57+00:00
15skzw,"On the opposite side, Reddit, what's the best thing that happened to you in 2012?",0,/r/AskReddit/comments/15skzw/on_the_opposite_side_reddit_whats_the_best_thing/,2013-01-01 23:24:08+00:00
15skzn,"What act of ungratefulness from somebody, left you with your mouth hanging open?",6,/r/AskReddit/comments/15skzn/what_act_of_ungratefulness_from_somebody_left_you/,2013-01-01 23:23:56+00:00
15skz6,"Reddit, what was your new year's resolution of last year and how did it pan out?",1,/r/AskReddit/comments/15skz6/reddit_what_was_your_new_years_resolution_of_last/,2013-01-01 23:23:44+00:00
15skyn,"I need some help, heavy topic, possible NSFW: Is there a clear definition of what counts as rape and doesn't? What are the technicalities?",1,/r/AskReddit/comments/15skyn/i_need_some_help_heavy_topic_possible_nsfw_is/,2013-01-01 23:23:36+00:00
15skym,"Reddit, you have 100 dollars, realistically, or unrealistically, what do you invest it in?",3,/r/AskReddit/comments/15skym/reddit_you_have_100_dollars_realistically_or/,2013-01-01 23:23:35+00:00
15skyl,What do you think the next new gaming series will be about?,0,/r/AskReddit/comments/15skyl/what_do_you_think_the_next_new_gaming_series_will/,2013-01-01 23:23:35+00:00
15skyj,Can any Redditor tell me their experience with having a family in North Las Vegas?,0,/r/AskReddit/comments/15skyj/can_any_redditor_tell_me_their_experience_with/,2013-01-01 23:23:32+00:00
15skyh,What Is The Most Out-of-Character thing you've ever done?,2,/r/AskReddit/comments/15skyh/what_is_the_most_outofcharacter_thing_youve_ever/,2013-01-01 23:23:31+00:00
15skwf,Can anyone tell me the diagnosis for math love?,0,/r/AskReddit/comments/15skwf/can_anyone_tell_me_the_diagnosis_for_math_love/,2013-01-01 23:22:39+00:00
15skvd,"Reddit, what are some movies where the ending is completely unexpected, or there is an unexpected plot twist?",1,/r/AskReddit/comments/15skvd/reddit_what_are_some_movies_where_the_ending_is/,2013-01-01 23:22:08+00:00
15skty,Why does my penis burn adter I fap than piss?,0,/r/AskReddit/comments/15skty/why_does_my_penis_burn_adter_i_fap_than_piss/,2013-01-01 23:21:32+00:00
15skth,Reddit: what do you like and dislike about where you live?,2,/r/AskReddit/comments/15skth/reddit_what_do_you_like_and_dislike_about_where/,2013-01-01 23:21:20+00:00
15sksu,What is the safest bet/strategy while playing Roulette?,1,/r/AskReddit/comments/15sksu/what_is_the_safest_betstrategy_while_playing/,2013-01-01 23:21:00+00:00
15sksp,"Sorry if this has been asked before but, How would you explain reddit to someone that doesn't know what it is?",0,/r/AskReddit/comments/15sksp/sorry_if_this_has_been_asked_before_but_how_would/,2013-01-01 23:20:54+00:00
15sksm,What the coolest suvreddits you gave on your frontpage?,0,/r/AskReddit/comments/15sksm/what_the_coolest_suvreddits_you_gave_on_your/,2013-01-01 23:20:53+00:00
15skru,"What is something that really makes you cringe, or is just hard to look at?",5,/r/AskReddit/comments/15skru/what_is_something_that_really_makes_you_cringe_or/,2013-01-01 23:20:33+00:00
15skra,What's the best post-nightclub food ever?!?,0,/r/AskReddit/comments/15skra/whats_the_best_postnightclub_food_ever/,2013-01-01 23:20:20+00:00
15skqg,Has there been a time when you felt infinite?,1,/r/AskReddit/comments/15skqg/has_there_been_a_time_when_you_felt_infinite/,2013-01-01 23:19:41+00:00
15skpc,Any funny/quirky childhood stories your parents tell you that you have no memory of?,20,/r/AskReddit/comments/15skpc/any_funnyquirky_childhood_stories_your_parents/,2013-01-01 23:19:12+00:00
15skoj,"So Reddit, what is the most/some of the the illegal things you have done? #notanark",1,/r/AskReddit/comments/15skoj/so_reddit_what_is_the_mostsome_of_the_the_illegal/,2013-01-01 23:18:55+00:00
15sko7,What was your senior yearbook quote?,1,/r/AskReddit/comments/15sko7/what_was_your_senior_yearbook_quote/,2013-01-01 23:18:43+00:00
15sknr,How can I find a post about a guy who accidental fucks a paraplegic girl?,1,/r/AskReddit/comments/15sknr/how_can_i_find_a_post_about_a_guy_who_accidental/,2013-01-01 23:18:26+00:00
15skmt,"If you could be talented at one thing, what would it be?",4,/r/AskReddit/comments/15skmt/if_you_could_be_talented_at_one_thing_what_would/,2013-01-01 23:18:01+00:00
15skmm,What is the best drunken conversation you've had/overheard?,3,/r/AskReddit/comments/15skmm/what_is_the_best_drunken_conversation_youve/,2013-01-01 23:17:56+00:00
15skml,How far do you think humans would have been able to advance without opposable thumbs?,0,/r/AskReddit/comments/15skml/how_far_do_you_think_humans_would_have_been_able/,2013-01-01 23:17:55+00:00
15skkq,"For me New Years Day is usually a day that I reflect on the bad decisions I made the night before. Reddit, what do you regret from last night/early this morning.",2,/r/AskReddit/comments/15skkq/for_me_new_years_day_is_usually_a_day_that_i/,2013-01-01 23:17:07+00:00
15skkb,"Reddit, what is the best/easiest way to peel a hardboiled egg.",1,/r/AskReddit/comments/15skkb/reddit_what_is_the_besteasiest_way_to_peel_a/,2013-01-01 23:16:54+00:00
15skjz,"If all the states in the US went to the same high school, what clique would each state be in?",3,/r/AskReddit/comments/15skjz/if_all_the_states_in_the_us_went_to_the_same_high/,2013-01-01 23:16:49+00:00
15skj1,"Reddit, use your browsing skills and tell us what is the most downvoted post you can find?",1,/r/AskReddit/comments/15skj1/reddit_use_your_browsing_skills_and_tell_us_what/,2013-01-01 23:16:18+00:00
15skit,How can I convince my parents to let me go on a foreign exchange program to Japan for the summer?,1,/r/AskReddit/comments/15skit/how_can_i_convince_my_parents_to_let_me_go_on_a/,2013-01-01 23:16:12+00:00
15ski7,Is it time for the United States to start collecting sales tax on internet purchases?,1,/r/AskReddit/comments/15ski7/is_it_time_for_the_united_states_to_start/,2013-01-01 23:16:01+00:00
15ski0,What do you do when life gives you lemons?,3,/r/AskReddit/comments/15ski0/what_do_you_do_when_life_gives_you_lemons/,2013-01-01 23:15:57+00:00
15skhy,"If you could make a deal with the devil, what would it be? Next poster describes the unforeseen consequence of your Faustian bargain.",3,/r/AskReddit/comments/15skhy/if_you_could_make_a_deal_with_the_devil_what/,2013-01-01 23:15:57+00:00
15skhs,If you had to live as an innocent bystander in a major city in the Marvel or DC Universe which one would you live in?,2,/r/AskReddit/comments/15skhs/if_you_had_to_live_as_an_innocent_bystander_in_a/,2013-01-01 23:15:55+00:00
15skhk,What is your New Year's resolution?,1,/r/AskReddit/comments/15skhk/what_is_your_new_years_resolution/,2013-01-01 23:15:47+00:00
15skf2,"You have anything real, theoretical, or fantastical at your disposal. How would you destroy the world?",1,/r/AskReddit/comments/15skf2/you_have_anything_real_theoretical_or_fantastical/,2013-01-01 23:14:38+00:00
15skc8,What is the best piece of advice you were given when expecting your first child?,1,/r/AskReddit/comments/15skc8/what_is_the_best_piece_of_advice_you_were_given/,2013-01-01 23:13:24+00:00
15skbd,Do you consider certain types of dancing inappropriate if in a relationship?,4,/r/AskReddit/comments/15skbd/do_you_consider_certain_types_of_dancing/,2013-01-01 23:12:56+00:00
15skb9,"Police Officers, what do you think of the new Assault Weapon ban that is to be proposed soon by Feinstein? Do you think it will help?",2,/r/AskReddit/comments/15skb9/police_officers_what_do_you_think_of_the_new/,2013-01-01 23:12:54+00:00
15sk96,"Do you think that life is pointless? If not, what do you think the point is?",2,/r/AskReddit/comments/15sk96/do_you_think_that_life_is_pointless_if_not_what/,2013-01-01 23:12:05+00:00
15sk5m,"I just took a college admissions interview from UPENN as a prospective freshman. Redditors who have taken college interviews and who give them, what questions can I expect?",0,/r/AskReddit/comments/15sk5m/i_just_took_a_college_admissions_interview_from/,2013-01-01 23:10:31+00:00
15sk4t,What would society be like if only men could give birth?,0,/r/AskReddit/comments/15sk4t/what_would_society_be_like_if_only_men_could_give/,2013-01-01 23:10:14+00:00
15sk3d,"Reddit, what is the most disturbing video you can find on Youtube?",1,/r/AskReddit/comments/15sk3d/reddit_what_is_the_most_disturbing_video_you_can/,2013-01-01 23:09:28+00:00
15sk2v,"Hey redditors, what's your favorite christmas movie ?",2,/r/AskReddit/comments/15sk2v/hey_redditors_whats_your_favorite_christmas_movie/,2013-01-01 23:09:21+00:00
15sk2d,What activities our things do you keep on hand to entertain guests?,1,/r/AskReddit/comments/15sk2d/what_activities_our_things_do_you_keep_on_hand_to/,2013-01-01 23:09:06+00:00
15sk1u,Does the amount amount of advice (especially self-help) and suggestions you see on Reddit feel overwhelming to you?,0,/r/AskReddit/comments/15sk1u/does_the_amount_amount_of_advice_especially/,2013-01-01 23:08:45+00:00
15sk05,"Have you guys ever left a serious relationship for someone else? If so, how did it work out? Details...",0,/r/AskReddit/comments/15sk05/have_you_guys_ever_left_a_serious_relationship/,2013-01-01 23:07:59+00:00
15sjzt,tossing salads: why do eat salads?,1,/r/AskReddit/comments/15sjzt/tossing_salads_why_do_eat_salads/,2013-01-01 23:07:51+00:00
15sjzs,"Reddit, how do you get over a nasty breakup?",1,/r/AskReddit/comments/15sjzs/reddit_how_do_you_get_over_a_nasty_breakup/,2013-01-01 23:07:51+00:00
15sjzr,What is happening to me while I'm sleeping?,2,/r/AskReddit/comments/15sjzr/what_is_happening_to_me_while_im_sleeping/,2013-01-01 23:07:50+00:00
15sjzi,Whats an embarrassingly obvious fact you learned recently?,2333,/r/AskReddit/comments/15sjzi/whats_an_embarrassingly_obvious_fact_you_learned/,2013-01-01 23:07:43+00:00
15sjzg,What feature (realistic or not) would you add to reddit?,1,/r/AskReddit/comments/15sjzg/what_feature_realistic_or_not_would_you_add_to/,2013-01-01 23:07:41+00:00
15sjz6,How do i tell my girlfriend i want some space?,0,/r/AskReddit/comments/15sjz6/how_do_i_tell_my_girlfriend_i_want_some_space/,2013-01-01 23:07:36+00:00
15sjz3,What great stories have originated from you or someone you know being bored at work or school?,2,/r/AskReddit/comments/15sjz3/what_great_stories_have_originated_from_you_or/,2013-01-01 23:07:35+00:00
15sjxv,Can someone direct me to a post made a few weeks back - it involved a pretty cool piece of art using glass and reflected light?,0,/r/AskReddit/comments/15sjxv/can_someone_direct_me_to_a_post_made_a_few_weeks/,2013-01-01 23:07:03+00:00
15sjxo,Reddit where can I find out the origin of my last name?,1,/r/AskReddit/comments/15sjxo/reddit_where_can_i_find_out_the_origin_of_my_last/,2013-01-01 23:07:00+00:00
15sjx1,"AskReddit, how many times do you think it is possible to genuinely fall in love?",1,/r/AskReddit/comments/15sjx1/askreddit_how_many_times_do_you_think_it_is/,2013-01-01 23:06:47+00:00
15sjww,What is the most messed up thing you've seen a parent do to discipline their child?,15,/r/AskReddit/comments/15sjww/what_is_the_most_messed_up_thing_youve_seen_a/,2013-01-01 23:06:43+00:00
15sjws,DAE have a New Year's Eve party that ended with a fat naked man masturbating on a empty dance floor?,0,/r/AskReddit/comments/15sjws/dae_have_a_new_years_eve_party_that_ended_with_a/,2013-01-01 23:06:41+00:00
15sjvq,What's the most embarrassing thing you did in 2012?,9,/r/AskReddit/comments/15sjvq/whats_the_most_embarrassing_thing_you_did_in_2012/,2013-01-01 23:06:13+00:00
15sjv1,"What would be the perfect date on a budget in a city where there is'nt anything ""fun""?",2,/r/AskReddit/comments/15sjv1/what_would_be_the_perfect_date_on_a_budget_in_a/,2013-01-01 23:05:59+00:00
15sjuw,What would be the most painful way to die.,0,/r/AskReddit/comments/15sjuw/what_would_be_the_most_painful_way_to_die/,2013-01-01 23:05:52+00:00
15sjtl,What is the dumbest thing you did for love or popularity?,5,/r/AskReddit/comments/15sjtl/what_is_the_dumbest_thing_you_did_for_love_or/,2013-01-01 23:05:24+00:00
15sjt8,What's the most beautiful song that's blessed your ears?,3,/r/AskReddit/comments/15sjt8/whats_the_most_beautiful_song_thats_blessed_your/,2013-01-01 23:05:12+00:00
15sjs8,"What aspects of ""The Future"" did previous fiction correctly predict?",2,/r/AskReddit/comments/15sjs8/what_aspects_of_the_future_did_previous_fiction/,2013-01-01 23:04:49+00:00
15sjs7,"What is one thing you wish you could be remembered for/as, if only by your family and friends. Even if it isn't currently true.",0,/r/AskReddit/comments/15sjs7/what_is_one_thing_you_wish_you_could_be/,2013-01-01 23:04:49+00:00
15sjs5,"Reddit, I need some outside perspective. This is my life, what would you do with it?",0,/r/AskReddit/comments/15sjs5/reddit_i_need_some_outside_perspective_this_is_my/,2013-01-01 23:04:47+00:00
15sjs1,I recent tried audio-books and found them to be a total monstrosity. What piece of technology has been a total shitstorm for you?,0,/r/AskReddit/comments/15sjs1/i_recent_tried_audiobooks_and_found_them_to_be_a/,2013-01-01 23:04:45+00:00
15sjrq,Who do you think is the most successful individual of all time?,1,/r/AskReddit/comments/15sjrq/who_do_you_think_is_the_most_successful/,2013-01-01 23:04:38+00:00
15sjrn,"What time period would you want to go to, and why",0,/r/AskReddit/comments/15sjrn/what_time_period_would_you_want_to_go_to_and_why/,2013-01-01 23:04:37+00:00
15sjrj,Why has no one figured this out yet?,0,/r/AskReddit/comments/15sjrj/why_has_no_one_figured_this_out_yet/,2013-01-01 23:04:34+00:00
15sjqa,What animal left these tracks in the in the snow in the middle of the night in rural Central Indiana on New Years Eve?,0,/r/AskReddit/comments/15sjqa/what_animal_left_these_tracks_in_the_in_the_snow/,2013-01-01 23:03:56+00:00
15sjp9,"Reddit, what are some fun, nerdy board games that normal people would like? i.e. **Settlers of Catan**",1,/r/AskReddit/comments/15sjp9/reddit_what_are_some_fun_nerdy_board_games_that/,2013-01-01 23:03:27+00:00
15sjp0,What is the worst remake of a song you've ever heard?,2,/r/AskReddit/comments/15sjp0/what_is_the_worst_remake_of_a_song_youve_ever/,2013-01-01 23:03:22+00:00
15sjmh,"Has anyone actually did those ""Casual Encounters"" on craigslist? How did it go?",1,/r/AskReddit/comments/15sjmh/has_anyone_actually_did_those_casual_encounters/,2013-01-01 23:02:29+00:00
15sjkq,66 1/2 years old - backpay/betroactive payments on social security retirement benefits (not disability or SSI)?,0,/r/AskReddit/comments/15sjkq/66_12_years_old_backpaybetroactive_payments_on/,2013-01-01 23:01:40+00:00
15sjkd,How do you find the thesis for a book?,0,/r/AskReddit/comments/15sjkd/how_do_you_find_the_thesis_for_a_book/,2013-01-01 23:01:26+00:00
15sjif,My girlfriend allows me to rip one fart after sex without her saying anything about it. Wat weird agreements do you couples of reddit have?,0,/r/AskReddit/comments/15sjif/my_girlfriend_allows_me_to_rip_one_fart_after_sex/,2013-01-01 23:00:45+00:00
15sjha,If you were to meet a time travler what would they need to do/say to convince you they were telling the truth?,0,/r/AskReddit/comments/15sjha/if_you_were_to_meet_a_time_travler_what_would/,2013-01-01 23:00:25+00:00
15sjd5,Any clubs/groups/activities a young teenager can join online or locally (DFW area) relating to robotics or engineering?,1,/r/AskReddit/comments/15sjd5/any_clubsgroupsactivities_a_young_teenager_can/,2013-01-01 22:59:08+00:00
15sjbk,What kind of things should I be looking for when I look at my dad's boil on his ass?,0,/r/AskReddit/comments/15sjbk/what_kind_of_things_should_i_be_looking_for_when/,2013-01-01 22:58:36+00:00
15sjbg,"Reddit, what's one thing that you'd give anything to find out?",18,/r/AskReddit/comments/15sjbg/reddit_whats_one_thing_that_youd_give_anything_to/,2013-01-01 22:58:34+00:00
15sj7h,"Reddit, what are your best ways to get rid of a fever?",2,/r/AskReddit/comments/15sj7h/reddit_what_are_your_best_ways_to_get_rid_of_a/,2013-01-01 22:57:26+00:00
15sj77,What is the gas price of the nearest gas station to you?,3,/r/AskReddit/comments/15sj77/what_is_the_gas_price_of_the_nearest_gas_station/,2013-01-01 22:57:23+00:00
15sj76,"Reddit, what has been your worst experience when under/overestimating a person's age?",6,/r/AskReddit/comments/15sj76/reddit_what_has_been_your_worst_experience_when/,2013-01-01 22:57:23+00:00
15sj6k,What small change would have a massive effect for the ecosystem?,0,/r/AskReddit/comments/15sj6k/what_small_change_would_have_a_massive_effect_for/,2013-01-01 22:57:15+00:00
15sj4j,"Redditors, what talent do you possess that everyone else or society considers useless?",4,/r/AskReddit/comments/15sj4j/redditors_what_talent_do_you_possess_that/,2013-01-01 22:56:42+00:00
15sj3r,My ex and I are friends but she just asked for her stuff back. What are some times you've experienced an extreme low?,0,/r/AskReddit/comments/15sj3r/my_ex_and_i_are_friends_but_she_just_asked_for/,2013-01-01 22:56:21+00:00
15sj2h,I have struggled with severe ADD my whole life. How do you redditors with ADD deal with yours?,2,/r/AskReddit/comments/15sj2h/i_have_struggled_with_severe_add_my_whole_life/,2013-01-01 22:56:05+00:00
15sj2e,What is the funniest thing you or someone else has ever done to get kicked out of a classroom in high school?,1,/r/AskReddit/comments/15sj2e/what_is_the_funniest_thing_you_or_someone_else/,2013-01-01 22:56:04+00:00
15sj2d,"Reddit, what are some good websites to watch movies that are still in theaters?",0,/r/AskReddit/comments/15sj2d/reddit_what_are_some_good_websites_to_watch/,2013-01-01 22:56:03+00:00
15sj1h,"People of Reddit, Did you get overly drunk last night and act the fool? What did you do/say that made you cringe this morning?",1,/r/AskReddit/comments/15sj1h/people_of_reddit_did_you_get_overly_drunk_last/,2013-01-01 22:55:53+00:00
15sj1e,What's the worst text message you've accidentally sent someone?,1,/r/AskReddit/comments/15sj1e/whats_the_worst_text_message_youve_accidentally/,2013-01-01 22:55:53+00:00
15sj16,"Stupid question, but what makes a person down vote original content?",1,/r/AskReddit/comments/15sj16/stupid_question_but_what_makes_a_person_down_vote/,2013-01-01 22:55:51+00:00
15sizt,"Reddit, what are your New Years Resolutions?",0,/r/AskReddit/comments/15sizt/reddit_what_are_your_new_years_resolutions/,2013-01-01 22:55:27+00:00
15sizr,"It's 2013, what are your New Year Resolutions?",0,/r/AskReddit/comments/15sizr/its_2013_what_are_your_new_year_resolutions/,2013-01-01 22:55:25+00:00
15sizl,"Gamers of Reddit, what is something all great video games should have?",1,/r/AskReddit/comments/15sizl/gamers_of_reddit_what_is_something_all_great/,2013-01-01 22:55:20+00:00
15siyh,Parents of Reddit: What's the funniest misconception of firmly-held belief that your child has?,3,/r/AskReddit/comments/15siyh/parents_of_reddit_whats_the_funniest/,2013-01-01 22:54:57+00:00
15siy1,So I saw this on Yahoo and was wondering what people thought about it.,0,/r/AskReddit/comments/15siy1/so_i_saw_this_on_yahoo_and_was_wondering_what/,2013-01-01 22:54:49+00:00
15sixi,What makes you instantly love someone?,0,/r/AskReddit/comments/15sixi/what_makes_you_instantly_love_someone/,2013-01-01 22:54:43+00:00
15siwm,I had a one night stand with my stepbrother and am pregnant. How do I tell him? What should I do?,3,/r/AskReddit/comments/15siwm/i_had_a_one_night_stand_with_my_stepbrother_and/,2013-01-01 22:54:32+00:00
15siwc,"Has Anyone Ever Landed Their ""Dream Job""?",1,/r/AskReddit/comments/15siwc/has_anyone_ever_landed_their_dream_job/,2013-01-01 22:54:24+00:00
15siwb,Downvoted people unite! What is your opinion or viewpoint that is so unpopular here that it always gets downvoted?,0,/r/AskReddit/comments/15siwb/downvoted_people_unite_what_is_your_opinion_or/,2013-01-01 22:54:23+00:00
15siw7,"What's your New Year's Resolution, and how do you plan on sticking to it?",0,/r/AskReddit/comments/15siw7/whats_your_new_years_resolution_and_how_do_you/,2013-01-01 22:54:21+00:00
15siu5,"So Reddit, where is Waldo, really?",0,/r/AskReddit/comments/15siu5/so_reddit_where_is_waldo_really/,2013-01-01 22:53:44+00:00
15siu3,"Reddit, what lesson did you learn the hard way??",2,/r/AskReddit/comments/15siu3/reddit_what_lesson_did_you_learn_the_hard_way/,2013-01-01 22:53:42+00:00
15sisa,What seemingly big mistake had small consequences in your life?,1,/r/AskReddit/comments/15sisa/what_seemingly_big_mistake_had_small_consequences/,2013-01-01 22:52:59+00:00
15simr,"Reddit, what is the best compliment you can come up with?",3,/r/AskReddit/comments/15simr/reddit_what_is_the_best_compliment_you_can_come/,2013-01-01 22:51:21+00:00
15siml,What was your biggest success in 2012?,2,/r/AskReddit/comments/15siml/what_was_your_biggest_success_in_2012/,2013-01-01 22:51:18+00:00
15simk,"Reddit, What is one thing that annoys you that other people do?",0,/r/AskReddit/comments/15simk/reddit_what_is_one_thing_that_annoys_you_that/,2013-01-01 22:51:16+00:00
15simg,What minor things--things that most people do--still manage to get on your nerves anyways?,0,/r/AskReddit/comments/15simg/what_minor_thingsthings_that_most_people_dostill/,2013-01-01 22:51:15+00:00
15sijm,what electric shaver do you reccommend?,0,/r/AskReddit/comments/15sijm/what_electric_shaver_do_you_reccommend/,2013-01-01 22:50:38+00:00
15sije,What makes you instantly unattracted to someone?,0,/r/AskReddit/comments/15sije/what_makes_you_instantly_unattracted_to_someone/,2013-01-01 22:50:33+00:00
15siig,What's your best new years eve story?,3,/r/AskReddit/comments/15siig/whats_your_best_new_years_eve_story/,2013-01-01 22:50:18+00:00
15sihc,"Reddit, do you prefer browsing the internet on your mobile device or in the comfort of a desktop with mouse?",2,/r/AskReddit/comments/15sihc/reddit_do_you_prefer_browsing_the_internet_on/,2013-01-01 22:49:51+00:00
15sih5,"Reddit, what are some of the 'tech-savvy' movies you've watched when your BS meter shot up?",1,/r/AskReddit/comments/15sih5/reddit_what_are_some_of_the_techsavvy_movies/,2013-01-01 22:49:42+00:00
15sigy,"I wipe my bum standing up. Reddit, what are some things you do that other people find strange?",1,/r/AskReddit/comments/15sigy/i_wipe_my_bum_standing_up_reddit_what_are_some/,2013-01-01 22:49:38+00:00
15sigd,How do I explain evolution to kids?,9,/r/AskReddit/comments/15sigd/how_do_i_explain_evolution_to_kids/,2013-01-01 22:49:23+00:00
15sifp,"""Attractive"" people of reddit who typically get a lot of positive attention from being attractive, how do you handle this type of attention?",0,/r/AskReddit/comments/15sifp/attractive_people_of_reddit_who_typically_get_a/,2013-01-01 22:49:00+00:00
15sifl,What did you do to get detention in high school?,5,/r/AskReddit/comments/15sifl/what_did_you_do_to_get_detention_in_high_school/,2013-01-01 22:48:59+00:00
15sifj,When was the first time you kissed a girl?,0,/r/AskReddit/comments/15sifj/when_was_the_first_time_you_kissed_a_girl/,2013-01-01 22:48:56+00:00
15sie4,Which celebrities do you think are most likely to die in 2013?,0,/r/AskReddit/comments/15sie4/which_celebrities_do_you_think_are_most_likely_to/,2013-01-01 22:48:22+00:00
15sidr,Does anybody know how to recover deleted photos?,1,/r/AskReddit/comments/15sidr/does_anybody_know_how_to_recover_deleted_photos/,2013-01-01 22:48:15+00:00
15side,"Dear Reddit, what is the impact of no more twinkies to your lives?",0,/r/AskReddit/comments/15side/dear_reddit_what_is_the_impact_of_no_more/,2013-01-01 22:48:02+00:00
15sibm,What's something that was easy when you were young but became harder the older you became?,1,/r/AskReddit/comments/15sibm/whats_something_that_was_easy_when_you_were_young/,2013-01-01 22:47:21+00:00
15sia7,"Reddit, my balls itch, what's bothering you today?",0,/r/AskReddit/comments/15sia7/reddit_my_balls_itch_whats_bothering_you_today/,2013-01-01 22:46:54+00:00
15si9c,What object do you immediately think of when you think of your favorite color?,2,/r/AskReddit/comments/15si9c/what_object_do_you_immediately_think_of_when_you/,2013-01-01 22:46:31+00:00
15si94,What is a good site for watching videos (besides YouTube),1,/r/AskReddit/comments/15si94/what_is_a_good_site_for_watching_videos_besides/,2013-01-01 22:46:24+00:00
15si7h,"What's the best way to teach languages to someone who speaks no language, without interaction?",1,/r/AskReddit/comments/15si7h/whats_the_best_way_to_teach_languages_to_someone/,2013-01-01 22:45:34+00:00
15si6i,"Men of reddit what was the moment where you said ""i love that girl and I'm going to marry her""?",0,/r/AskReddit/comments/15si6i/men_of_reddit_what_was_the_moment_where_you_said/,2013-01-01 22:45:08+00:00
15si56,"Reddit, what was your best decision of 2012",0,/r/AskReddit/comments/15si56/reddit_what_was_your_best_decision_of_2012/,2013-01-01 22:44:30+00:00
15si32,How does one survive in prison?,11,/r/AskReddit/comments/15si32/how_does_one_survive_in_prison/,2013-01-01 22:43:33+00:00
15si2u,I spent 2012 only wearing plain black tshirts and blue jeans. Have you ever devoted an extended period of time to something silly?,1,/r/AskReddit/comments/15si2u/i_spent_2012_only_wearing_plain_black_tshirts_and/,2013-01-01 22:43:29+00:00
15si2n,What's your favourite nude scene in a movie? NSFW,0,/r/AskReddit/comments/15si2n/whats_your_favourite_nude_scene_in_a_movie_nsfw/,2013-01-01 22:43:21+00:00
15si2m,"On the opposite side, what were your best decisions of 2012?",0,/r/AskReddit/comments/15si2m/on_the_opposite_side_what_were_your_best/,2013-01-01 22:43:20+00:00
15si1y,"Reddit, how crazy or not crazy was your New Years celebration?",0,/r/AskReddit/comments/15si1y/reddit_how_crazy_or_not_crazy_was_your_new_years/,2013-01-01 22:43:06+00:00
15si1s,"What's the dumbest idea you ever heard, but turned out to be pretty smart once you thought about it",2,/r/AskReddit/comments/15si1s/whats_the_dumbest_idea_you_ever_heard_but_turned/,2013-01-01 22:43:01+00:00
15si1r,"So long 2012, hello 2013: Now that New Year's Eve is over what is your biggest regret/mistake/story from last night?",0,/r/AskReddit/comments/15si1r/so_long_2012_hello_2013_now_that_new_years_eve_is/,2013-01-01 22:43:01+00:00
15si0d,Why is it so hard to only eat 1 pistachio?,5,/r/AskReddit/comments/15si0d/why_is_it_so_hard_to_only_eat_1_pistachio/,2013-01-01 22:42:19+00:00
15shws,2012 is now over: what's one sentence that would baffle someone from the end of 2011?,2,/r/AskReddit/comments/15shws/2012_is_now_over_whats_one_sentence_that_would/,2013-01-01 22:40:35+00:00
15shtu,What hilarious thing happened to you at Midnight on New Years?,0,/r/AskReddit/comments/15shtu/what_hilarious_thing_happened_to_you_at_midnight/,2013-01-01 22:39:13+00:00
15shtk,Alrighty! So what is your 2013 New Year's resolution?,0,/r/AskReddit/comments/15shtk/alrighty_so_what_is_your_2013_new_years_resolution/,2013-01-01 22:39:06+00:00
15shrl,Why does everything I love get ruined?,0,/r/AskReddit/comments/15shrl/why_does_everything_i_love_get_ruined/,2013-01-01 22:38:13+00:00
15shqo,What's something that grinds your gears everyday?,0,/r/AskReddit/comments/15shqo/whats_something_that_grinds_your_gears_everyday/,2013-01-01 22:37:49+00:00
15shq7,"Reddit, what are some cheap ways to spruce up a college guy's apartment.",10,/r/AskReddit/comments/15shq7/reddit_what_are_some_cheap_ways_to_spruce_up_a/,2013-01-01 22:37:37+00:00
15shpz,"Females of Reddit, a guy your flirting with at a party drops his wallet and out falls a condom. What is your first reaction?",0,/r/AskReddit/comments/15shpz/females_of_reddit_a_guy_your_flirting_with_at_a/,2013-01-01 22:37:30+00:00
15shpv,what was the worst thing you've done to break somebody's heart?,2,/r/AskReddit/comments/15shpv/what_was_the_worst_thing_youve_done_to_break/,2013-01-01 22:37:27+00:00
15shnz,What do you find to be the most obnoxious subreddit?,0,/r/AskReddit/comments/15shnz/what_do_you_find_to_be_the_most_obnoxious/,2013-01-01 22:36:39+00:00
15shnp,How much emergency money do you people be keeping in your house and where you be keeping it?,0,/r/AskReddit/comments/15shnp/how_much_emergency_money_do_you_people_be_keeping/,2013-01-01 22:36:34+00:00
15shne,"What's a word you've been using your entire life, only to find out it's not a real word?",7,/r/AskReddit/comments/15shne/whats_a_word_youve_been_using_your_entire_life/,2013-01-01 22:36:26+00:00
15shn6,"Taxi drivers of Reddit, what is the weirdest thing you have had happen/heard in your cab?",4,/r/AskReddit/comments/15shn6/taxi_drivers_of_reddit_what_is_the_weirdest_thing/,2013-01-01 22:36:22+00:00
15shks,What makes you horny? Any stories to go with that?,0,/r/AskReddit/comments/15shks/what_makes_you_horny_any_stories_to_go_with_that/,2013-01-01 22:35:25+00:00
15shho,"Our media all told us that the Olympics opening ceremony was an unmitigated success. Non-British Redditors, what did you think?",1,/r/AskReddit/comments/15shho/our_media_all_told_us_that_the_olympics_opening/,2013-01-01 22:34:11+00:00
15shhi,Where can I buy this PC and how much is it?,0,/r/AskReddit/comments/15shhi/where_can_i_buy_this_pc_and_how_much_is_it/,2013-01-01 22:34:10+00:00
15shf9,My mother can't stop talking about the iPhone compass; what are some cooler apps she could get?,0,/r/AskReddit/comments/15shf9/my_mother_cant_stop_talking_about_the_iphone/,2013-01-01 22:33:15+00:00
15sheu,What is one thing kids do that make you want to bitch slap their parents?,1,/r/AskReddit/comments/15sheu/what_is_one_thing_kids_do_that_make_you_want_to/,2013-01-01 22:33:03+00:00
15shdu,What song really means something to you?,0,/r/AskReddit/comments/15shdu/what_song_really_means_something_to_you/,2013-01-01 22:32:36+00:00
15shdf,Enough with the fuck ups and the regrets. Reddit what was your best desicion in 2012?,1,/r/AskReddit/comments/15shdf/enough_with_the_fuck_ups_and_the_regrets_reddit/,2013-01-01 22:32:26+00:00
15shc5,"What thing, that you do everyday satisfies you the most?",4,/r/AskReddit/comments/15shc5/what_thing_that_you_do_everyday_satisfies_you_the/,2013-01-01 22:31:59+00:00
15shav,What is your interpretation of your reddit history?,0,/r/AskReddit/comments/15shav/what_is_your_interpretation_of_your_reddit_history/,2013-01-01 22:31:33+00:00
15shan,"What is your favorite program on your computer, aside from your internet browser?",3,/r/AskReddit/comments/15shan/what_is_your_favorite_program_on_your_computer/,2013-01-01 22:31:26+00:00
15sha4,"If everyone in the US decides not to buy gasoline on a particular day, would gas prices actually drop?",0,/r/AskReddit/comments/15sha4/if_everyone_in_the_us_decides_not_to_buy_gasoline/,2013-01-01 22:31:16+00:00
15sh9z,What is the best documentary you have seen?,2,/r/AskReddit/comments/15sh9z/what_is_the_best_documentary_you_have_seen/,2013-01-01 22:31:13+00:00
15sh9l,"NPR recently covered a story about the science of disgust. Reddit, what grosses you out and why?",5,/r/AskReddit/comments/15sh9l/npr_recently_covered_a_story_about_the_science_of/,2013-01-01 22:30:58+00:00
15sh8j,"Reddit, my friend needs help raising $5k for his Senior Thesis short film 'THE VOID'. Can anyone help him out a bit?",1,/r/AskReddit/comments/15sh8j/reddit_my_friend_needs_help_raising_5k_for_his/,2013-01-01 22:30:34+00:00
15sh8f,What is the red mold in my shower?,2,/r/AskReddit/comments/15sh8f/what_is_the_red_mold_in_my_shower/,2013-01-01 22:30:32+00:00
15sh4k,"Psychologists of Reddit, what are some misrepresented ""facts"" people are wrong about?",18,/r/AskReddit/comments/15sh4k/psychologists_of_reddit_what_are_some/,2013-01-01 22:28:46+00:00
15sh2r,"What counts as ""one upping"" someone?",1,/r/AskReddit/comments/15sh2r/what_counts_as_one_upping_someone/,2013-01-01 22:27:58+00:00
15sh1j,"Hey Reddit, I have my first official job interview tomorrow. What's you're most embarrassing job/job interview story?",1,/r/AskReddit/comments/15sh1j/hey_reddit_i_have_my_first_official_job_interview/,2013-01-01 22:27:36+00:00
15sh18,Dear Reddit - what are your New Year Resolutions for 2013? (and I will repost this link in 6 MONTHS so you can COMMENT on your original post whether or not you kept it!!),1,/r/AskReddit/comments/15sh18/dear_reddit_what_are_your_new_year_resolutions/,2013-01-01 22:27:26+00:00
15sgzz,What is the worst thing to happen to you that you fully deserved?,2,/r/AskReddit/comments/15sgzz/what_is_the_worst_thing_to_happen_to_you_that_you/,2013-01-01 22:26:57+00:00
15sgxv,"Without giving ANY context, what is your most upvoted comment ever?",8,/r/AskReddit/comments/15sgxv/without_giving_any_context_what_is_your_most/,2013-01-01 22:26:07+00:00
15sgxg,How can I tell a housemate of mine to quit possessing/doing drugs in my house?,1,/r/AskReddit/comments/15sgxg/how_can_i_tell_a_housemate_of_mine_to_quit/,2013-01-01 22:25:50+00:00
15sgvs,What is the simplest thing you do that makes you happy?,3,/r/AskReddit/comments/15sgvs/what_is_the_simplest_thing_you_do_that_makes_you/,2013-01-01 22:24:54+00:00
15sgup,what well established fact did you used to be skeptical of? i'll start.,2,/r/AskReddit/comments/15sgup/what_well_established_fact_did_you_used_to_be/,2013-01-01 22:24:15+00:00
15sgsy,Women of Reddit. What are some of the 'basics' of sex that most men seem to get wrong?,1150,/r/AskReddit/comments/15sgsy/women_of_reddit_what_are_some_of_the_basics_of/,2013-01-01 22:23:26+00:00
15sgsn,"Hypothetically, what's your plan to literally kill someone with kindness?",5,/r/AskReddit/comments/15sgsn/hypothetically_whats_your_plan_to_literally_kill/,2013-01-01 22:23:23+00:00
15sgse,"Married redditors, or redditors in long term relationships - what is the best anniversary gift you have ever received or given?",3,/r/AskReddit/comments/15sgse/married_redditors_or_redditors_in_long_term/,2013-01-01 22:23:16+00:00
15sgr6,What is the strangest twist in porn that you've ever seen?,9,/r/AskReddit/comments/15sgr6/what_is_the_strangest_twist_in_porn_that_youve/,2013-01-01 22:22:46+00:00
15sgql,"Redditors, have you ever had sex in your parent's bedroom/bed? If so, why?",0,/r/AskReddit/comments/15sgql/redditors_have_you_ever_had_sex_in_your_parents/,2013-01-01 22:22:29+00:00
15sgqk,If you had to come up with a week long trip for a non-American in America what would it be?,2,/r/AskReddit/comments/15sgqk/if_you_had_to_come_up_with_a_week_long_trip_for_a/,2013-01-01 22:22:29+00:00
15sgpg,What is the best subreddit to post pics of my room?,0,/r/AskReddit/comments/15sgpg/what_is_the_best_subreddit_to_post_pics_of_my_room/,2013-01-01 22:21:56+00:00
15sgna,"Where, when, and how is the most respectful way to end a relationship?",6,/r/AskReddit/comments/15sgna/where_when_and_how_is_the_most_respectful_way_to/,2013-01-01 22:21:09+00:00
15sgn8,I work for a small business that sells used electronics on eBay. How can I make the process of listing numerous similar (but not identical) items more efficient?,2,/r/AskReddit/comments/15sgn8/i_work_for_a_small_business_that_sells_used/,2013-01-01 22:21:09+00:00
15sgmv,What are some Redditers views on Tumblr and 9gag?,0,/r/AskReddit/comments/15sgmv/what_are_some_redditers_views_on_tumblr_and_9gag/,2013-01-01 22:21:00+00:00
15sglr,U.S citizens: What do you think our government is hiding from us?,1,/r/AskReddit/comments/15sglr/us_citizens_what_do_you_think_our_government_is/,2013-01-01 22:20:33+00:00
15sgl3,"How would you lead your life differently if you discovered that you were Immortal? Similarly, what would you do if you knew you would die tomorrow?",2,/r/AskReddit/comments/15sgl3/how_would_you_lead_your_life_differently_if_you/,2013-01-01 22:20:14+00:00
15sgk4,"Reddit, what are some of the stupidest major projects you've been given?",2,/r/AskReddit/comments/15sgk4/reddit_what_are_some_of_the_stupidest_major/,2013-01-01 22:19:51+00:00
15sgin,What was your greatest success of 2012?,0,/r/AskReddit/comments/15sgin/what_was_your_greatest_success_of_2012/,2013-01-01 22:19:20+00:00
15sgij,"Reddit, what is the weirdest question you've ever been asked?",1,/r/AskReddit/comments/15sgij/reddit_what_is_the_weirdest_question_youve_ever/,2013-01-01 22:19:19+00:00
15sggd,"Conversely, what was your one greatest achievement of 2013?",0,/r/AskReddit/comments/15sggd/conversely_what_was_your_one_greatest_achievement/,2013-01-01 22:18:09+00:00
15sggc,"Reddit, what's your New Year's Resolution?",0,/r/AskReddit/comments/15sggc/reddit_whats_your_new_years_resolution/,2013-01-01 22:18:07+00:00
15sgfb,Any accomplishments of 2013 so far?,0,/r/AskReddit/comments/15sgfb/any_accomplishments_of_2013_so_far/,2013-01-01 22:17:37+00:00
15sged,What were your past New Years Resolutions goals and how were you able to stick with them in the past?,0,/r/AskReddit/comments/15sged/what_were_your_past_new_years_resolutions_goals/,2013-01-01 22:17:17+00:00
15sgcr,"Wait, what are Q-tips supposed to be used for if not to clean your ears?",1,/r/AskReddit/comments/15sgcr/wait_what_are_qtips_supposed_to_be_used_for_if/,2013-01-01 22:16:38+00:00
15sgcp,"Reddit, what two celebrities or famous people do you often get mixed up as being each other?",6,/r/AskReddit/comments/15sgcp/reddit_what_two_celebrities_or_famous_people_do/,2013-01-01 22:16:38+00:00
15sga8,"Reddit, what kind of person is drunk you, and how do you feel about him/her?",2,/r/AskReddit/comments/15sga8/reddit_what_kind_of_person_is_drunk_you_and_how/,2013-01-01 22:15:22+00:00
15sg9t,"If we combined ALL the currency in the world, and evened it all out (in U.S currency) how much money would each human on this planet have equally? Would it be enough to support an average family?",0,/r/AskReddit/comments/15sg9t/if_we_combined_all_the_currency_in_the_world_and/,2013-01-01 22:15:14+00:00
15sg9q,Would you feel more comfortable posting your face or your naked body(no face) on the Internet?,0,/r/AskReddit/comments/15sg9q/would_you_feel_more_comfortable_posting_your_face/,2013-01-01 22:15:12+00:00
15sg8y,What makes your city/town infamous? What secrets/taboo things are known but not talked about in your home city?,268,/r/AskReddit/comments/15sg8y/what_makes_your_citytown_infamous_what/,2013-01-01 22:14:44+00:00
15sg7f,What's the stupidest thing you've ever done as a kid?,3,/r/AskReddit/comments/15sg7f/whats_the_stupidest_thing_youve_ever_done_as_a_kid/,2013-01-01 22:13:58+00:00
15sg6x,I'm starving. What can I make in the kitchen in less than 10 minutes?,0,/r/AskReddit/comments/15sg6x/im_starving_what_can_i_make_in_the_kitchen_in/,2013-01-01 22:13:43+00:00
15sg63,Where can you watch the rose bowl online?,2,/r/AskReddit/comments/15sg63/where_can_you_watch_the_rose_bowl_online/,2013-01-01 22:13:22+00:00
15sg59,"In 1950's the quote ""under GOD"" was added to the pledge of allegiance and is causing a huge stir. What do you guys see 50 years from now that will cause an equal or greater stir in society?",0,/r/AskReddit/comments/15sg59/in_1950s_the_quote_under_god_was_added_to_the/,2013-01-01 22:12:58+00:00
15sg3y,What does a good death mean to you?,2,/r/AskReddit/comments/15sg3y/what_does_a_good_death_mean_to_you/,2013-01-01 22:12:13+00:00
15sg3w,"Dear Reddit, please teach me how to give great blowjobs without getting tired.",2,/r/AskReddit/comments/15sg3w/dear_reddit_please_teach_me_how_to_give_great/,2013-01-01 22:12:12+00:00
15sg38,"Reddit, what's the most terrible thing you've ever done?",1,/r/AskReddit/comments/15sg38/reddit_whats_the_most_terrible_thing_youve_ever/,2013-01-01 22:11:50+00:00
15sg2y,"Reddit, I enjoy writing raps where could I post them as to not annoy people who aren't trying to see/read them?",3,/r/AskReddit/comments/15sg2y/reddit_i_enjoy_writing_raps_where_could_i_post/,2013-01-01 22:11:39+00:00
15sg1p,What essential reading do you keep by the toilet?,1,/r/AskReddit/comments/15sg1p/what_essential_reading_do_you_keep_by_the_toilet/,2013-01-01 22:11:07+00:00
15sg1j,"What is the most beautiful song you have ever heard, and why?",13,/r/AskReddit/comments/15sg1j/what_is_the_most_beautiful_song_you_have_ever/,2013-01-01 22:11:03+00:00
15sg0f,What is the most outrageous thing you've witnessed in person?,3,/r/AskReddit/comments/15sg0f/what_is_the_most_outrageous_thing_youve_witnessed/,2013-01-01 22:10:34+00:00
15sg00,What is the music that makes you feel awesome ?,0,/r/AskReddit/comments/15sg00/what_is_the_music_that_makes_you_feel_awesome/,2013-01-01 22:10:28+00:00
15sfzw,"If you could, would you spring upon and mercilessly beat the nearest idiot who would ask a ""Zombie Apocalypse"" question?",3,/r/AskReddit/comments/15sfzw/if_you_could_would_you_spring_upon_and/,2013-01-01 22:10:26+00:00
15sfyh,How old would you be if you didn't know how old you are?,2,/r/AskReddit/comments/15sfyh/how_old_would_you_be_if_you_didnt_know_how_old/,2013-01-01 22:09:47+00:00
15sfx5,What are the reasons you down vote a post?,2,/r/AskReddit/comments/15sfx5/what_are_the_reasons_you_down_vote_a_post/,2013-01-01 22:09:05+00:00
15sfx4,"Reddit, what is one crazy myth people believe about your country that isn't actually true?",11,/r/AskReddit/comments/15sfx4/reddit_what_is_one_crazy_myth_people_believe/,2013-01-01 22:09:04+00:00
15sfwi,What are your New Year's resolutions?,0,/r/AskReddit/comments/15sfwi/what_are_your_new_years_resolutions/,2013-01-01 22:08:53+00:00
15sfuy,Cops of Reddit: What was the most interesting call you have ever been put out on?,6,/r/AskReddit/comments/15sfuy/cops_of_reddit_what_was_the_most_interesting_call/,2013-01-01 22:08:17+00:00
15sfuc,"Restaurant owners of reddit, what are some difficulties of owning and operating a restaurant?",1,/r/AskReddit/comments/15sfuc/restaurant_owners_of_reddit_what_are_some/,2013-01-01 22:07:55+00:00
15sfu8,What can I do to make me want to use my iPad more?,0,/r/AskReddit/comments/15sfu8/what_can_i_do_to_make_me_want_to_use_my_ipad_more/,2013-01-01 22:07:48+00:00
15sftw,"My friend's sister died at a party last night and I'm not sure what to do about it. Reddit, how have you dealt with the aftermath of a party gone horribly wrong?",13,/r/AskReddit/comments/15sftw/my_friends_sister_died_at_a_party_last_night_and/,2013-01-01 22:07:40+00:00
15sft7,What happened that one time at the arcade?,1,/r/AskReddit/comments/15sft7/what_happened_that_one_time_at_the_arcade/,2013-01-01 22:07:20+00:00
15sft0,I sometimes like to cover myself in baby oil then lay in my garden and pretend to be a slug. Is this normal?,1,/r/AskReddit/comments/15sft0/i_sometimes_like_to_cover_myself_in_baby_oil_then/,2013-01-01 22:07:18+00:00
15sfsv,What's the cheapest way to ship something?,2,/r/AskReddit/comments/15sfsv/whats_the_cheapest_way_to_ship_something/,2013-01-01 22:07:15+00:00
15sfsn,Backpackers and travelers of reddit. I would like to travel the world. Any advice?,1,/r/AskReddit/comments/15sfsn/backpackers_and_travelers_of_reddit_i_would_like/,2013-01-01 22:07:10+00:00
15sfsc,"To all of you who routinely say ""Happy New Years""...why do you make it plural?",0,/r/AskReddit/comments/15sfsc/to_all_of_you_who_routinely_say_happy_new/,2013-01-01 22:07:06+00:00
15sfs9,"Redditors that are Hackers, where did you learn to hack, and what are some of your best hacking stories?",3,/r/AskReddit/comments/15sfs9/redditors_that_are_hackers_where_did_you_learn_to/,2013-01-01 22:07:05+00:00
15sfs5,"Reddit Celebrity Deadpool 2013, Which famous persons do you think will pass this year?",2,/r/AskReddit/comments/15sfs5/reddit_celebrity_deadpool_2013_which_famous/,2013-01-01 22:07:03+00:00
15sfqn,"Veterans of Reddit, what documentaries about Iraq/Afghanistan are the most accurate?",2,/r/AskReddit/comments/15sfqn/veterans_of_reddit_what_documentaries_about/,2013-01-01 22:06:16+00:00
15sfq8,What's the most embarrassing thing you've had to go to the hospital for?,11,/r/AskReddit/comments/15sfq8/whats_the_most_embarrassing_thing_youve_had_to_go/,2013-01-01 22:06:04+00:00
15sfq4,Will melatonin still work at night if you take a midday nap?,4,/r/AskReddit/comments/15sfq4/will_melatonin_still_work_at_night_if_you_take_a/,2013-01-01 22:06:02+00:00
15sfpq,"College Grads, how hard do i have to try in high school math? It's not like i'm ever going to have to use it...",0,/r/AskReddit/comments/15sfpq/college_grads_how_hard_do_i_have_to_try_in_high/,2013-01-01 22:05:52+00:00
15sfpi,What do you cook/eat everyday ? I have been cooking last one week and running out of options.,1,/r/AskReddit/comments/15sfpi/what_do_you_cookeat_everyday_i_have_been_cooking/,2013-01-01 22:05:47+00:00
15sfoy,"Veterinarians, EMT's, and every other form of Doctor on reddit: What's the most memorable thing a person has said or done to thank you for your work?",3,/r/AskReddit/comments/15sfoy/veterinarians_emts_and_every_other_form_of_doctor/,2013-01-01 22:05:36+00:00
15sfog,Year is over. What piece of entertainment are you most looking forward to in the upcoming year?,1,/r/AskReddit/comments/15sfog/year_is_over_what_piece_of_entertainment_are_you/,2013-01-01 22:05:24+00:00
15sfob,"Reddit, what is your favorite cologne or perfume?",2,/r/AskReddit/comments/15sfob/reddit_what_is_your_favorite_cologne_or_perfume/,2013-01-01 22:05:19+00:00
15sfo5,"What makes you downvote (or upvote) comments,pics, posts, etc?",0,/r/AskReddit/comments/15sfo5/what_makes_you_downvote_or_upvote_commentspics/,2013-01-01 22:05:15+00:00
15sfla,Do you think early humans trimmed their nails?,2,/r/AskReddit/comments/15sfla/do_you_think_early_humans_trimmed_their_nails/,2013-01-01 22:04:04+00:00
15sfkt,"Ever recognised someone you know in a porno? If so, did you confront them?",0,/r/AskReddit/comments/15sfkt/ever_recognised_someone_you_know_in_a_porno_if_so/,2013-01-01 22:03:50+00:00
15sfk4,"Reddit, What Are Some Small Methods You've Discovered for Making Chores/Housework More Efficient?",0,/r/AskReddit/comments/15sfk4/reddit_what_are_some_small_methods_youve/,2013-01-01 22:03:29+00:00
15sfjm,2013 is here! What is your wildest new years eve story?,2,/r/AskReddit/comments/15sfjm/2013_is_here_what_is_your_wildest_new_years_eve/,2013-01-01 22:03:17+00:00
15sfit,What was really popular on Reddit when you first found the site?,6,/r/AskReddit/comments/15sfit/what_was_really_popular_on_reddit_when_you_first/,2013-01-01 22:02:55+00:00
15sfhl,What is the most reprehensible thing you've ever done that you also do not regret?,8,/r/AskReddit/comments/15sfhl/what_is_the_most_reprehensible_thing_youve_ever/,2013-01-01 22:02:22+00:00
15sfhk,What kind of charges/consequences occur when you survive a suicide attempt?,1,/r/AskReddit/comments/15sfhk/what_kind_of_chargesconsequences_occur_when_you/,2013-01-01 22:02:21+00:00
15sfh4,What's the largest amount if drugs you've personally seen?,2,/r/AskReddit/comments/15sfh4/whats_the_largest_amount_if_drugs_youve/,2013-01-01 22:02:08+00:00
15sfch,Has anyone here ever revisited their childhood home? What was the experience like?,1,/r/AskReddit/comments/15sfch/has_anyone_here_ever_revisited_their_childhood/,2013-01-01 22:00:03+00:00
15sfc4,I found out it's been 18 years since Scar killed Mufasa. How did you realize you're getting old?,2,/r/AskReddit/comments/15sfc4/i_found_out_its_been_18_years_since_scar_killed/,2013-01-01 21:59:50+00:00
15sfa4,What is the best non-chunky salsa I can buy?,0,/r/AskReddit/comments/15sfa4/what_is_the_best_nonchunky_salsa_i_can_buy/,2013-01-01 21:59:01+00:00
15sf9y,"Best ""I'm sorry, also thanks"" gift?",1,/r/AskReddit/comments/15sf9y/best_im_sorry_also_thanks_gift/,2013-01-01 21:58:54+00:00
15sf9t,"Parents of Reddit, are you proud of your kids?",0,/r/AskReddit/comments/15sf9t/parents_of_reddit_are_you_proud_of_your_kids/,2013-01-01 21:58:47+00:00
15sf9d,The object to your left is now your weapon in a Zombie Apocalypse. How screwed are you?,0,/r/AskReddit/comments/15sf9d/the_object_to_your_left_is_now_your_weapon_in_a/,2013-01-01 21:58:38+00:00
15sf97,Will 3D printing revolutionize sex toys similar to VHS' impact on adult movies?,0,/r/AskReddit/comments/15sf97/will_3d_printing_revolutionize_sex_toys_similar/,2013-01-01 21:58:32+00:00
15sf8y,"So how did you start 2013, Reddit?",2,/r/AskReddit/comments/15sf8y/so_how_did_you_start_2013_reddit/,2013-01-01 21:58:27+00:00
15sf73,What does the gang rape of a woman in India say about India's patriacal society and unequality of women?,0,/r/AskReddit/comments/15sf73/what_does_the_gang_rape_of_a_woman_in_india_say/,2013-01-01 21:57:30+00:00
15sf62,"Reddit, how did you fall in love?",2,/r/AskReddit/comments/15sf62/reddit_how_did_you_fall_in_love/,2013-01-01 21:57:06+00:00
15sf5v,How different would your relationship be with your pets if they turned into humans?,1,/r/AskReddit/comments/15sf5v/how_different_would_your_relationship_be_with/,2013-01-01 21:57:03+00:00
15sf50,What is your criteria for handing out downvotes?,2,/r/AskReddit/comments/15sf50/what_is_your_criteria_for_handing_out_downvotes/,2013-01-01 21:56:41+00:00
15sf4f,"Pawn shop and Gold and Silver shop workers, what is the worst customer story that you still to this day think about?",1,/r/AskReddit/comments/15sf4f/pawn_shop_and_gold_and_silver_shop_workers_what/,2013-01-01 21:56:25+00:00
15sf42,What is the stupidest joke you've ever heard?,0,/r/AskReddit/comments/15sf42/what_is_the_stupidest_joke_youve_ever_heard/,2013-01-01 21:56:14+00:00
15sf3m,What is your New Years Resolution?,0,/r/AskReddit/comments/15sf3m/what_is_your_new_years_resolution/,2013-01-01 21:56:00+00:00
15sf3d,What are some of the most embarrassing and shameful things you've done for Karma?,0,/r/AskReddit/comments/15sf3d/what_are_some_of_the_most_embarrassing_and/,2013-01-01 21:55:55+00:00
15sf2y,"Reddit, how's your year starting out?",3,/r/AskReddit/comments/15sf2y/reddit_hows_your_year_starting_out/,2013-01-01 21:55:44+00:00
15sf2w,"From the post, What is your biggest fuck up in 2012?: How will you make 2013 a better year for yourself or others?",0,/r/AskReddit/comments/15sf2w/from_the_post_what_is_your_biggest_fuck_up_in/,2013-01-01 21:55:41+00:00
15sf0g,Need someone with knowledge of Wells Fargo bank accounts. Whats happening with mine?,1,/r/AskReddit/comments/15sf0g/need_someone_with_knowledge_of_wells_fargo_bank/,2013-01-01 21:54:29+00:00
15seye,Do you have any food aversions/phobias that others find strange/funny?,6,/r/AskReddit/comments/15seye/do_you_have_any_food_aversionsphobias_that_others/,2013-01-01 21:53:39+00:00
15sey1,What's your favorite alcoholic drink and how do you prepare it?,0,/r/AskReddit/comments/15sey1/whats_your_favorite_alcoholic_drink_and_how_do/,2013-01-01 21:53:34+00:00
15sex7,Have you found any signs from a person's looks or personality that give you an accurate idea of what they'll be like in bed? What about signs that have given you the totally wrong idea?,3,/r/AskReddit/comments/15sex7/have_you_found_any_signs_from_a_persons_looks_or/,2013-01-01 21:53:07+00:00
15sewr,what's the best phone you can get for verizon (no iphone),1,/r/AskReddit/comments/15sewr/whats_the_best_phone_you_can_get_for_verizon_no/,2013-01-01 21:52:51+00:00
15sewd,Food Servers of Reddit: What is the most random conversation you've stumbled upon while serving?,3,/r/AskReddit/comments/15sewd/food_servers_of_reddit_what_is_the_most_random/,2013-01-01 21:52:42+00:00
15seug,"Reddit, what is your biggest pet peeve?",0,/r/AskReddit/comments/15seug/reddit_what_is_your_biggest_pet_peeve/,2013-01-01 21:51:50+00:00
15seu1,"We all make bad choices. Reddit, what was your BEST decision of 2012?",2,/r/AskReddit/comments/15seu1/we_all_make_bad_choices_reddit_what_was_your_best/,2013-01-01 21:51:47+00:00
15seto,What commercial has legitimately convinced you to buy the product it was selling?,11,/r/AskReddit/comments/15seto/what_commercial_has_legitimately_convinced_you_to/,2013-01-01 21:51:38+00:00
15seso,"Reddit, you can only play one video game for the rest of your days. What game do you pick and why?",2,/r/AskReddit/comments/15seso/reddit_you_can_only_play_one_video_game_for_the/,2013-01-01 21:51:12+00:00
15ses9,What is something that most people often do that you rarely or never do?,2,/r/AskReddit/comments/15ses9/what_is_something_that_most_people_often_do_that/,2013-01-01 21:51:00+00:00
15sery,How you describe Reddit to someone in a short and simple way?,1,/r/AskReddit/comments/15sery/how_you_describe_reddit_to_someone_in_a_short_and/,2013-01-01 21:50:55+00:00
15serl,What was your most up voted comment in 2012?,4,/r/AskReddit/comments/15serl/what_was_your_most_up_voted_comment_in_2012/,2013-01-01 21:50:47+00:00
15sepa,What advice would you give to a guy who grew up without a father?,1,/r/AskReddit/comments/15sepa/what_advice_would_you_give_to_a_guy_who_grew_up/,2013-01-01 21:49:56+00:00
15sep2,"If you had a device that could stop and start time, what would you do with it? (questions inspired by a Twilight Zone episode)",2,/r/AskReddit/comments/15sep2/if_you_had_a_device_that_could_stop_and_start/,2013-01-01 21:49:51+00:00
15seor,"Just made a subreddit yesterday, but I'm going to give you guys the power to choose what this subreddit should be about. What would you want this subreddit to be about?",0,/r/AskReddit/comments/15seor/just_made_a_subreddit_yesterday_but_im_going_to/,2013-01-01 21:49:41+00:00
15semd,Do you know anyone who was convinced Dec 21 2012 was the end of the world? How are they dealing with being wrong?,0,/r/AskReddit/comments/15semd/do_you_know_anyone_who_was_convinced_dec_21_2012/,2013-01-01 21:48:25+00:00
15selu,"Reddit, have you had plastic(cosmetic) surgery? What made you do it?",2,/r/AskReddit/comments/15selu/reddit_have_you_had_plasticcosmetic_surgery_what/,2013-01-01 21:48:14+00:00
15sekt,What is the biggest lie you have ever told yourself?,5,/r/AskReddit/comments/15sekt/what_is_the_biggest_lie_you_have_ever_told/,2013-01-01 21:47:45+00:00
15sekh,What things should be taught in school that are not or is lacking?,2,/r/AskReddit/comments/15sekh/what_things_should_be_taught_in_school_that_are/,2013-01-01 21:47:35+00:00
15sek5,"Gay rights supporters, were you ever homophobic before? What changed your views?",1,/r/AskReddit/comments/15sek5/gay_rights_supporters_were_you_ever_homophobic/,2013-01-01 21:47:28+00:00
15sejs,"To all the dispatchers of reddit, what were the most insane/funny calls you've received on New Year's Eve/Day?",2,/r/AskReddit/comments/15sejs/to_all_the_dispatchers_of_reddit_what_were_the/,2013-01-01 21:47:18+00:00
15sejg,What's an expression that gets truer the older you get?,2,/r/AskReddit/comments/15sejg/whats_an_expression_that_gets_truer_the_older_you/,2013-01-01 21:47:09+00:00
15seih,"What's happened to you so far this new year that's made you say to yourself, Damn this is going to be a good year? I'll start...",1,/r/AskReddit/comments/15seih/whats_happened_to_you_so_far_this_new_year_thats/,2013-01-01 21:46:29+00:00
15seh0,Will anyone join me in no fap 2013?,0,/r/AskReddit/comments/15seh0/will_anyone_join_me_in_no_fap_2013/,2013-01-01 21:45:46+00:00
15segj,"So Reddit what is your best/worst experience with ""As Seen on TV"" or other infomercial items ?",10,/r/AskReddit/comments/15segj/so_reddit_what_is_your_bestworst_experience_with/,2013-01-01 21:45:35+00:00
15sefw,"So reddit, what is your new year's resolution?",0,/r/AskReddit/comments/15sefw/so_reddit_what_is_your_new_years_resolution/,2013-01-01 21:45:20+00:00
15sefk,Having trouble memorizing lots of lines for a musical I'm in. Got any good tips / suggestions?,0,/r/AskReddit/comments/15sefk/having_trouble_memorizing_lots_of_lines_for_a/,2013-01-01 21:45:09+00:00
15seeh,"Happy New Year, Reddit. Now tell me why you hate yourself.",0,/r/AskReddit/comments/15seeh/happy_new_year_reddit_now_tell_me_why_you_hate/,2013-01-01 21:44:39+00:00
15seax,"Females of Reddit, what is an instant deal-breaker upon meeting a guy?",7,/r/AskReddit/comments/15seax/females_of_reddit_what_is_an_instant_dealbreaker/,2013-01-01 21:43:00+00:00
15seav,"Reddit, I want to hear some heartwarming stories. Tell us how you fell in love.",0,/r/AskReddit/comments/15seav/reddit_i_want_to_hear_some_heartwarming_stories/,2013-01-01 21:42:58+00:00
15se95,"Why doesn't the US have a referendum on the ""Fiscal Cliff""?",0,/r/AskReddit/comments/15se95/why_doesnt_the_us_have_a_referendum_on_the_fiscal/,2013-01-01 21:42:21+00:00
15se7j,"Today is the 1 year anniversary of my marriage ending, how should I celebrate?",0,/r/AskReddit/comments/15se7j/today_is_the_1_year_anniversary_of_my_marriage/,2013-01-01 21:41:38+00:00
15se7g,"Just got the Galaxy S3, I want some cool apps, can you help?",1,/r/AskReddit/comments/15se7g/just_got_the_galaxy_s3_i_want_some_cool_apps_can/,2013-01-01 21:41:35+00:00
15se6y,Describe the time when you thought you had a superpower,1,/r/AskReddit/comments/15se6y/describe_the_time_when_you_thought_you_had_a/,2013-01-01 21:41:21+00:00
15se6w,Any redditors have any experience and would care to share some advice or tips for dating a deaf girl?,2,/r/AskReddit/comments/15se6w/any_redditors_have_any_experience_and_would_care/,2013-01-01 21:41:20+00:00
15se5z,What's the best thing you've ever gotten for free and entirely by accident?,2,/r/AskReddit/comments/15se5z/whats_the_best_thing_youve_ever_gotten_for_free/,2013-01-01 21:40:59+00:00
15se54,Does getting upvotes make your 8===D grow?,0,/r/AskReddit/comments/15se54/does_getting_upvotes_make_your_8d_grow/,2013-01-01 21:40:40+00:00
15se4c,"I get overly annoyed with people writing ""here, here"" rather than ""hear, hear"". What silly, insignificant things annoy you?",1,/r/AskReddit/comments/15se4c/i_get_overly_annoyed_with_people_writing_here/,2013-01-01 21:40:18+00:00
15se3v,"If you woke up on New Years and everybody was gone, what would you do?",12,/r/AskReddit/comments/15se3v/if_you_woke_up_on_new_years_and_everybody_was/,2013-01-01 21:40:05+00:00
15se3q,"If one single event has resulted in your success or failure in life, what was it?",1,/r/AskReddit/comments/15se3q/if_one_single_event_has_resulted_in_your_success/,2013-01-01 21:40:01+00:00
15se3a,"Men of Reddit, what's your honest opinion of fake boobs? Are they better or worse than the real deal?",2,/r/AskReddit/comments/15se3a/men_of_reddit_whats_your_honest_opinion_of_fake/,2013-01-01 21:39:51+00:00
15se31,"Hey, Redditors, what are the nicest and the most obnoxious nations in your experience?",5,/r/AskReddit/comments/15se31/hey_redditors_what_are_the_nicest_and_the_most/,2013-01-01 21:39:41+00:00
15se2m,"How would you steal from the Albanian Mafia, or any organized crime syndicate? Please help, life or death situation.",1,/r/AskReddit/comments/15se2m/how_would_you_steal_from_the_albanian_mafia_or/,2013-01-01 21:39:30+00:00
15se2i,"If you had to have one breakfast food for every meal, everyday for the rest of your life, what would it be?",3,/r/AskReddit/comments/15se2i/if_you_had_to_have_one_breakfast_food_for_every/,2013-01-01 21:39:28+00:00
15se2f,What's something you thought you would have accomplished by now?,3,/r/AskReddit/comments/15se2f/whats_something_you_thought_you_would_have/,2013-01-01 21:39:24+00:00
15se23,Can you imagine a world without money?,1,/r/AskReddit/comments/15se23/can_you_imagine_a_world_without_money/,2013-01-01 21:39:18+00:00
15se1p,Did You know that 2013 is the 1st year since 1432 to have 4 consecutive numbers?,0,/r/AskReddit/comments/15se1p/did_you_know_that_2013_is_the_1st_year_since_1432/,2013-01-01 21:39:05+00:00
15se0n,What is Red #40? What happened to the other 39? Does #40 add taste to food?,0,/r/AskReddit/comments/15se0n/what_is_red_40_what_happened_to_the_other_39_does/,2013-01-01 21:38:34+00:00
15sdyu,"Dear Reddit, How do I make my new cat love me?",3,/r/AskReddit/comments/15sdyu/dear_reddit_how_do_i_make_my_new_cat_love_me/,2013-01-01 21:37:40+00:00
15sdyq,"Reddit, how do deal with this? (Info inside)",6,/r/AskReddit/comments/15sdyq/reddit_how_do_deal_with_this_info_inside/,2013-01-01 21:37:36+00:00
15sdyn,What do you want to happen in 2013?,5,/r/AskReddit/comments/15sdyn/what_do_you_want_to_happen_in_2013/,2013-01-01 21:37:35+00:00
15sdwy,"Workers of Reddit, where do you work at, and how can we make your job easier?",5,/r/AskReddit/comments/15sdwy/workers_of_reddit_where_do_you_work_at_and_how/,2013-01-01 21:36:50+00:00
15sdw6,What is your new years revolution for the first two weeks of 2013?,0,/r/AskReddit/comments/15sdw6/what_is_your_new_years_revolution_for_the_first/,2013-01-01 21:36:33+00:00
15sdvt,What is your favorite episode of your favorite T.V. Series?,3,/r/AskReddit/comments/15sdvt/what_is_your_favorite_episode_of_your_favorite_tv/,2013-01-01 21:36:23+00:00
15sduu,What's the most memorable prize you've ever gotten from a cereal box or kid's meal?,5,/r/AskReddit/comments/15sduu/whats_the_most_memorable_prize_youve_ever_gotten/,2013-01-01 21:35:51+00:00
15sdum,What is something you wish the world could function without?,3,/r/AskReddit/comments/15sdum/what_is_something_you_wish_the_world_could/,2013-01-01 21:35:48+00:00
15sduf,"Men and women of Reddit: does ""it"" ever really ""just happen""?",0,/r/AskReddit/comments/15sduf/men_and_women_of_reddit_does_it_ever_really_just/,2013-01-01 21:35:43+00:00
15sdse,What do you remember before blacking out on New Year's Eve/day?,0,/r/AskReddit/comments/15sdse/what_do_you_remember_before_blacking_out_on_new/,2013-01-01 21:34:53+00:00
15sdrw,What do you think of this situation?,0,/r/AskReddit/comments/15sdrw/what_do_you_think_of_this_situation/,2013-01-01 21:34:39+00:00
15sdr1,What's something you make fun of all the time that you secretly enjoy?,0,/r/AskReddit/comments/15sdr1/whats_something_you_make_fun_of_all_the_time_that/,2013-01-01 21:34:09+00:00
15sdot,Have you ever abandoned a storage unit?,1,/r/AskReddit/comments/15sdot/have_you_ever_abandoned_a_storage_unit/,2013-01-01 21:33:05+00:00
15sdnz,What was your dream and why did you never accomplish it?,1,/r/AskReddit/comments/15sdnz/what_was_your_dream_and_why_did_you_never/,2013-01-01 21:32:37+00:00
15sdn3,I met my boyfriend through Reddit. What ways has Reddit improved your life?,0,/r/AskReddit/comments/15sdn3/i_met_my_boyfriend_through_reddit_what_ways_has/,2013-01-01 21:32:12+00:00
15sdle,What would you do if you woke up the opposite gender?,2,/r/AskReddit/comments/15sdle/what_would_you_do_if_you_woke_up_the_opposite/,2013-01-01 21:31:25+00:00
15sdl0,"Writers and Artists of Reddit, what really gets the ideas flowing? Is marijuana as common as its made out to be?",1,/r/AskReddit/comments/15sdl0/writers_and_artists_of_reddit_what_really_gets/,2013-01-01 21:31:18+00:00
15sdl1,Why won't any other nation in the world assassinate Assad for crimes against his own people?,1,/r/AskReddit/comments/15sdl1/why_wont_any_other_nation_in_the_world/,2013-01-01 21:31:18+00:00
15sdkj,"What are some well known things that you know are true, but still blow your mind?",19,/r/AskReddit/comments/15sdkj/what_are_some_well_known_things_that_you_know_are/,2013-01-01 21:31:04+00:00
15sdj4,"On the flip side, what instantly makes you like someone?",5,/r/AskReddit/comments/15sdj4/on_the_flip_side_what_instantly_makes_you_like/,2013-01-01 21:30:29+00:00
15sdi4,"Non-Americans of Reddit, what do you think is the stupidest thing that Americans in particular do?",0,/r/AskReddit/comments/15sdi4/nonamericans_of_reddit_what_do_you_think_is_the/,2013-01-01 21:30:00+00:00
15sdho,what is the one thing you want more then anything else right now,17,/r/AskReddit/comments/15sdho/what_is_the_one_thing_you_want_more_then_anything/,2013-01-01 21:29:50+00:00
15sdh5,What are some of your favorite smartphone apps?,4,/r/AskReddit/comments/15sdh5/what_are_some_of_your_favorite_smartphone_apps/,2013-01-01 21:29:32+00:00
15sdfj,What's the one dealbreaker for you when it comes to a relationship?,12,/r/AskReddit/comments/15sdfj/whats_the_one_dealbreaker_for_you_when_it_comes/,2013-01-01 21:28:56+00:00
15sdey,What are your favorite road trip songs?,1,/r/AskReddit/comments/15sdey/what_are_your_favorite_road_trip_songs/,2013-01-01 21:28:34+00:00
15sddj,"Reddit, what is the grossest thing that anyone has ever asked you to do?",5,/r/AskReddit/comments/15sddj/reddit_what_is_the_grossest_thing_that_anyone_has/,2013-01-01 21:28:02+00:00
15sddh,What are some mistakes in high school you made that you thought were big but weren't?,7,/r/AskReddit/comments/15sddh/what_are_some_mistakes_in_high_school_you_made/,2013-01-01 21:28:02+00:00
15sdda,"Reddit, my dad just walked into the kitchen holding a dead bird and threw it into the wood stove. What sorts of sorta weird things have you witnessed family members doing?",4,/r/AskReddit/comments/15sdda/reddit_my_dad_just_walked_into_the_kitchen/,2013-01-01 21:27:57+00:00
15sdbf,What was the best One-Hand addition to your kitchen?,2,/r/AskReddit/comments/15sdbf/what_was_the_best_onehand_addition_to_your_kitchen/,2013-01-01 21:26:58+00:00
15sdbg,"As per tradition, I'm spending New Year's watching the Twilight Zone Marathon on SyFy. Reddit, what's your favorite Twilight Zone episode?",1,/r/AskReddit/comments/15sdbg/as_per_tradition_im_spending_new_years_watching/,2013-01-01 21:26:58+00:00
15sdb4,"Guitar players of reddit, what's the best bet for a lefty beginner? (lefty guitar vs. regular one)",0,/r/AskReddit/comments/15sdb4/guitar_players_of_reddit_whats_the_best_bet_for_a/,2013-01-01 21:26:50+00:00
15sdaq,"Rolling tobacco smokers, I'm an Australian in America. What tobacco is closest to Port Royal?",0,/r/AskReddit/comments/15sdaq/rolling_tobacco_smokers_im_an_australian_in/,2013-01-01 21:26:40+00:00
15sda5,What one unique hobby do you have that would be fun for a group?,3,/r/AskReddit/comments/15sda5/what_one_unique_hobby_do_you_have_that_would_be/,2013-01-01 21:26:23+00:00
15sd9x,"If public defenders are as good as any other lawyers, why aren't there cases like O.J. Simpson?",0,/r/AskReddit/comments/15sd9x/if_public_defenders_are_as_good_as_any_other/,2013-01-01 21:26:14+00:00
15sd9v,Can someone identify this candy?,0,/r/AskReddit/comments/15sd9v/can_someone_identify_this_candy/,2013-01-01 21:26:12+00:00
15sd9o,What have been your most or least successful new year's resolutions?,0,/r/AskReddit/comments/15sd9o/what_have_been_your_most_or_least_successful_new/,2013-01-01 21:26:07+00:00
15sd8d,"Women: Deep down, would you rather share an ""alpha"" male of your choice with other women, or settle for a ""beta"" male to have all to yourself?",0,/r/AskReddit/comments/15sd8d/women_deep_down_would_you_rather_share_an_alpha/,2013-01-01 21:25:40+00:00
15sd8c,I want to customize my Android interface. What do I need?,0,/r/AskReddit/comments/15sd8c/i_want_to_customize_my_android_interface_what_do/,2013-01-01 21:25:40+00:00
15sd84,What is your New Years resolution?,0,/r/AskReddit/comments/15sd84/what_is_your_new_years_resolution/,2013-01-01 21:25:34+00:00
15sd7t,What are some cures you have had success with in curing delayed ejaculation?,0,/r/AskReddit/comments/15sd7t/what_are_some_cures_you_have_had_success_with_in/,2013-01-01 21:25:23+00:00
15sd7r,"Reddit, how do you make your cup of noodles?",0,/r/AskReddit/comments/15sd7r/reddit_how_do_you_make_your_cup_of_noodles/,2013-01-01 21:25:20+00:00
15sd7o,"Reddit, how many of you have experienced depression? What led you to seek treatment, what was the treatment, how has it helped you, etc?",7,/r/AskReddit/comments/15sd7o/reddit_how_many_of_you_have_experienced/,2013-01-01 21:25:19+00:00
15sd5b,Should my fiance lying about her dating history be a deal breaker?,0,/r/AskReddit/comments/15sd5b/should_my_fiance_lying_about_her_dating_history/,2013-01-01 21:24:20+00:00
15sd4u,"Reddit, what is one thing you will never stop giving a fuck about?",1,/r/AskReddit/comments/15sd4u/reddit_what_is_one_thing_you_will_never_stop/,2013-01-01 21:24:11+00:00
15sd2n,Have you ever gotten into an intimate relationship that no one learn about?,0,/r/AskReddit/comments/15sd2n/have_you_ever_gotten_into_an_intimate/,2013-01-01 21:23:19+00:00
15sd29,Why is there not a good yoyo subreddit?,1,/r/AskReddit/comments/15sd29/why_is_there_not_a_good_yoyo_subreddit/,2013-01-01 21:23:10+00:00
15sd1r,"Reddit, how do you get the attention of the police/neighborhood watch?",4,/r/AskReddit/comments/15sd1r/reddit_how_do_you_get_the_attention_of_the/,2013-01-01 21:22:56+00:00
15sd17,"Redditors, what was you craziest experience from last year?",0,/r/AskReddit/comments/15sd17/redditors_what_was_you_craziest_experience_from/,2013-01-01 21:22:40+00:00
15sd0n,"""Cupboard"" is pronounced ""cub-burd"" but ""clipboard"" is pronounce ""clip-board."" Why, and what are some other examples?",0,/r/AskReddit/comments/15sd0n/cupboard_is_pronounced_cubburd_but_clipboard_is/,2013-01-01 21:22:22+00:00
15sczk,are university rankings important during undergraduate studies in canada?,2,/r/AskReddit/comments/15sczk/are_university_rankings_important_during/,2013-01-01 21:21:50+00:00
15scyy,"Reddit, if you could only read 1 more subreddit, ever, wich one would it be and why?",1,/r/AskReddit/comments/15scyy/reddit_if_you_could_only_read_1_more_subreddit/,2013-01-01 21:21:36+00:00
15scy1,Is there a country left or a few that isn't controlled by the United States?,0,/r/AskReddit/comments/15scy1/is_there_a_country_left_or_a_few_that_isnt/,2013-01-01 21:21:16+00:00
15scy0,What is the best that happened to you in 2012?,0,/r/AskReddit/comments/15scy0/what_is_the_best_that_happened_to_you_in_2012/,2013-01-01 21:21:15+00:00
15scwr,People with degrees in creative writing: do you make money from it?,0,/r/AskReddit/comments/15scwr/people_with_degrees_in_creative_writing_do_you/,2013-01-01 21:20:44+00:00
15scwi,What's the best sporting event you've ever seen in person?,2,/r/AskReddit/comments/15scwi/whats_the_best_sporting_event_youve_ever_seen_in/,2013-01-01 21:20:37+00:00
15scvz,What stupid things did you hear from your family this holiday break?,0,/r/AskReddit/comments/15scvz/what_stupid_things_did_you_hear_from_your_family/,2013-01-01 21:20:27+00:00
15scvs,Should I turn the A/C off before turning the car off?,0,/r/AskReddit/comments/15scvs/should_i_turn_the_ac_off_before_turning_the_car/,2013-01-01 21:20:22+00:00
15scv7,"Reddit, what tips do you have for dealing with the unknowns of life?",0,/r/AskReddit/comments/15scv7/reddit_what_tips_do_you_have_for_dealing_with_the/,2013-01-01 21:20:07+00:00
15scuw,What was the SCARIEST experience you had in 2012?,7,/r/AskReddit/comments/15scuw/what_was_the_scariest_experience_you_had_in_2012/,2013-01-01 21:20:00+00:00
15scut,Scientists of Reddit: is experiencing god anti-science?,0,/r/AskReddit/comments/15scut/scientists_of_reddit_is_experiencing_god/,2013-01-01 21:19:59+00:00
15sctv,What's the funniest/most memorable porn ad you have ever seen?,4,/r/AskReddit/comments/15sctv/whats_the_funniestmost_memorable_porn_ad_you_have/,2013-01-01 21:19:38+00:00
15scts,"Reddit, what's the best ""yo mama"" joke you've ever heard?",0,/r/AskReddit/comments/15scts/reddit_whats_the_best_yo_mama_joke_youve_ever/,2013-01-01 21:19:35+00:00
15sctf,Have you ever experienced the shower scalp-gasm?,0,/r/AskReddit/comments/15sctf/have_you_ever_experienced_the_shower_scalpgasm/,2013-01-01 21:19:26+00:00
15scqx,I slept with my youngest employee and don't know what to do next - has anyone any advice?,0,/r/AskReddit/comments/15scqx/i_slept_with_my_youngest_employee_and_dont_know/,2013-01-01 21:18:13+00:00
15scq1,"What's an annoyance that you encounter daily, but you're to lazy to do something about?",2,/r/AskReddit/comments/15scq1/whats_an_annoyance_that_you_encounter_daily_but/,2013-01-01 21:17:53+00:00
15scpq,What is the most annoying thing about your friend(s)?,0,/r/AskReddit/comments/15scpq/what_is_the_most_annoying_thing_about_your_friends/,2013-01-01 21:17:48+00:00
15scmz,"People of reddit, what are some non-offensive words to use when insulting others?",3,/r/AskReddit/comments/15scmz/people_of_reddit_what_are_some_nonoffensive_words/,2013-01-01 21:16:19+00:00
15scml,Would you sell your karma for 1 cent per point?,1,/r/AskReddit/comments/15scml/would_you_sell_your_karma_for_1_cent_per_point/,2013-01-01 21:16:10+00:00
15scj7,What is your favourite reddit client for android?,1,/r/AskReddit/comments/15scj7/what_is_your_favourite_reddit_client_for_android/,2013-01-01 21:14:30+00:00
15scif,What's the best TV series you have seen?,1,/r/AskReddit/comments/15scif/whats_the_best_tv_series_you_have_seen/,2013-01-01 21:14:17+00:00
15schp,what would you buy with a $150 amazon gift card?,1,/r/AskReddit/comments/15schp/what_would_you_buy_with_a_150_amazon_gift_card/,2013-01-01 21:13:53+00:00
15sch5,"If my children and their children and so forth were to spend 50 million years near/in the sea, would they eventually develop fins and become mermaids or whatever?",0,/r/AskReddit/comments/15sch5/if_my_children_and_their_children_and_so_forth/,2013-01-01 21:13:37+00:00
15sch1,What does the Bible say about marijuana?,0,/r/AskReddit/comments/15sch1/what_does_the_bible_say_about_marijuana/,2013-01-01 21:13:35+00:00
15scg0,What are your pet peeves while at work?,8,/r/AskReddit/comments/15scg0/what_are_your_pet_peeves_while_at_work/,2013-01-01 21:13:05+00:00
15scfj,What business can I start part time with $10K without having a background in anything special?,0,/r/AskReddit/comments/15scfj/what_business_can_i_start_part_time_with_10k/,2013-01-01 21:12:46+00:00
15scfc,Have you ever actually completely changed your opinion on something after debating with someone about it?,1,/r/AskReddit/comments/15scfc/have_you_ever_actually_completely_changed_your/,2013-01-01 21:12:39+00:00
15scf9,"Reddit, What's The Weirdest Thing That's Happened To You On New Years Eve?",2,/r/AskReddit/comments/15scf9/reddit_whats_the_weirdest_thing_thats_happened_to/,2013-01-01 21:12:37+00:00
15scf5,"Gay parents, what do your kids call you?",0,/r/AskReddit/comments/15scf5/gay_parents_what_do_your_kids_call_you/,2013-01-01 21:12:31+00:00
15scdy,"Reddit, what are some of the best riddles?",2,/r/AskReddit/comments/15scdy/reddit_what_are_some_of_the_best_riddles/,2013-01-01 21:11:58+00:00
15scds,"Has there ever been a really important decision you have to make, but after a long time you realise that it was not the right decision at all, and that it has changed your life?",3,/r/AskReddit/comments/15scds/has_there_ever_been_a_really_important_decision/,2013-01-01 21:11:55+00:00
15scdj,How do we know Unicorns never existed and couldn't just be an extinct animal?,0,/r/AskReddit/comments/15scdj/how_do_we_know_unicorns_never_existed_and_couldnt/,2013-01-01 21:11:46+00:00
15scce,"Statistically, where is the most popular song on an album placed?",2,/r/AskReddit/comments/15scce/statistically_where_is_the_most_popular_song_on/,2013-01-01 21:11:15+00:00
15scbx,"How do you feel about New Years? What meanings does it convey for you, or is it completely arbitrary?",0,/r/AskReddit/comments/15scbx/how_do_you_feel_about_new_years_what_meanings/,2013-01-01 21:11:02+00:00
15scb4,"Would you disclose your age, sex, location, etc. if Reddit would provide a demographic breakdown of how people voted for a submission?",1,/r/AskReddit/comments/15scb4/would_you_disclose_your_age_sex_location_etc_if/,2013-01-01 21:10:43+00:00
15scaq,Can someone help me find a flash music making website?,1,/r/AskReddit/comments/15scaq/can_someone_help_me_find_a_flash_music_making/,2013-01-01 21:10:32+00:00
15sc9t,"Men of reddit, what is your preferred method of removing hair in your groin area?",4,/r/AskReddit/comments/15sc9t/men_of_reddit_what_is_your_preferred_method_of/,2013-01-01 21:10:13+00:00
15sc7o,What's the story behind the one you let 'get away?',6,/r/AskReddit/comments/15sc7o/whats_the_story_behind_the_one_you_let_get_away/,2013-01-01 21:09:15+00:00
15sc7i,"If you had a time machine, what's the one thing you'd made sure to change about your personal life?",0,/r/AskReddit/comments/15sc7i/if_you_had_a_time_machine_whats_the_one_thing/,2013-01-01 21:09:11+00:00
15sc6t,"When you fail, what motivates you to keep going?",4,/r/AskReddit/comments/15sc6t/when_you_fail_what_motivates_you_to_keep_going/,2013-01-01 21:08:55+00:00
15sc63,"Reddit, where do you think America will be at the end of Obama's second term?",0,/r/AskReddit/comments/15sc63/reddit_where_do_you_think_america_will_be_at_the/,2013-01-01 21:08:38+00:00
15sc4k,What are some weird things your parents would say/do?,1,/r/AskReddit/comments/15sc4k/what_are_some_weird_things_your_parents_would/,2013-01-01 21:08:03+00:00
15sc43,Is it acceptable to post things or write things to people in the persona of someone who has already died? (Details inside),0,/r/AskReddit/comments/15sc43/is_it_acceptable_to_post_things_or_write_things/,2013-01-01 21:07:45+00:00
15sc3s,What's your favorite pick up line?,0,/r/AskReddit/comments/15sc3s/whats_your_favorite_pick_up_line/,2013-01-01 21:07:36+00:00
15sc3d,Is the chase better than the kill?,0,/r/AskReddit/comments/15sc3d/is_the_chase_better_than_the_kill/,2013-01-01 21:07:24+00:00
15sbzy,What subreddits do you think should NOT be defaults?,1,/r/AskReddit/comments/15sbzy/what_subreddits_do_you_think_should_not_be/,2013-01-01 21:05:54+00:00
15sbyl,Asking you guys because R/Science doesn't care: Why does eating fruits make your sexual fluids smell better?,0,/r/AskReddit/comments/15sbyl/asking_you_guys_because_rscience_doesnt_care_why/,2013-01-01 21:05:21+00:00
15sbxd,"Would you lick your dick, if you could?",0,/r/AskReddit/comments/15sbxd/would_you_lick_your_dick_if_you_could/,2013-01-01 21:04:43+00:00
15sbx1,What match up do you think would make or has made the best MC rap battles or diss tapes?,0,/r/AskReddit/comments/15sbx1/what_match_up_do_you_think_would_make_or_has_made/,2013-01-01 21:04:33+00:00
15sbwv,"On the other hand, what makes you instantly like someone?",0,/r/AskReddit/comments/15sbwv/on_the_other_hand_what_makes_you_instantly_like/,2013-01-01 21:04:29+00:00
15sbwj,"I got sick yesterday, can I spread my sore throat to my dog???",1,/r/AskReddit/comments/15sbwj/i_got_sick_yesterday_can_i_spread_my_sore_throat/,2013-01-01 21:04:19+00:00
15sbvp,What would Redditors say about me travelling around to hug as many of you as I can? ..and possibly document it.,2,/r/AskReddit/comments/15sbvp/what_would_redditors_say_about_me_travelling/,2013-01-01 21:03:56+00:00
15sbuv,"If my generation were to spend 50 million years near/in the sea, would we eventually develop fins and become mermaids or whatever?",2,/r/AskReddit/comments/15sbuv/if_my_generation_were_to_spend_50_million_years/,2013-01-01 21:03:39+00:00
15sbse,"Take a look in your fridge. Using what is in there, what is the best recipe you can think of?",1,/r/AskReddit/comments/15sbse/take_a_look_in_your_fridge_using_what_is_in_there/,2013-01-01 21:02:29+00:00
15sbru,"Anyone who has been in a coma, what was the first thing you did when you awoke?",1,/r/AskReddit/comments/15sbru/anyone_who_has_been_in_a_coma_what_was_the_first/,2013-01-01 21:02:16+00:00
15sbrc,What is the best way to create a personal cloud/server to 'serve' household media?,0,/r/AskReddit/comments/15sbrc/what_is_the_best_way_to_create_a_personal/,2013-01-01 21:02:00+00:00
15sbr1,What's the saddest story you know?,4,/r/AskReddit/comments/15sbr1/whats_the_saddest_story_you_know/,2013-01-01 21:01:54+00:00
15sbqj,How would the world today be different if Hitler did not Persecute the Jews and Japan did not go to war in the 1930s/40s?,0,/r/AskReddit/comments/15sbqj/how_would_the_world_today_be_different_if_hitler/,2013-01-01 21:01:39+00:00
15sbpl,"Gamers of Reddit, what could your SO do to be more supportive/understanding of your hobby?",9,/r/AskReddit/comments/15sbpl/gamers_of_reddit_what_could_your_so_do_to_be_more/,2013-01-01 21:01:12+00:00
15sbns,My sister watches incest porn. Is this common?,1,/r/AskReddit/comments/15sbns/my_sister_watches_incest_porn_is_this_common/,2013-01-01 21:00:22+00:00
15sbnb,"What awesome websites do you know of, that no one else seems to have heard about yet?",1,/r/AskReddit/comments/15sbnb/what_awesome_websites_do_you_know_of_that_no_one/,2013-01-01 21:00:09+00:00
15sbmc,What was your biggest accomplishment in 2012?,1,/r/AskReddit/comments/15sbmc/what_was_your_biggest_accomplishment_in_2012/,2013-01-01 20:59:36+00:00
15sbm2,"what sports do you guys play, used to play, or wish you played",0,/r/AskReddit/comments/15sbm2/what_sports_do_you_guys_play_used_to_play_or_wish/,2013-01-01 20:59:33+00:00
15sbkv,"Identical twins with other siblings, how is your relationship with your other sibling compared to your twin?",1,/r/AskReddit/comments/15sbkv/identical_twins_with_other_siblings_how_is_your/,2013-01-01 20:59:01+00:00
15sbk5,If a genie suddenly popped up and granted you one wish do you have one in your back pocket reddit? If so what is your rainy day wish?,1,/r/AskReddit/comments/15sbk5/if_a_genie_suddenly_popped_up_and_granted_you_one/,2013-01-01 20:58:41+00:00
15sbjq,"Reddit, what's the biggest, dirtiest, juiciest scandal you know of?",0,/r/AskReddit/comments/15sbjq/reddit_whats_the_biggest_dirtiest_juiciest/,2013-01-01 20:58:30+00:00
15sbj6,What is the worst (best?) song lyric misinterpretation you know?,0,/r/AskReddit/comments/15sbj6/what_is_the_worst_best_song_lyric/,2013-01-01 20:58:21+00:00
15sbj2,"Reddit, what non-sexual thing has completely turned you on?",8,/r/AskReddit/comments/15sbj2/reddit_what_nonsexual_thing_has_completely_turned/,2013-01-01 20:58:17+00:00
15sbg1,What assumptions do you make whilst driving when you see someone driving a _______________?,1,/r/AskReddit/comments/15sbg1/what_assumptions_do_you_make_whilst_driving_when/,2013-01-01 20:56:54+00:00
15sbfu,How did you come to the realization that your ex was complete succubus?,0,/r/AskReddit/comments/15sbfu/how_did_you_come_to_the_realization_that_your_ex/,2013-01-01 20:56:43+00:00
15sbee,Why is Justin Bieber getting so much hate?,0,/r/AskReddit/comments/15sbee/why_is_justin_bieber_getting_so_much_hate/,2013-01-01 20:56:08+00:00
15sbdm,"Reddit, What do you do/ have you done to make a stranger's day better?",7,/r/AskReddit/comments/15sbdm/reddit_what_do_you_do_have_you_done_to_make_a/,2013-01-01 20:55:51+00:00
15sbdi,Where does our idea of popularity in highschool come from?,0,/r/AskReddit/comments/15sbdi/where_does_our_idea_of_popularity_in_highschool/,2013-01-01 20:55:48+00:00
15sbcf,What are some of the best/worst moments you've shared with past and/or present pets?,1,/r/AskReddit/comments/15sbcf/what_are_some_of_the_bestworst_moments_youve/,2013-01-01 20:55:19+00:00
15sbc6,Is my boyfriend(24/M) obsessed with iPad?,0,/r/AskReddit/comments/15sbc6/is_my_boyfriend24m_obsessed_with_ipad/,2013-01-01 20:55:13+00:00
15sbaw,"Reddit, what is the most inappropriate conversation that you have had/overheard at a restaurant?",0,/r/AskReddit/comments/15sbaw/reddit_what_is_the_most_inappropriate/,2013-01-01 20:54:43+00:00
15sb89,"Redditors with taste, we all know that you hate, and I too, hate Nickelback, but why is their music so awful?",1,/r/AskReddit/comments/15sb89/redditors_with_taste_we_all_know_that_you_hate/,2013-01-01 20:53:37+00:00
15sb7w,"Reddit, what is the worse thing you've done, that people mistook for a good thing?",12,/r/AskReddit/comments/15sb7w/reddit_what_is_the_worse_thing_youve_done_that/,2013-01-01 20:53:30+00:00
15sb59,What are some inanimate objects you would like to thank?,2,/r/AskReddit/comments/15sb59/what_are_some_inanimate_objects_you_would_like_to/,2013-01-01 20:52:21+00:00
15sb57,"Reddit, how do you use humour to deal with bad situations?",3,/r/AskReddit/comments/15sb57/reddit_how_do_you_use_humour_to_deal_with_bad/,2013-01-01 20:52:19+00:00
15sb4s,What's one thing you hope to NEVER witness?,61,/r/AskReddit/comments/15sb4s/whats_one_thing_you_hope_to_never_witness/,2013-01-01 20:52:03+00:00
15sb35,Am I the only person in the world who doesn't think Will Ferrell is funny?,0,/r/AskReddit/comments/15sb35/am_i_the_only_person_in_the_world_who_doesnt/,2013-01-01 20:51:06+00:00
15sb17,What was your first thought about reddit?,5,/r/AskReddit/comments/15sb17/what_was_your_first_thought_about_reddit/,2013-01-01 20:50:10+00:00
15sb0g,Why aren't we putting full computers in TVs?,4,/r/AskReddit/comments/15sb0g/why_arent_we_putting_full_computers_in_tvs/,2013-01-01 20:49:48+00:00
15sazo,Have the Simpsons thought you any life lessons?,1,/r/AskReddit/comments/15sazo/have_the_simpsons_thought_you_any_life_lessons/,2013-01-01 20:49:26+00:00
15say1,What is the stupidest thing you have heard in the past 48 hours?,8,/r/AskReddit/comments/15say1/what_is_the_stupidest_thing_you_have_heard_in_the/,2013-01-01 20:48:50+00:00
15saxt,"Pouring soda from a bottle and hearing the ""glug, glug"" sound, followed by the fizzing and listening to the harmonic frequency get higher and higher. Reddit, what are some sounds you absolutely hate?",1,/r/AskReddit/comments/15saxt/pouring_soda_from_a_bottle_and_hearing_the_glug/,2013-01-01 20:48:44+00:00
15saxd,"Reddit, if you break up with your SO, then get back together at a later date... does your anniversary change?",1,/r/AskReddit/comments/15saxd/reddit_if_you_break_up_with_your_so_then_get_back/,2013-01-01 20:48:30+00:00
15sawr,Do actors watch the shows that they're in?,2,/r/AskReddit/comments/15sawr/do_actors_watch_the_shows_that_theyre_in/,2013-01-01 20:48:12+00:00
15savz,"Reddit, what is the worst frape you have ever seen?",0,/r/AskReddit/comments/15savz/reddit_what_is_the_worst_frape_you_have_ever_seen/,2013-01-01 20:47:55+00:00
15savg,"Reddit, what is the absolute worst song of 2012?",2,/r/AskReddit/comments/15savg/reddit_what_is_the_absolute_worst_song_of_2012/,2013-01-01 20:47:43+00:00
15sav8,"Reddit, What are some good careers (&lt;2 years of schooling) to pursue in 2013?",0,/r/AskReddit/comments/15sav8/reddit_what_are_some_good_careers_2_years_of/,2013-01-01 20:47:39+00:00
15saty,"What kind of weird allergies do you, or someone you know have?",10,/r/AskReddit/comments/15saty/what_kind_of_weird_allergies_do_you_or_someone/,2013-01-01 20:47:03+00:00
15sarr,Do I tell my ex's family that he's now dating a sentenced peadophile?,1,/r/AskReddit/comments/15sarr/do_i_tell_my_exs_family_that_hes_now_dating_a/,2013-01-01 20:46:13+00:00
15sarg,"Entrepreneurs and executives of reddit, I'm 16 years old. How do I start being you or better?",0,/r/AskReddit/comments/15sarg/entrepreneurs_and_executives_of_reddit_im_16/,2013-01-01 20:45:57+00:00
15sar1,Is there a a group of people that you are extremely racist against for no reason at all?,2,/r/AskReddit/comments/15sar1/is_there_a_a_group_of_people_that_you_are/,2013-01-01 20:45:50+00:00
15saql,"Redditors I want to be a believer, so do you have any ""real"" pictures of aliens or ghosts?",2,/r/AskReddit/comments/15saql/redditors_i_want_to_be_a_believer_so_do_you_have/,2013-01-01 20:45:32+00:00
15saqh,A ton of birds are eating these red berries and landing on my house. There is red slimy poop everywhere. What do I do?!,1,/r/AskReddit/comments/15saqh/a_ton_of_birds_are_eating_these_red_berries_and/,2013-01-01 20:45:31+00:00
15san1,Are there any pilots on reddit?,1,/r/AskReddit/comments/15san1/are_there_any_pilots_on_reddit/,2013-01-01 20:44:09+00:00
15samp,What has been the worst 1 minute of your life?,10,/r/AskReddit/comments/15samp/what_has_been_the_worst_1_minute_of_your_life/,2013-01-01 20:43:57+00:00
15sam8,My car is leaking anti-freeze. Could I get potential ways to fix it?,0,/r/AskReddit/comments/15sam8/my_car_is_leaking_antifreeze_could_i_get/,2013-01-01 20:43:49+00:00
15salw,"Forget the regrets, what is the best thing you did in 2012?",2,/r/AskReddit/comments/15salw/forget_the_regrets_what_is_the_best_thing_you_did/,2013-01-01 20:43:40+00:00
15salm,Potential Cinderella story here. What should I do?,0,/r/AskReddit/comments/15salm/potential_cinderella_story_here_what_should_i_do/,2013-01-01 20:43:34+00:00
15sal1,"I want to read funny/insightful webcomics! What are your suggestions, Reddit?",1,/r/AskReddit/comments/15sal1/i_want_to_read_funnyinsightful_webcomics_what_are/,2013-01-01 20:43:17+00:00
15saky,So reddit what is your Awesome/Pricless/Sad/Wtf/freaky...New years eve moment? [Possibly NSFW],1,/r/AskReddit/comments/15saky/so_reddit_what_is_your/,2013-01-01 20:43:14+00:00
15sakf,"Engineers of Reddit, what do you do on a daily basis, and do you feel fulfilled / enjoy your job?",2,/r/AskReddit/comments/15sakf/engineers_of_reddit_what_do_you_do_on_a_daily/,2013-01-01 20:42:59+00:00
15sak2,What's your favorite random bit of advice?,0,/r/AskReddit/comments/15sak2/whats_your_favorite_random_bit_of_advice/,2013-01-01 20:42:50+00:00
15saj8,"People of Reddit, who was/is the most annoying person who went/go to school with, and what did they do?",0,/r/AskReddit/comments/15saj8/people_of_reddit_who_wasis_the_most_annoying/,2013-01-01 20:42:33+00:00
15saj6,"Reddit, what are some of the greatest riddles you have ever heard or know of?",0,/r/AskReddit/comments/15saj6/reddit_what_are_some_of_the_greatest_riddles_you/,2013-01-01 20:42:31+00:00
15saie,What are some keys to holding a conversation with someone you just met?,2,/r/AskReddit/comments/15saie/what_are_some_keys_to_holding_a_conversation_with/,2013-01-01 20:42:11+00:00
15sah4,What are the best money saving decisions you know of?,0,/r/AskReddit/comments/15sah4/what_are_the_best_money_saving_decisions_you_know/,2013-01-01 20:41:40+00:00
15safs,What is so bad about Energy drinks?,2,/r/AskReddit/comments/15safs/what_is_so_bad_about_energy_drinks/,2013-01-01 20:40:56+00:00
15saev,What are some of the most memorable conversations you've overheard people having in public?,2,/r/AskReddit/comments/15saev/what_are_some_of_the_most_memorable_conversations/,2013-01-01 20:40:24+00:00
15sadi,"If you won one million dollars on the lottery, what would you do with it?",0,/r/AskReddit/comments/15sadi/if_you_won_one_million_dollars_on_the_lottery/,2013-01-01 20:39:43+00:00
15sacm,What are the reason(s) that we cry when we yawn?,0,/r/AskReddit/comments/15sacm/what_are_the_reasons_that_we_cry_when_we_yawn/,2013-01-01 20:39:22+00:00
15sack,"Reddit, what can one (hu)man do in 2013 to make the world a better place?",2,/r/AskReddit/comments/15sack/reddit_what_can_one_human_do_in_2013_to_make_the/,2013-01-01 20:39:20+00:00
15sacb,"Brits, Aussies, and Kiwis of Reddit: Does your country have ""rednecks""?",4,/r/AskReddit/comments/15sacb/brits_aussies_and_kiwis_of_reddit_does_your/,2013-01-01 20:39:12+00:00
15sa9t,"Restaurant workers of Reddit, what is the most disgusting thing you've seen behind the scenes in the kitchen, backroom, etc?",4,/r/AskReddit/comments/15sa9t/restaurant_workers_of_reddit_what_is_the_most/,2013-01-01 20:37:54+00:00
15sa9m,Why do americans make such extremely absurd arguments for gun control?,0,/r/AskReddit/comments/15sa9m/why_do_americans_make_such_extremely_absurd/,2013-01-01 20:37:49+00:00
15sa8z,What are the two forms that a person with a visa has to submit when they marry an U.S. citizen?,0,/r/AskReddit/comments/15sa8z/what_are_the_two_forms_that_a_person_with_a_visa/,2013-01-01 20:37:29+00:00
15sa89,What can I do to help a friend in an abusive relationship Reddit?,0,/r/AskReddit/comments/15sa89/what_can_i_do_to_help_a_friend_in_an_abusive/,2013-01-01 20:37:16+00:00
15sa7m,Craziest party stories from last night?,0,/r/AskReddit/comments/15sa7m/craziest_party_stories_from_last_night/,2013-01-01 20:37:02+00:00
15sa6a,What do guys actually talk about in the locker room?,0,/r/AskReddit/comments/15sa6a/what_do_guys_actually_talk_about_in_the_locker/,2013-01-01 20:36:28+00:00
15sa5i,Care to sum up your 2012 in 4 words or fewer?,6,/r/AskReddit/comments/15sa5i/care_to_sum_up_your_2012_in_4_words_or_fewer/,2013-01-01 20:35:54+00:00
15sa4p,There is something that you learned on reddit that actually helped you in real life?,1,/r/AskReddit/comments/15sa4p/there_is_something_that_you_learned_on_reddit/,2013-01-01 20:35:28+00:00
15sa3n,How did you pick your College and Degree?,1,/r/AskReddit/comments/15sa3n/how_did_you_pick_your_college_and_degree/,2013-01-01 20:34:55+00:00
15sa3k,What was the most crazy or messed up thing you did or witnessed on their new year night?,0,/r/AskReddit/comments/15sa3k/what_was_the_most_crazy_or_messed_up_thing_you/,2013-01-01 20:34:53+00:00
15sa2l,"I'm tagging along with some friends to Fort Myers, Florida tomorrow. Does anyone know any affordable ways to have fun there?",1,/r/AskReddit/comments/15sa2l/im_tagging_along_with_some_friends_to_fort_myers/,2013-01-01 20:34:23+00:00
15sa2a,What would you be doing if you weren't on Reddit right now?,4,/r/AskReddit/comments/15sa2a/what_would_you_be_doing_if_you_werent_on_reddit/,2013-01-01 20:34:16+00:00
15sa29,What are some hobbies that I should try out?,5,/r/AskReddit/comments/15sa29/what_are_some_hobbies_that_i_should_try_out/,2013-01-01 20:34:16+00:00
15sa27,"If you could make a 30 second speech to the entire world, what would you say?",5,/r/AskReddit/comments/15sa27/if_you_could_make_a_30_second_speech_to_the/,2013-01-01 20:34:16+00:00
15sa1p,"Why, as a community, is Reddit so liberal when it comes to Gay rights, yet not when it comes to the rights of minorities or women?",0,/r/AskReddit/comments/15sa1p/why_as_a_community_is_reddit_so_liberal_when_it/,2013-01-01 20:34:06+00:00
15sa1a,"Reddit, if Seinfeld was still in production, what do you think that some of the more recent episodes would be about?",0,/r/AskReddit/comments/15sa1a/reddit_if_seinfeld_was_still_in_production_what/,2013-01-01 20:33:55+00:00
15sa0l,Rent rage. What do you think about neutral colors?,1,/r/AskReddit/comments/15sa0l/rent_rage_what_do_you_think_about_neutral_colors/,2013-01-01 20:33:43+00:00
15s9y5,"Politics and religion aside, what are some of your least favorite subreddits? Why?",0,/r/AskReddit/comments/15s9y5/politics_and_religion_aside_what_are_some_of_your/,2013-01-01 20:32:24+00:00
15s9w9,Which world-event would you undo?,1,/r/AskReddit/comments/15s9w9/which_worldevent_would_you_undo/,2013-01-01 20:31:29+00:00
15s9vm,"Reddit, Who Would Win in a Fight?",1,/r/AskReddit/comments/15s9vm/reddit_who_would_win_in_a_fight/,2013-01-01 20:31:14+00:00
15s9uy,Why is Zelda: Majora's Mask such a dark game?,0,/r/AskReddit/comments/15s9uy/why_is_zelda_majoras_mask_such_a_dark_game/,2013-01-01 20:30:48+00:00
15s9te,"redot, y wont u suk ma dik, fagitz?",2,/r/AskReddit/comments/15s9te/redot_y_wont_u_suk_ma_dik_fagitz/,2013-01-01 20:30:04+00:00
15s9ss,"Reddit, what's your best, cleverly-tasteless joke?",0,/r/AskReddit/comments/15s9ss/reddit_whats_your_best_cleverlytasteless_joke/,2013-01-01 20:29:53+00:00
15s9sf,"Parents of Reddit: How much does each child cost per month? For, let's say, 0-5 years (before they're in school).",0,/r/AskReddit/comments/15s9sf/parents_of_reddit_how_much_does_each_child_cost/,2013-01-01 20:29:40+00:00
15s9qj,"Reddit -- If you could upgrade or redesign the branches of the American government in any way(s), what would you change?",7,/r/AskReddit/comments/15s9qj/reddit_if_you_could_upgrade_or_redesign_the/,2013-01-01 20:28:53+00:00
15s9pt,"As the employer, how should i deal with 2 employees with the same name?",0,/r/AskReddit/comments/15s9pt/as_the_employer_how_should_i_deal_with_2/,2013-01-01 20:28:38+00:00
15s9pc,"After seeing the biggest fuck-up in 2012, what has been your biggest accomplishment in 2012?",2,/r/AskReddit/comments/15s9pc/after_seeing_the_biggest_fuckup_in_2012_what_has/,2013-01-01 20:28:20+00:00
15s9pa,There's an attractive girl downstairs and I'm too lazy to put pants on and go down there. What the fuck is wrong with me reddit?,0,/r/AskReddit/comments/15s9pa/theres_an_attractive_girl_downstairs_and_im_too/,2013-01-01 20:28:20+00:00
15s9of,"As a homeowner, what advice would you give a first time potential buyer?",1,/r/AskReddit/comments/15s9of/as_a_homeowner_what_advice_would_you_give_a_first/,2013-01-01 20:27:58+00:00
15s9no,"Reddit, what is your favorite Euphemism for fapping?",3,/r/AskReddit/comments/15s9no/reddit_what_is_your_favorite_euphemism_for_fapping/,2013-01-01 20:27:39+00:00
15s9n9,Are there any kids shows today that equally appeal to adults like in the 1990s?,1,/r/AskReddit/comments/15s9n9/are_there_any_kids_shows_today_that_equally/,2013-01-01 20:27:27+00:00
15s9n2,"I'm getting a fever and sore throat, what are your proven methods for shortening and alleviating symptoms?",3,/r/AskReddit/comments/15s9n2/im_getting_a_fever_and_sore_throat_what_are_your/,2013-01-01 20:27:23+00:00
15s9l9,What rock song do you think would sound great as a rap track and who should perform it?,0,/r/AskReddit/comments/15s9l9/what_rock_song_do_you_think_would_sound_great_as/,2013-01-01 20:26:32+00:00
15s9l6,What's the most downvoted thing you've ever seen?,0,/r/AskReddit/comments/15s9l6/whats_the_most_downvoted_thing_youve_ever_seen/,2013-01-01 20:26:30+00:00
15s9kg,What sentence said in 2012 shouldn't be repeated in 2013?,0,/r/AskReddit/comments/15s9kg/what_sentence_said_in_2012_shouldnt_be_repeated/,2013-01-01 20:26:08+00:00
15s9kd,So was anyone else deeply disappointed with slugs AMA?,0,/r/AskReddit/comments/15s9kd/so_was_anyone_else_deeply_disappointed_with_slugs/,2013-01-01 20:26:05+00:00
15s9hm,"Got a job interview today Reddit, any tips?",8,/r/AskReddit/comments/15s9hm/got_a_job_interview_today_reddit_any_tips/,2013-01-01 20:24:46+00:00
15s9gt,How long will it take you to not write 2012 on the date?,0,/r/AskReddit/comments/15s9gt/how_long_will_it_take_you_to_not_write_2012_on/,2013-01-01 20:24:19+00:00
15s9g8,"Redditors of other countries, how do you care for your elderly or infirm?",8,/r/AskReddit/comments/15s9g8/redditors_of_other_countries_how_do_you_care_for/,2013-01-01 20:23:57+00:00
15s9g5,What's the most interesting comment you've seen on reddit that was buried by downvotes? I'll start with a serial killer confessing...,2,/r/AskReddit/comments/15s9g5/whats_the_most_interesting_comment_youve_seen_on/,2013-01-01 20:23:50+00:00
15s9el,"If subreddits were gangs, which one would you side with?",2,/r/AskReddit/comments/15s9el/if_subreddits_were_gangs_which_one_would_you_side/,2013-01-01 20:23:02+00:00
15s9ed,"Why was reconciliation so effective between Germany and the West following WWII, but not between the American North and South?",3,/r/AskReddit/comments/15s9ed/why_was_reconciliation_so_effective_between/,2013-01-01 20:23:00+00:00
15s9dl,"If you decided to make a resolution/resolutions, what was it/were they?",0,/r/AskReddit/comments/15s9dl/if_you_decided_to_make_a_resolutionresolutions/,2013-01-01 20:22:34+00:00
15s9d2,What is the most useless Christmas present you received but made a practical use of?,1,/r/AskReddit/comments/15s9d2/what_is_the_most_useless_christmas_present_you/,2013-01-01 20:22:18+00:00
15s9cp,What photo do you know of that you think SCREAMS Instagram?,0,/r/AskReddit/comments/15s9cp/what_photo_do_you_know_of_that_you_think_screams/,2013-01-01 20:22:08+00:00
15s9cb,"If you could change the date of one major discovery to be either earlier or later, what would it be and why?",1,/r/AskReddit/comments/15s9cb/if_you_could_change_the_date_of_one_major/,2013-01-01 20:22:00+00:00
15s9bo,"Reddit, what is your best online purchase while drunk?",1,/r/AskReddit/comments/15s9bo/reddit_what_is_your_best_online_purchase_while/,2013-01-01 20:21:38+00:00
15s9bj,Can a Blu-ray disk be misprinted?,1,/r/AskReddit/comments/15s9bj/can_a_bluray_disk_be_misprinted/,2013-01-01 20:21:32+00:00
15s9bh,What's a good movie to watch with your family?,1,/r/AskReddit/comments/15s9bh/whats_a_good_movie_to_watch_with_your_family/,2013-01-01 20:21:29+00:00
15s9bf,"Ladies of reddit, would you find it a turn off if a potential suitor(male) kissed(made out) with a guy at a rave?",1,/r/AskReddit/comments/15s9bf/ladies_of_reddit_would_you_find_it_a_turn_off_if/,2013-01-01 20:21:28+00:00
15s994,What are your holiday traditions?,1,/r/AskReddit/comments/15s994/what_are_your_holiday_traditions/,2013-01-01 20:20:28+00:00
15s966,What is the one song that you would most likely be caught speeding to?,2,/r/AskReddit/comments/15s966/what_is_the_one_song_that_you_would_most_likely/,2013-01-01 20:19:09+00:00
15s953,What am I supposed to do if I don't have any job references?,0,/r/AskReddit/comments/15s953/what_am_i_supposed_to_do_if_i_dont_have_any_job/,2013-01-01 20:18:36+00:00
15s940,"LGBT folks, how do you feel when someone says, ""OP is a fag"" or ""that's gay""?",2,/r/AskReddit/comments/15s940/lgbt_folks_how_do_you_feel_when_someone_says_op/,2013-01-01 20:18:11+00:00
15s93o,"If you try to fail and succeed, which one have you done?",0,/r/AskReddit/comments/15s93o/if_you_try_to_fail_and_succeed_which_one_have_you/,2013-01-01 20:18:03+00:00
15s92m,"Reddit, what is a New Years Resolution we should all adopt to help make the world a better place?",1,/r/AskReddit/comments/15s92m/reddit_what_is_a_new_years_resolution_we_should/,2013-01-01 20:17:40+00:00
15s92l,Do fast food companies suffer a drop in customers at the beginning of January due to New Year's resolutions?,1,/r/AskReddit/comments/15s92l/do_fast_food_companies_suffer_a_drop_in_customers/,2013-01-01 20:17:40+00:00
15s92a,"Reddit, if your playlist was turned into a fight to the death, which artist would triumph?",1,/r/AskReddit/comments/15s92a/reddit_if_your_playlist_was_turned_into_a_fight/,2013-01-01 20:17:31+00:00
15s91i,"What are some of your tricks for getting the house clean after the party is over, and it's time to clean up?",4,/r/AskReddit/comments/15s91i/what_are_some_of_your_tricks_for_getting_the/,2013-01-01 20:17:05+00:00
15s91h,Ever Consider an Asset Search?,1,/r/AskReddit/comments/15s91h/ever_consider_an_asset_search/,2013-01-01 20:17:04+00:00
15s911,In honor of National Hangover Day: What is your best drunk story?,1,/r/AskReddit/comments/15s911/in_honor_of_national_hangover_day_what_is_your/,2013-01-01 20:16:56+00:00
15s90t,"My girlfriend suffers from anxiety and panic attacks, what are things she can do to help?",2,/r/AskReddit/comments/15s90t/my_girlfriend_suffers_from_anxiety_and_panic/,2013-01-01 20:16:52+00:00
15s90l,What is something that has happened to you that had the worst timing?,3,/r/AskReddit/comments/15s90l/what_is_something_that_has_happened_to_you_that/,2013-01-01 20:16:49+00:00
15s90b,"Reddit, what are some words you say a lot that aren't real words? What do they mean?",0,/r/AskReddit/comments/15s90b/reddit_what_are_some_words_you_say_a_lot_that/,2013-01-01 20:16:42+00:00
15s909,"To contrast, what was your most awesome moment of 2012?",0,/r/AskReddit/comments/15s909/to_contrast_what_was_your_most_awesome_moment_of/,2013-01-01 20:16:41+00:00
15s903,askreddit what would be the best flavor blasted goldfish cracker?,0,/r/AskReddit/comments/15s903/askreddit_what_would_be_the_best_flavor_blasted/,2013-01-01 20:16:37+00:00
15s8za,"What is the worst lie you have ever seen someone not just say, but actually live out?",6,/r/AskReddit/comments/15s8za/what_is_the_worst_lie_you_have_ever_seen_someone/,2013-01-01 20:16:21+00:00
15s8yl,"Reddit, what's the worst date experience you've had?",1,/r/AskReddit/comments/15s8yl/reddit_whats_the_worst_date_experience_youve_had/,2013-01-01 20:15:54+00:00
15s8y5,To the Trolls of Reddit... Why?,0,/r/AskReddit/comments/15s8y5/to_the_trolls_of_reddit_why/,2013-01-01 20:15:45+00:00
15s8y4,What's something you always do when you're drunk?,1,/r/AskReddit/comments/15s8y4/whats_something_you_always_do_when_youre_drunk/,2013-01-01 20:15:44+00:00
15s8wh,"Redditors, what is your craziest experience of 2012?",1,/r/AskReddit/comments/15s8wh/redditors_what_is_your_craziest_experience_of_2012/,2013-01-01 20:15:05+00:00
15s8vg,What is you favorite Reddit post of all time?,0,/r/AskReddit/comments/15s8vg/what_is_you_favorite_reddit_post_of_all_time/,2013-01-01 20:14:38+00:00
15s8ui,Reddit have you ever experienced or witnessed a failed marriage proposal? If so explain what happened.,3,/r/AskReddit/comments/15s8ui/reddit_have_you_ever_experienced_or_witnessed_a/,2013-01-01 20:14:08+00:00
15s8uj,What cool gadgets or decorations can I add to my room?,0,/r/AskReddit/comments/15s8uj/what_cool_gadgets_or_decorations_can_i_add_to_my/,2013-01-01 20:14:08+00:00
15s8t7,Why is marijuana illegal in most parts of the world yet cigarettes known to be extremely damaging to the body is not?,3,/r/AskReddit/comments/15s8t7/why_is_marijuana_illegal_in_most_parts_of_the/,2013-01-01 20:13:27+00:00
15s8rv,"Those of you in long distance relationships, how do you make it work?",10,/r/AskReddit/comments/15s8rv/those_of_you_in_long_distance_relationships_how/,2013-01-01 20:12:56+00:00
15s8ro,"Would you ever buy a used fleshlight or dildo? If no, why would you date someone who's not a virgin, then?",0,/r/AskReddit/comments/15s8ro/would_you_ever_buy_a_used_fleshlight_or_dildo_if/,2013-01-01 20:12:49+00:00
15s8qg,"2013 is Finally Here, So Reddit What is Your New Years Resolution?",1,/r/AskReddit/comments/15s8qg/2013_is_finally_here_so_reddit_what_is_your_new/,2013-01-01 20:12:18+00:00
15s8q4,"Let's play a game. You decide the New Years Resolution of any historical figure or fictional character, but don't say who it is. What's the Resolution?",1,/r/AskReddit/comments/15s8q4/lets_play_a_game_you_decide_the_new_years/,2013-01-01 20:12:10+00:00
15s8py,"What would you say is the best death/near death scene and in what form (Book, Film, Picture etc) does it come across strongest?",1,/r/AskReddit/comments/15s8py/what_would_you_say_is_the_best_deathnear_death/,2013-01-01 20:12:06+00:00
15s8oq,"Why do people go out drinking on new years eve and expect it to be ""ok"" to come in to work the next day hungover barely able to move?",2,/r/AskReddit/comments/15s8oq/why_do_people_go_out_drinking_on_new_years_eve/,2013-01-01 20:11:38+00:00
15s8og,Reddit whats the worst job you have ever had and why?,1,/r/AskReddit/comments/15s8og/reddit_whats_the_worst_job_you_have_ever_had_and/,2013-01-01 20:11:30+00:00
15s8mt,"Reddit, what New Years resolution do u most regret not seeing through?",0,/r/AskReddit/comments/15s8mt/reddit_what_new_years_resolution_do_u_most_regret/,2013-01-01 20:10:46+00:00
15s8lz,"Dog Owners, Is there a difference between the way male and female dogs behave?",1,/r/AskReddit/comments/15s8lz/dog_owners_is_there_a_difference_between_the_way/,2013-01-01 20:10:21+00:00
15s8le,"What is the first thing you think of when you hear ""Canada""",148,/r/AskReddit/comments/15s8le/what_is_the_first_thing_you_think_of_when_you/,2013-01-01 20:09:59+00:00
15s8kn,How long have you gone without shaving or showering?,0,/r/AskReddit/comments/15s8kn/how_long_have_you_gone_without_shaving_or/,2013-01-01 20:09:36+00:00
15s8if,"Reddit, what's the best ""burn"" you've ever heard?",1,/r/AskReddit/comments/15s8if/reddit_whats_the_best_burn_youve_ever_heard/,2013-01-01 20:08:39+00:00
15s8hg,Dear Redditors: What is it like waking up mid surgery?,8,/r/AskReddit/comments/15s8hg/dear_redditors_what_is_it_like_waking_up_mid/,2013-01-01 20:08:10+00:00
15s8hf,"Reddit,What was your most memorable minute of 2012?",0,/r/AskReddit/comments/15s8hf/redditwhat_was_your_most_memorable_minute_of_2012/,2013-01-01 20:08:10+00:00
15s8h9,Why does food taste terrible when we're sick?,1,/r/AskReddit/comments/15s8h9/why_does_food_taste_terrible_when_were_sick/,2013-01-01 20:08:02+00:00
15s8gk,What serious criminal acts have you witnessed or been a part of? (NSFW),10,/r/AskReddit/comments/15s8gk/what_serious_criminal_acts_have_you_witnessed_or/,2013-01-01 20:07:41+00:00
15s8gg,"If you woke up and everyone in your state mysteriously dissapeared, what would you do?",4,/r/AskReddit/comments/15s8gg/if_you_woke_up_and_everyone_in_your_state/,2013-01-01 20:07:38+00:00
15s8e6,"Reddit, what adventures/experiences would you recommend to others?",2,/r/AskReddit/comments/15s8e6/reddit_what_adventuresexperiences_would_you/,2013-01-01 20:06:34+00:00
15s8di,What was your one biggest achievement\victory of 2012?,0,/r/AskReddit/comments/15s8di/what_was_your_one_biggest_achievementvictory_of/,2013-01-01 20:06:12+00:00
15s8c0,"Reddit, What is a movie that you have cried in?",1,/r/AskReddit/comments/15s8c0/reddit_what_is_a_movie_that_you_have_cried_in/,2013-01-01 20:05:26+00:00
15s8b8,Where do you make new friends?,4,/r/AskReddit/comments/15s8b8/where_do_you_make_new_friends/,2013-01-01 20:05:09+00:00
15s8a1,"if you found your self at the founding of a state, would you vote to include freedom of speech in the bill of rights?",0,/r/AskReddit/comments/15s8a1/if_you_found_your_self_at_the_founding_of_a_state/,2013-01-01 20:04:30+00:00
15s8a0,"Party's over, time to clean up. Reddit, what are some of your special tricks to getting the house clean?",0,/r/AskReddit/comments/15s8a0/partys_over_time_to_clean_up_reddit_what_are_some/,2013-01-01 20:04:28+00:00
15s89o,"Reddit, what are the funniest stand up shows, interesting documentaries and mind-blowing movies you've seen?",0,/r/AskReddit/comments/15s89o/reddit_what_are_the_funniest_stand_up_shows/,2013-01-01 20:04:11+00:00
15s899,"Everyone has one, so what is YOUR arcade story?",1,/r/AskReddit/comments/15s899/everyone_has_one_so_what_is_your_arcade_story/,2013-01-01 20:04:02+00:00
15s897,"Batman is a master of science, medicine and crime. If he were a redditor, what subreddits would he read?",0,/r/AskReddit/comments/15s897/batman_is_a_master_of_science_medicine_and_crime/,2013-01-01 20:04:00+00:00
15s88s,"My grandma does this thing where she answers her phone and pretends to talk to someone, I dont know if she just can't hear people or if she is losing it. Any suggestions on how to handle this?",0,/r/AskReddit/comments/15s88s/my_grandma_does_this_thing_where_she_answers_her/,2013-01-01 20:03:46+00:00
15s88p,What questionable home tricks/remedies have you heard?,5,/r/AskReddit/comments/15s88p/what_questionable_home_tricksremedies_have_you/,2013-01-01 20:03:44+00:00
15s86m,does anyone know where I can find a scumbag steve hat in the UK ?,0,/r/AskReddit/comments/15s86m/does_anyone_know_where_i_can_find_a_scumbag_steve/,2013-01-01 20:02:39+00:00
15s861,What event would many people know about today had it not been covered up by an even bigger event occurring on the same day?,3,/r/AskReddit/comments/15s861/what_event_would_many_people_know_about_today_had/,2013-01-01 20:02:24+00:00
15s84v,What have you put in your mouth while Drunk?,2,/r/AskReddit/comments/15s84v/what_have_you_put_in_your_mouth_while_drunk/,2013-01-01 20:02:01+00:00
15s83d,Can anyone learn to count cards?,1,/r/AskReddit/comments/15s83d/can_anyone_learn_to_count_cards/,2013-01-01 20:01:26+00:00
15s832,Why is not ok for male police officers/COs to strip search female inmates but it is ok for lesbians to do it?,0,/r/AskReddit/comments/15s832/why_is_not_ok_for_male_police_officerscos_to/,2013-01-01 20:01:19+00:00
15s830,Happy Hangover Reddit. Why some people puke louder than others.,0,/r/AskReddit/comments/15s830/happy_hangover_reddit_why_some_people_puke_louder/,2013-01-01 20:01:18+00:00
15s81r,How do you think the human race will physically evolve over the next million years or so?,15,/r/AskReddit/comments/15s81r/how_do_you_think_the_human_race_will_physically/,2013-01-01 20:00:37+00:00
15s80z,Bilingual people of Reddit; does it take you a second to switch in between languages?,9,/r/AskReddit/comments/15s80z/bilingual_people_of_reddit_does_it_take_you_a/,2013-01-01 20:00:18+00:00
15s7yb,Why are women more comfortable taking semi-lesbian pictures with their friends than men taking semi-gay pictures?,2,/r/AskReddit/comments/15s7yb/why_are_women_more_comfortable_taking_semilesbian/,2013-01-01 19:59:21+00:00
15s7wi,How do you study for math and science courses?,0,/r/AskReddit/comments/15s7wi/how_do_you_study_for_math_and_science_courses/,2013-01-01 19:58:23+00:00
15s7w2,"Last night (New Year's Eve), at 9:56 PM, my neighbors called in a noise complaint. How can I (legally) even the score?",1,/r/AskReddit/comments/15s7w2/last_night_new_years_eve_at_956_pm_my_neighbors/,2013-01-01 19:58:14+00:00
15s7w1,"Reddit, what is your New Years Resolution for 2013?",0,/r/AskReddit/comments/15s7w1/reddit_what_is_your_new_years_resolution_for_2013/,2013-01-01 19:58:14+00:00
15s7ux,Obligatory follow-up. What was your proudest achievement of 2012?,0,/r/AskReddit/comments/15s7ux/obligatory_followup_what_was_your_proudest/,2013-01-01 19:57:32+00:00
15s7ue,Ask Reddit: Whats the best place to put stickers?,0,/r/AskReddit/comments/15s7ue/ask_reddit_whats_the_best_place_to_put_stickers/,2013-01-01 19:57:18+00:00
15s7tz,"Doctors of Reddit, how come when you have a stuffy nose from a cold, you cant taste anything?",0,/r/AskReddit/comments/15s7tz/doctors_of_reddit_how_come_when_you_have_a_stuffy/,2013-01-01 19:57:03+00:00
15s7ty,"If the world was ending and you could only save 5 species of animals, which do you choose and why?",0,/r/AskReddit/comments/15s7ty/if_the_world_was_ending_and_you_could_only_save_5/,2013-01-01 19:57:02+00:00
15s7su,Is it wrong that I don't like being white?,0,/r/AskReddit/comments/15s7su/is_it_wrong_that_i_dont_like_being_white/,2013-01-01 19:56:31+00:00
15s7rs,How do I tell my brother that he really needs to shower more without hurting his feelings?,0,/r/AskReddit/comments/15s7rs/how_do_i_tell_my_brother_that_he_really_needs_to/,2013-01-01 19:56:09+00:00
15s7nr,What would the New Years Resolution of your favorite fictional character be?,4,/r/AskReddit/comments/15s7nr/what_would_the_new_years_resolution_of_your/,2013-01-01 19:54:25+00:00
15s7ka,"Hello, reddit. Do you like my username?",0,/r/AskReddit/comments/15s7ka/hello_reddit_do_you_like_my_username/,2013-01-01 19:53:10+00:00
15s7jy,"Reddit, whats your saddest New Year's Eve story?",0,/r/AskReddit/comments/15s7jy/reddit_whats_your_saddest_new_years_eve_story/,2013-01-01 19:53:02+00:00
15s7jb,"Waiters of Reddit, let's use this space to let it all out. No problem too petty, no complaint too trivial: What do you absolutely hate about your job?",0,/r/AskReddit/comments/15s7jb/waiters_of_reddit_lets_use_this_space_to_let_it/,2013-01-01 19:52:44+00:00
15s7j7,What animated series has the best theme song and why?,1,/r/AskReddit/comments/15s7j7/what_animated_series_has_the_best_theme_song_and/,2013-01-01 19:52:43+00:00
15s7is,I write for a very specific niche blog. I am running out of ideas for things to cover. What can reddit come up with for topics?,0,/r/AskReddit/comments/15s7is/i_write_for_a_very_specific_niche_blog_i_am/,2013-01-01 19:52:34+00:00
15s7gw,"How to tell him that i love him when he is miles away and has no clue, reddit help ?",0,/r/AskReddit/comments/15s7gw/how_to_tell_him_that_i_love_him_when_he_is_miles/,2013-01-01 19:51:47+00:00
15s7gi,"If human pregnancy only lasted 1 week long, how do you think society would be affected?",5,/r/AskReddit/comments/15s7gi/if_human_pregnancy_only_lasted_1_week_long_how_do/,2013-01-01 19:51:37+00:00
15s7fd,What is the most interesting fact you don't know?,0,/r/AskReddit/comments/15s7fd/what_is_the_most_interesting_fact_you_dont_know/,2013-01-01 19:51:01+00:00
15s7ef,What are some really cool things I can install in my soon-to-be house?,1,/r/AskReddit/comments/15s7ef/what_are_some_really_cool_things_i_can_install_in/,2013-01-01 19:50:31+00:00
15s7dz,What do you hope to get out of 2013?,0,/r/AskReddit/comments/15s7dz/what_do_you_hope_to_get_out_of_2013/,2013-01-01 19:50:18+00:00
15s7c6,"Here's the flip-side: Reddit, what did you do right this year?",0,/r/AskReddit/comments/15s7c6/heres_the_flipside_reddit_what_did_you_do_right/,2013-01-01 19:49:26+00:00
15s7c0,What's the best way to generate passive income?,5,/r/AskReddit/comments/15s7c0/whats_the_best_way_to_generate_passive_income/,2013-01-01 19:49:20+00:00
15s78r,What are your new year resolutions?,0,/r/AskReddit/comments/15s78r/what_are_your_new_year_resolutions/,2013-01-01 19:47:51+00:00
15s785,What is the secret of not giving a shit?,7,/r/AskReddit/comments/15s785/what_is_the_secret_of_not_giving_a_shit/,2013-01-01 19:47:35+00:00
15s76k,"Women of Reddit, how many of you use the bathroom with the door shut around your SO?",0,/r/AskReddit/comments/15s76k/women_of_reddit_how_many_of_you_use_the_bathroom/,2013-01-01 19:46:41+00:00
15s769,"Reddit, what day out of the year do you think has the most cake days?",0,/r/AskReddit/comments/15s769/reddit_what_day_out_of_the_year_do_you_think_has/,2013-01-01 19:46:34+00:00
15s74y,"So since no one has asked yet, Reddit, what are your New Years Resolutions?",1,/r/AskReddit/comments/15s74y/so_since_no_one_has_asked_yet_reddit_what_are/,2013-01-01 19:46:01+00:00
15s74d,What is your craziest drunken/ New Years story that's happened to you or something you saw?,0,/r/AskReddit/comments/15s74d/what_is_your_craziest_drunken_new_years_story/,2013-01-01 19:45:47+00:00
15s743,Which of the Hulk movies are considered canon to the Joss Whedon Avengers universe?,1,/r/AskReddit/comments/15s743/which_of_the_hulk_movies_are_considered_canon_to/,2013-01-01 19:45:41+00:00
15s741,Which photo sums up your 2012?,1,/r/AskReddit/comments/15s741/which_photo_sums_up_your_2012/,2013-01-01 19:45:40+00:00
15s736,"Non-single People of Reddit, How happy are you with your current relationship?",0,/r/AskReddit/comments/15s736/nonsingle_people_of_reddit_how_happy_are_you_with/,2013-01-01 19:45:18+00:00
15s71g,What interesting things are you hoping to achieve in 2013?,0,/r/AskReddit/comments/15s71g/what_interesting_things_are_you_hoping_to_achieve/,2013-01-01 19:44:20+00:00
15s71e,What did everybody learn last night?,0,/r/AskReddit/comments/15s71e/what_did_everybody_learn_last_night/,2013-01-01 19:44:17+00:00
15s70v,What was your single greatest accomplishment of 2012?,0,/r/AskReddit/comments/15s70v/what_was_your_single_greatest_accomplishment_of/,2013-01-01 19:44:03+00:00
15s70f,"Women of reddit, what advice would you give guys who are looking to 'chat you up' on a night out?",0,/r/AskReddit/comments/15s70f/women_of_reddit_what_advice_would_you_give_guys/,2013-01-01 19:43:50+00:00
15s709,What all goes into making a Windows game for Linux?,0,/r/AskReddit/comments/15s709/what_all_goes_into_making_a_windows_game_for_linux/,2013-01-01 19:43:45+00:00
15s707,"Reddit, what songs always makes you feel better when you're down?",0,/r/AskReddit/comments/15s707/reddit_what_songs_always_makes_you_feel_better/,2013-01-01 19:43:44+00:00
15s700,"Reddit, what's a bizarre quirk that you do nearly every day that you've never told anyone?",8,/r/AskReddit/comments/15s700/reddit_whats_a_bizarre_quirk_that_you_do_nearly/,2013-01-01 19:43:38+00:00
15s6zx,How does one hack a websites or even start hacking?,0,/r/AskReddit/comments/15s6zx/how_does_one_hack_a_websites_or_even_start_hacking/,2013-01-01 19:43:37+00:00
15s6yt,If there was only one thing you could do before you die what would it be?,10,/r/AskReddit/comments/15s6yt/if_there_was_only_one_thing_you_could_do_before/,2013-01-01 19:43:12+00:00
15s6xj,What is the worst injury that you have ever endured?,2,/r/AskReddit/comments/15s6xj/what_is_the_worst_injury_that_you_have_ever/,2013-01-01 19:42:35+00:00
15s6we,"Gamblers of Reddit, what is the craziest (Good or Bad) thing you have seen happen at a casino?",2,/r/AskReddit/comments/15s6we/gamblers_of_reddit_what_is_the_craziest_good_or/,2013-01-01 19:42:07+00:00
15s6vw,"Reddit, what crazy things happened to you on today?",0,/r/AskReddit/comments/15s6vw/reddit_what_crazy_things_happened_to_you_on_today/,2013-01-01 19:41:56+00:00
15s6v5,"Reddit, I don't do New Year's resolutions any more because I never follow through. What's a New Year's resolution that you've actually followed through on?",2,/r/AskReddit/comments/15s6v5/reddit_i_dont_do_new_years_resolutions_any_more/,2013-01-01 19:41:40+00:00
15s6v3,Does anyone else feel better in certain ways while hungover?,0,/r/AskReddit/comments/15s6v3/does_anyone_else_feel_better_in_certain_ways/,2013-01-01 19:41:39+00:00
15s6tv,What are your guilty pleasures?,1,/r/AskReddit/comments/15s6tv/what_are_your_guilty_pleasures/,2013-01-01 19:41:13+00:00
15s6sq,"Fast food workers of reddit, how much is the soda watered down/how much syrup is in a drink?",0,/r/AskReddit/comments/15s6sq/fast_food_workers_of_reddit_how_much_is_the_soda/,2013-01-01 19:40:29+00:00
15s6rp,What was the most annoying trend of 2012?,2,/r/AskReddit/comments/15s6rp/what_was_the_most_annoying_trend_of_2012/,2013-01-01 19:40:01+00:00
15s6rd,"Terrible film aside, why is 'White Chicks' not considered racist?",3,/r/AskReddit/comments/15s6rd/terrible_film_aside_why_is_white_chicks_not/,2013-01-01 19:39:51+00:00
15s6qx,Whats your strangest dream ever?,0,/r/AskReddit/comments/15s6qx/whats_your_strangest_dream_ever/,2013-01-01 19:39:41+00:00
15s6qq,"Why are (most) men proud of getting older, while (most) women hide their age and want to be younger?",3,/r/AskReddit/comments/15s6qq/why_are_most_men_proud_of_getting_older_while/,2013-01-01 19:39:36+00:00
15s6p2,"Reddit, what's the weirdest dream you've ever had?",1,/r/AskReddit/comments/15s6p2/reddit_whats_the_weirdest_dream_youve_ever_had/,2013-01-01 19:38:56+00:00
15s6ol,What are some wrong beliefs and misconceptions people have about you?,1,/r/AskReddit/comments/15s6ol/what_are_some_wrong_beliefs_and_misconceptions/,2013-01-01 19:38:44+00:00
15s6of,What kind of insect bite is this?,0,/r/AskReddit/comments/15s6of/what_kind_of_insect_bite_is_this/,2013-01-01 19:38:39+00:00
15s6o8,What would be the best subreddit to post to asking for donations?,0,/r/AskReddit/comments/15s6o8/what_would_be_the_best_subreddit_to_post_to/,2013-01-01 19:38:35+00:00
15s6mj,"Enough with all the sad ""fuck up"" stories, what are some of your happiest moments of 2012?",0,/r/AskReddit/comments/15s6mj/enough_with_all_the_sad_fuck_up_stories_what_are/,2013-01-01 19:37:50+00:00
15s6me,"AskReddit, Where are you most likely to be at 8:00 pm on a Saturday?",1,/r/AskReddit/comments/15s6me/askreddit_where_are_you_most_likely_to_be_at_800/,2013-01-01 19:37:43+00:00
15s6md,"Grocery store employees of Reddit, what do those random automated notices mean over the PA?",1,/r/AskReddit/comments/15s6md/grocery_store_employees_of_reddit_what_do_those/,2013-01-01 19:37:43+00:00
15s6lk,"Reddit, is it possible to be successful after attending a for-profit college like Everest?",1,/r/AskReddit/comments/15s6lk/reddit_is_it_possible_to_be_successful_after/,2013-01-01 19:37:22+00:00
15s6ld,3/4 of a college essay and was hoping for some thoughts before i go further?,0,/r/AskReddit/comments/15s6ld/34_of_a_college_essay_and_was_hoping_for_some/,2013-01-01 19:37:17+00:00
15s6jx,"How do you guys find the mp4 video format for movies? Isn't much smaller and better than divx, xvid etc? Why isn't every1 using mp4 already?",1,/r/AskReddit/comments/15s6jx/how_do_you_guys_find_the_mp4_video_format_for/,2013-01-01 19:36:29+00:00
15s6j9,What television quote changed your perspective on life?,24,/r/AskReddit/comments/15s6j9/what_television_quote_changed_your_perspective_on/,2013-01-01 19:36:11+00:00
15s6ir,How can I have good cable management?,0,/r/AskReddit/comments/15s6ir/how_can_i_have_good_cable_management/,2013-01-01 19:35:55+00:00
15s6i4,"Why are direct links to pictures upvoted a ton, while self-posts have a really hard time beeing noticed at all?",2,/r/AskReddit/comments/15s6i4/why_are_direct_links_to_pictures_upvoted_a_ton/,2013-01-01 19:35:40+00:00
15s6hb,What was your strange New Years Eve meal?,1,/r/AskReddit/comments/15s6hb/what_was_your_strange_new_years_eve_meal/,2013-01-01 19:35:19+00:00
15s6gu,"Hotel workers of Reddit, what are things to know when we spend the night?",452,/r/AskReddit/comments/15s6gu/hotel_workers_of_reddit_what_are_things_to_know/,2013-01-01 19:35:09+00:00
15s6gq,What are some legal and practical loopholes that people can take advantage of on a regular basis?,1,/r/AskReddit/comments/15s6gq/what_are_some_legal_and_practical_loopholes_that/,2013-01-01 19:35:04+00:00
15s6fo,What is the most interesting story you have on a time when you answered your front door?,1,/r/AskReddit/comments/15s6fo/what_is_the_most_interesting_story_you_have_on_a/,2013-01-01 19:34:36+00:00
15s6fb,"Reddit, what's the funniest/wittiest advice you've ever got?",1,/r/AskReddit/comments/15s6fb/reddit_whats_the_funniestwittiest_advice_youve/,2013-01-01 19:34:25+00:00
15s6ed,Do you have an interesting family recipe you've never seen anybody outside your family eat?,1,/r/AskReddit/comments/15s6ed/do_you_have_an_interesting_family_recipe_youve/,2013-01-01 19:34:01+00:00
15s6eb,What is one major thing you want to change in your life for 2013?,1,/r/AskReddit/comments/15s6eb/what_is_one_major_thing_you_want_to_change_in/,2013-01-01 19:33:57+00:00
15s6bx,What was your biggest triumph of 2012?,0,/r/AskReddit/comments/15s6bx/what_was_your_biggest_triumph_of_2012/,2013-01-01 19:32:48+00:00
15s6bn,"People of reddit who switched from being non religious to religious, why did you do it? And people who stopped believing in their religion, why did you stop?",2,/r/AskReddit/comments/15s6bn/people_of_reddit_who_switched_from_being_non/,2013-01-01 19:32:37+00:00
15s6bb,What's that thing she says that makes you wanna slap her? [possible nsfw language],0,/r/AskReddit/comments/15s6bb/whats_that_thing_she_says_that_makes_you_wanna/,2013-01-01 19:32:25+00:00
15s6b5,"People who live on country borders, how do you deal with the language / cultural split?",1,/r/AskReddit/comments/15s6b5/people_who_live_on_country_borders_how_do_you/,2013-01-01 19:32:22+00:00
15s6b3,"I'm curious Reddit, how did you celebrate the New Year?",0,/r/AskReddit/comments/15s6b3/im_curious_reddit_how_did_you_celebrate_the_new/,2013-01-01 19:32:19+00:00
15s6a4,"Otherkin of Reddit, how does one find their Dragon name?",0,/r/AskReddit/comments/15s6a4/otherkin_of_reddit_how_does_one_find_their_dragon/,2013-01-01 19:31:59+00:00
15s68z,Why are human babies so vurnable and dependant compared to other mammal babies?,0,/r/AskReddit/comments/15s68z/why_are_human_babies_so_vurnable_and_dependant/,2013-01-01 19:31:30+00:00
15s67o,What's the craziest thing you've ever seen happen in a Waffle House?,8,/r/AskReddit/comments/15s67o/whats_the_craziest_thing_youve_ever_seen_happen/,2013-01-01 19:30:44+00:00
15s676,"Reddit, how can I/we get more enjoyment out of life?",2,/r/AskReddit/comments/15s676/reddit_how_can_iwe_get_more_enjoyment_out_of_life/,2013-01-01 19:30:34+00:00
15s62n,Have you ever gotten back with an ex boyfriend/girlfriend and had a successful long term relationship?,1,/r/AskReddit/comments/15s62n/have_you_ever_gotten_back_with_an_ex/,2013-01-01 19:28:30+00:00
15s629,What do you want to do with your life? What are your ambitions? What is your ultimate goal?,3,/r/AskReddit/comments/15s629/what_do_you_want_to_do_with_your_life_what_are/,2013-01-01 19:28:22+00:00
15s621,What is your favorite documentary of all time?,1,/r/AskReddit/comments/15s621/what_is_your_favorite_documentary_of_all_time/,2013-01-01 19:28:13+00:00
15s61v,"911 operators of Reddit, what's the most disturbing call that you've ever received?",0,/r/AskReddit/comments/15s61v/911_operators_of_reddit_whats_the_most_disturbing/,2013-01-01 19:28:10+00:00
15s61m,What Songs Do Women Like Waking Up To?,1,/r/AskReddit/comments/15s61m/what_songs_do_women_like_waking_up_to/,2013-01-01 19:28:00+00:00
15s612,What are some weird or intersting New Year's superstitions in your country?,3,/r/AskReddit/comments/15s612/what_are_some_weird_or_intersting_new_years/,2013-01-01 19:27:42+00:00
15s60m,I love informing people of random facts! Who has got some good ones?,1,/r/AskReddit/comments/15s60m/i_love_informing_people_of_random_facts_who_has/,2013-01-01 19:27:27+00:00
15s602,"Okay, Reddit. There were some pretty crazy New Years Eve parties last night! What were yours like?",0,/r/AskReddit/comments/15s602/okay_reddit_there_were_some_pretty_crazy_new/,2013-01-01 19:27:13+00:00
15s5zy,"College students of Reddit, how hard do you really work?",1,/r/AskReddit/comments/15s5zy/college_students_of_reddit_how_hard_do_you_really/,2013-01-01 19:27:12+00:00
15s5zn,"Just got back from skiing. Reddit, what is your best/worst/funniest ski story that has made every listener laugh their asses off with every retelling?",0,/r/AskReddit/comments/15s5zn/just_got_back_from_skiing_reddit_what_is_your/,2013-01-01 19:27:02+00:00
15s5z1,What is your top 5 New Year Resolution?,1,/r/AskReddit/comments/15s5z1/what_is_your_top_5_new_year_resolution/,2013-01-01 19:26:45+00:00
15s5xk,Redditor Writers: What have you done that best cures writer's block?,3,/r/AskReddit/comments/15s5xk/redditor_writers_what_have_you_done_that_best/,2013-01-01 19:26:10+00:00
15s5xj,"Reddit, what would the world be like if people grew a foot every year?",0,/r/AskReddit/comments/15s5xj/reddit_what_would_the_world_be_like_if_people/,2013-01-01 19:26:09+00:00
15s5wv,"You are in a Battle Royale type situation, but you get to choose your weapon...what do you choose?",1,/r/AskReddit/comments/15s5wv/you_are_in_a_battle_royale_type_situation_but_you/,2013-01-01 19:25:50+00:00
15s5uw,"Taxi drivers/chauffers etc. of Reddit, what's the strangest thing that happened in the back of your vehicle?",20,/r/AskReddit/comments/15s5uw/taxi_driverschauffers_etc_of_reddit_whats_the/,2013-01-01 19:24:49+00:00
15s5u4,What is your 2013 New Year Resolution?,0,/r/AskReddit/comments/15s5u4/what_is_your_2013_new_year_resolution/,2013-01-01 19:24:31+00:00
15s5td,"Last night I called a girl raunchy out of some dumb primal beta-move thinking she wouldn't care, and pissed her the fuck off. Reddit, how'd you start off your new year?",0,/r/AskReddit/comments/15s5td/last_night_i_called_a_girl_raunchy_out_of_some/,2013-01-01 19:24:09+00:00
15s5t8,What was the best thing you have done in 2012? What are you most proud of?,1,/r/AskReddit/comments/15s5t8/what_was_the_best_thing_you_have_done_in_2012/,2013-01-01 19:24:07+00:00
15s5sl,Is there a food/dish that you used to dislike or hate but now really like? What changed your mind?,1,/r/AskReddit/comments/15s5sl/is_there_a_fooddish_that_you_used_to_dislike_or/,2013-01-01 19:23:51+00:00
15s5rv,"Redditors of Reddit, who browse AskReddit, which pet peeves do you frequently do/use yourself, even-though you know they're pissing people off?",0,/r/AskReddit/comments/15s5rv/redditors_of_reddit_who_browse_askreddit_which/,2013-01-01 19:23:34+00:00
15s5pp,What were the worst movie mistakes you spotted in 2012?,2,/r/AskReddit/comments/15s5pp/what_were_the_worst_movie_mistakes_you_spotted_in/,2013-01-01 19:22:26+00:00
15s5oo,Is there a town that's stuck in the 50's?,0,/r/AskReddit/comments/15s5oo/is_there_a_town_thats_stuck_in_the_50s/,2013-01-01 19:22:01+00:00
15s5nz,"I need to dedicate more of myself to other people. If it falls within my skillset, Reddit what can I do for you?",2,/r/AskReddit/comments/15s5nz/i_need_to_dedicate_more_of_myself_to_other_people/,2013-01-01 19:21:36+00:00
15s5lr,"Reddit, i'm about to take my 3rd driving test tomorrow and I feel I fail because of nerves. Tips to calm me down?",0,/r/AskReddit/comments/15s5lr/reddit_im_about_to_take_my_3rd_driving_test/,2013-01-01 19:20:35+00:00
15s5l4,Who here had sex on new ear's day??!?! Was it routine or was it special and why?,0,/r/AskReddit/comments/15s5l4/who_here_had_sex_on_new_ears_day_was_it_routine/,2013-01-01 19:20:13+00:00
15s5kf,"Reddit, we're all anonymous friends here. What's your job, and how much do you make? I'll start.",1,/r/AskReddit/comments/15s5kf/reddit_were_all_anonymous_friends_here_whats_your/,2013-01-01 19:19:59+00:00
15s5kg,A friend of mine asked me to post this because she thinks she got raped. A little help please??,0,/r/AskReddit/comments/15s5kg/a_friend_of_mine_asked_me_to_post_this_because/,2013-01-01 19:19:59+00:00
15s5k4,"Now we've all recovered from NYE and settling down, what weird shit did you wake up too this morning?",0,/r/AskReddit/comments/15s5k4/now_weve_all_recovered_from_nye_and_settling_down/,2013-01-01 19:19:52+00:00
15s5k1,Does anyone have any advice or want to share their experiences with honeymooning in Bora Bora?,1,/r/AskReddit/comments/15s5k1/does_anyone_have_any_advice_or_want_to_share/,2013-01-01 19:19:51+00:00
15s5je,"I was dumped by the girl of my dreams on New Years eve. /r/askreddit, what is some good ways to get over breakups?",0,/r/AskReddit/comments/15s5je/i_was_dumped_by_the_girl_of_my_dreams_on_new/,2013-01-01 19:19:34+00:00
15s5i5,"Dear Reddit, as cliché as it may be, what is your New Years resolution(s)?",0,/r/AskReddit/comments/15s5i5/dear_reddit_as_cliché_as_it_may_be_what_is_your/,2013-01-01 19:18:57+00:00
15s5hx,"Dear reddit, what is an important book that you think everyone should read?",2,/r/AskReddit/comments/15s5hx/dear_reddit_what_is_an_important_book_that_you/,2013-01-01 19:18:47+00:00
15s5hr,How improved do you think the United States would be if it was split into two or three smaller countries?,8,/r/AskReddit/comments/15s5hr/how_improved_do_you_think_the_united_states_would/,2013-01-01 19:18:43+00:00
15s5hl,"Enjoying your hangover, Reddit?",0,/r/AskReddit/comments/15s5hl/enjoying_your_hangover_reddit/,2013-01-01 19:18:38+00:00
15s5hf,Who else strategizes when they eat?,0,/r/AskReddit/comments/15s5hf/who_else_strategizes_when_they_eat/,2013-01-01 19:18:34+00:00
15s5gn,"Doctors/nurses of reddit, what are some cases of patients being a Lil bitch or overreacting?",0,/r/AskReddit/comments/15s5gn/doctorsnurses_of_reddit_what_are_some_cases_of/,2013-01-01 19:18:14+00:00
15s5gb,"Reddit, Bangladesh is one of the most poorest countries in the world. As citizen of Bangladesh, what kind of business can I start that will solve poverty in the country?",1,/r/AskReddit/comments/15s5gb/reddit_bangladesh_is_one_of_the_most_poorest/,2013-01-01 19:18:07+00:00
15s5es,What was your one biggest win of 2012?,0,/r/AskReddit/comments/15s5es/what_was_your_one_biggest_win_of_2012/,2013-01-01 19:17:30+00:00
15s5di,"Reddit, if the prison industrial complex provides free labor, what/for who is the labor being done?",3,/r/AskReddit/comments/15s5di/reddit_if_the_prison_industrial_complex_provides/,2013-01-01 19:16:52+00:00
15s5dg,What popular fads or things we do now do you think we will look back and laugh at ourselves for in the future?,35,/r/AskReddit/comments/15s5dg/what_popular_fads_or_things_we_do_now_do_you/,2013-01-01 19:16:50+00:00
15s5cr,Where does the flu keep coming from?,6,/r/AskReddit/comments/15s5cr/where_does_the_flu_keep_coming_from/,2013-01-01 19:16:33+00:00
15s5co,"For those born in 1993 is it weird, amazing that in just one year you'll be a legal adult and do you have any memorable moments during those 20 years?",0,/r/AskReddit/comments/15s5co/for_those_born_in_1993_is_it_weird_amazing_that/,2013-01-01 19:16:31+00:00
15s5c5,"Radio DJs... Are you at all sick of the music you're forced to play as we, the listeners are?",3,/r/AskReddit/comments/15s5c5/radio_djs_are_you_at_all_sick_of_the_music_youre/,2013-01-01 19:16:17+00:00
15s5c2,"Reddit, what do you want to name your children?",2,/r/AskReddit/comments/15s5c2/reddit_what_do_you_want_to_name_your_children/,2013-01-01 19:16:14+00:00
15s5bo,"Males of Reddit: How gross are you, really?",0,/r/AskReddit/comments/15s5bo/males_of_reddit_how_gross_are_you_really/,2013-01-01 19:16:03+00:00
15s5b9,Help! I despise going to my dad's house and I don't know what to do!,0,/r/AskReddit/comments/15s5b9/help_i_despise_going_to_my_dads_house_and_i_dont/,2013-01-01 19:15:51+00:00
15s5ai,"Hey Reddit, let's play a game! Where is this place?",0,/r/AskReddit/comments/15s5ai/hey_reddit_lets_play_a_game_where_is_this_place/,2013-01-01 19:15:31+00:00
15s5aa,Why does Sweden not have any serial killers?,0,/r/AskReddit/comments/15s5aa/why_does_sweden_not_have_any_serial_killers/,2013-01-01 19:15:26+00:00
15s59u,"Redditters in successful, long-lasting relationships, what tips can you give on how you've kept your relationship fresh and exciting over the years?",2,/r/AskReddit/comments/15s59u/redditters_in_successful_longlasting/,2013-01-01 19:15:17+00:00
15s581,How can a person tell if they are actually a victim or if they're just throwing themselves a pity party?,2,/r/AskReddit/comments/15s581/how_can_a_person_tell_if_they_are_actually_a/,2013-01-01 19:14:27+00:00
15s57n,What was the most positive moment you have ever experienced in your personal life?,0,/r/AskReddit/comments/15s57n/what_was_the_most_positive_moment_you_have_ever/,2013-01-01 19:14:16+00:00
15s576,"Dear compulsive liars of Reddit, what does it feel like to always lie?",25,/r/AskReddit/comments/15s576/dear_compulsive_liars_of_reddit_what_does_it_feel/,2013-01-01 19:13:58+00:00
15s575,"I'm seeing a lot of sad ""I spent New Year's Eve alone"" posts recently. However, I'm sure there are tons of happy stories out there. Reddit, what made your New Year's Eve special?",0,/r/AskReddit/comments/15s575/im_seeing_a_lot_of_sad_i_spent_new_years_eve/,2013-01-01 19:13:55+00:00
15s56q,"Reddit, what's the happiest you've ever been?",2,/r/AskReddit/comments/15s56q/reddit_whats_the_happiest_youve_ever_been/,2013-01-01 19:13:42+00:00
15s568,"Redditors, what's the biggest change you wish to see in reddit in 2013?",0,/r/AskReddit/comments/15s568/redditors_whats_the_biggest_change_you_wish_to/,2013-01-01 19:13:28+00:00
15s54w,What celebrity would you most love to find out is a redditor?,0,/r/AskReddit/comments/15s54w/what_celebrity_would_you_most_love_to_find_out_is/,2013-01-01 19:12:48+00:00
15s548,"if you were to die today, what is one thing you don't want your family/friends finding when they clean out your stuff?",0,/r/AskReddit/comments/15s548/if_you_were_to_die_today_what_is_one_thing_you/,2013-01-01 19:12:30+00:00
15s539,What is your favorite closing line to a book or movie?,0,/r/AskReddit/comments/15s539/what_is_your_favorite_closing_line_to_a_book_or/,2013-01-01 19:11:52+00:00
15s52p,"Reddit, what's your favorite way to relieve stress?",2,/r/AskReddit/comments/15s52p/reddit_whats_your_favorite_way_to_relieve_stress/,2013-01-01 19:11:36+00:00
15s52h,As an American I know that there certainly are Brits who do terrific American accents. Are there any Americans who do passable Brit accents?,0,/r/AskReddit/comments/15s52h/as_an_american_i_know_that_there_certainly_are/,2013-01-01 19:11:32+00:00
15s528,"If you could go back to when you were 10 years old, what advice would you give yourself?",0,/r/AskReddit/comments/15s528/if_you_could_go_back_to_when_you_were_10_years/,2013-01-01 19:11:15+00:00
15s50v,"How was your New Years Ruined? (Breakup, Fight, Arrest, Hospital, Etc.)",4,/r/AskReddit/comments/15s50v/how_was_your_new_years_ruined_breakup_fight/,2013-01-01 19:10:33+00:00
15s50e,"Reddit, what is the number 1 thing you want to stop yourself from doing in 2013?",0,/r/AskReddit/comments/15s50e/reddit_what_is_the_number_1_thing_you_want_to/,2013-01-01 19:10:22+00:00
15s4za,"A couple years ago I went to the amazing Osaka aquarium. They have two gigantic whale sharks in their tank, and I can't help but ask myself ""How in the hell did they put them in there?""",2,/r/AskReddit/comments/15s4za/a_couple_years_ago_i_went_to_the_amazing_osaka/,2013-01-01 19:09:46+00:00
15s4ys,"when posting for the first time...how does one go about doing so...ie a ""fb gold"" to random funny pic",0,/r/AskReddit/comments/15s4ys/when_posting_for_the_first_timehow_does_one_go/,2013-01-01 19:09:36+00:00
15s4yi,"If you met yourself from ten years ago, what is one thing you would tell yourself, and what is one thing they would tell you?",11,/r/AskReddit/comments/15s4yi/if_you_met_yourself_from_ten_years_ago_what_is/,2013-01-01 19:09:32+00:00
15s4yh,Socially awkward Redditors who ended up with outgoing/extroverted significant others: what was it like meeting your SO's [extroverted] family?,2,/r/AskReddit/comments/15s4yh/socially_awkward_redditors_who_ended_up_with/,2013-01-01 19:09:31+00:00
15s4xm,"Reddit, I have been wondering this my whole life. Why are yellow Starbursts tougher to chew?",2,/r/AskReddit/comments/15s4xm/reddit_i_have_been_wondering_this_my_whole_life/,2013-01-01 19:09:01+00:00
15s4wa,"If someone's knowledge of you only came from your internet history, what would they think you're like?",8,/r/AskReddit/comments/15s4wa/if_someones_knowledge_of_you_only_came_from_your/,2013-01-01 19:08:19+00:00
15s4w6,What would you do if you were shrunk down to an inch tall?,0,/r/AskReddit/comments/15s4w6/what_would_you_do_if_you_were_shrunk_down_to_an/,2013-01-01 19:08:18+00:00
15s4vo,What is your favourite animated Disney movie and why?,30,/r/AskReddit/comments/15s4vo/what_is_your_favourite_animated_disney_movie_and/,2013-01-01 19:07:59+00:00
15s4uj,How is the fiscal cliff bill that raises taxes passed by the senate Constitutional? It raises taxes and any bill that raises tax revenue must originate in the HOR not the Senate...,1,/r/AskReddit/comments/15s4uj/how_is_the_fiscal_cliff_bill_that_raises_taxes/,2013-01-01 19:07:21+00:00
15s4ud,"Reddit, what bugs you the most?",0,/r/AskReddit/comments/15s4ud/reddit_what_bugs_you_the_most/,2013-01-01 19:07:18+00:00
15s4t6,Is there a subreddit that has images of cars that have crashed into buildings?,1,/r/AskReddit/comments/15s4t6/is_there_a_subreddit_that_has_images_of_cars_that/,2013-01-01 19:06:48+00:00
15s4se,Friends boyfriend is beating her.. what should I do?,1,/r/AskReddit/comments/15s4se/friends_boyfriend_is_beating_her_what_should_i_do/,2013-01-01 19:06:29+00:00
15s4qx,What's the longest you've ever played a video game for?,1,/r/AskReddit/comments/15s4qx/whats_the_longest_youve_ever_played_a_video_game/,2013-01-01 19:05:48+00:00
15s4qi,"Reddit, has a company ever lost something you owned and then said ""they weren't responsible?"" Can anything be done? What did you do about it?",1,/r/AskReddit/comments/15s4qi/reddit_has_a_company_ever_lost_something_you/,2013-01-01 19:05:38+00:00
15s4q7,Are these people considered atheists or pagans?,1,/r/AskReddit/comments/15s4q7/are_these_people_considered_atheists_or_pagans/,2013-01-01 19:05:29+00:00
15s4nq,What is the worst advice you could give someone visiting your country for the first time?,127,/r/AskReddit/comments/15s4nq/what_is_the_worst_advice_you_could_give_someone/,2013-01-01 19:04:24+00:00
15s4nn,Why the fuck is tumblr so popular?,1,/r/AskReddit/comments/15s4nn/why_the_fuck_is_tumblr_so_popular/,2013-01-01 19:04:23+00:00
15s4nk,When did you decide it was time to write up your Will?,1,/r/AskReddit/comments/15s4nk/when_did_you_decide_it_was_time_to_write_up_your/,2013-01-01 19:04:19+00:00
15s4lx,Have you ever hated an actor/actress because of a character they play?,2,/r/AskReddit/comments/15s4lx/have_you_ever_hated_an_actoractress_because_of_a/,2013-01-01 19:03:18+00:00
15s4kc,How did the media affect the Jerry Sandusky case?,0,/r/AskReddit/comments/15s4kc/how_did_the_media_affect_the_jerry_sandusky_case/,2013-01-01 19:02:34+00:00
15s4ji,Anyone else have a parent that's too old-fashioned for reddit?,0,/r/AskReddit/comments/15s4ji/anyone_else_have_a_parent_thats_too_oldfashioned/,2013-01-01 19:02:14+00:00
15s4hc,"Women of Reddit with big boobs, do they come unhandy sometimes?",0,/r/AskReddit/comments/15s4hc/women_of_reddit_with_big_boobs_do_they_come/,2013-01-01 19:01:20+00:00
15s4g9,What are some essential Philip Glass songs I should get?,1,/r/AskReddit/comments/15s4g9/what_are_some_essential_philip_glass_songs_i/,2013-01-01 19:00:39+00:00
15s4eu,I wonder what all the people with triskaidekaphobia are doing this year?,1,/r/AskReddit/comments/15s4eu/i_wonder_what_all_the_people_with/,2013-01-01 19:00:02+00:00
15s4ep,Do any of you's know what the best poison is if you want to make someone disappear and how fast it would take to get rid of the stuff I made to poison them with?,0,/r/AskReddit/comments/15s4ep/do_any_of_yous_know_what_the_best_poison_is_if/,2013-01-01 18:59:55+00:00
15s4ee,"Public High School Teachers of Reddit, how do you deal with a student's problems?",1,/r/AskReddit/comments/15s4ee/public_high_school_teachers_of_reddit_how_do_you/,2013-01-01 18:59:49+00:00
15s4dx,I have a massive cocaine problem and I don't know how to stop. I'm ruining my life.,2,/r/AskReddit/comments/15s4dx/i_have_a_massive_cocaine_problem_and_i_dont_know/,2013-01-01 18:59:37+00:00
15s4cs,What is something I can do once a day in 2013 to improve myself and/or the people around me?,3,/r/AskReddit/comments/15s4cs/what_is_something_i_can_do_once_a_day_in_2013_to/,2013-01-01 18:59:11+00:00
15s4cc,What is the craziest/most memorable thing you experienced on New Years Eve/Day?,0,/r/AskReddit/comments/15s4cc/what_is_the_craziestmost_memorable_thing_you/,2013-01-01 18:58:58+00:00
15s4bk,What are some tactics every person should know to diffuse a violent situation?,35,/r/AskReddit/comments/15s4bk/what_are_some_tactics_every_person_should_know_to/,2013-01-01 18:58:32+00:00
15s49z,Is it wrong to work on a comedy that may be considered ridicule of a person?,1,/r/AskReddit/comments/15s49z/is_it_wrong_to_work_on_a_comedy_that_may_be/,2013-01-01 18:57:51+00:00
15s49a,"Maids of Reddit, what is the weirdest thing you have seen when cleaning a room?",26,/r/AskReddit/comments/15s49a/maids_of_reddit_what_is_the_weirdest_thing_you/,2013-01-01 18:57:29+00:00
15s48y,what are the best laptops to buy for a cheap price?,1,/r/AskReddit/comments/15s48y/what_are_the_best_laptops_to_buy_for_a_cheap_price/,2013-01-01 18:57:15+00:00
15s48v,Since when did reddit become 4chan?,1,/r/AskReddit/comments/15s48v/since_when_did_reddit_become_4chan/,2013-01-01 18:57:11+00:00
15s484,What combination of sauces or condiments do you love or hate?,0,/r/AskReddit/comments/15s484/what_combination_of_sauces_or_condiments_do_you/,2013-01-01 18:56:46+00:00
15s47k,"For those that have been close to/considered suicide or been extremely depressed and overcome it, what was it that brought you back up from that low point?",74,/r/AskReddit/comments/15s47k/for_those_that_have_been_close_toconsidered/,2013-01-01 18:56:34+00:00
15s475,Reddit what was you first job and did it suck?,2,/r/AskReddit/comments/15s475/reddit_what_was_you_first_job_and_did_it_suck/,2013-01-01 18:56:20+00:00
15s45h,Which words would you like to see banned from reddit?,2,/r/AskReddit/comments/15s45h/which_words_would_you_like_to_see_banned_from/,2013-01-01 18:55:40+00:00
15s41k,"Reddit, Received a $13000 check from Grandpa for Christmas. What should we do with it?",0,/r/AskReddit/comments/15s41k/reddit_received_a_13000_check_from_grandpa_for/,2013-01-01 18:53:44+00:00
15s3yv,What is the weirdest/ funniest prank call you have received/ given?,0,/r/AskReddit/comments/15s3yv/what_is_the_weirdest_funniest_prank_call_you_have/,2013-01-01 18:52:32+00:00
15s3y8,why is Reddit not working while PeerBlocker is running ?,0,/r/AskReddit/comments/15s3y8/why_is_reddit_not_working_while_peerblocker_is/,2013-01-01 18:52:15+00:00
15s3x4,What wrongs do you plan to undo in 2013?,0,/r/AskReddit/comments/15s3x4/what_wrongs_do_you_plan_to_undo_in_2013/,2013-01-01 18:51:40+00:00
15s3w5,"Reddit, when did you realize that person was really shitty?",1,/r/AskReddit/comments/15s3w5/reddit_when_did_you_realize_that_person_was/,2013-01-01 18:51:15+00:00
15s3vr,"Recently had my social security card and birth certificate stolen, as well as all my electronics that were at my house. What do I do to prevent identity theft and how can I try to get my things back?",1,/r/AskReddit/comments/15s3vr/recently_had_my_social_security_card_and_birth/,2013-01-01 18:50:59+00:00
15s3vo,What exactly is the fiscal cliff?,2,/r/AskReddit/comments/15s3vo/what_exactly_is_the_fiscal_cliff/,2013-01-01 18:50:56+00:00
15s3vc,What are some financial decisions you wish you made when you were younger?,42,/r/AskReddit/comments/15s3vc/what_are_some_financial_decisions_you_wish_you/,2013-01-01 18:50:43+00:00
15s3ul,So what is the BEST thing you have done in 2012,0,/r/AskReddit/comments/15s3ul/so_what_is_the_best_thing_you_have_done_in_2012/,2013-01-01 18:50:19+00:00
15s3th,"Twins, triplets etc of reddit, how did your parents cope, and do you think the (hypothetically) lesser parental attention affected you?",3,/r/AskReddit/comments/15s3th/twins_triplets_etc_of_reddit_how_did_your_parents/,2013-01-01 18:49:39+00:00
15s3td,"Reddit, what are your most darkest thoughts?",0,/r/AskReddit/comments/15s3td/reddit_what_are_your_most_darkest_thoughts/,2013-01-01 18:49:33+00:00
15s3t4,How can you gain the trust of your wife again?,0,/r/AskReddit/comments/15s3t4/how_can_you_gain_the_trust_of_your_wife_again/,2013-01-01 18:49:26+00:00
15s3t0,What movie moments have brought out the strongest emotional reactions in you? (possible spoilers),2,/r/AskReddit/comments/15s3t0/what_movie_moments_have_brought_out_the_strongest/,2013-01-01 18:49:24+00:00
15s3r8,Who are the unsung heroes throughout history?,7,/r/AskReddit/comments/15s3r8/who_are_the_unsung_heroes_throughout_history/,2013-01-01 18:48:36+00:00
15s3qy,How much will it cost to get someone to repair a small hole in a plasterboard wall (UK),1,/r/AskReddit/comments/15s3qy/how_much_will_it_cost_to_get_someone_to_repair_a/,2013-01-01 18:48:29+00:00
15s3qj,"My African Grey parrot has been through a life of neglect, what can I do to turn his life around?",1,/r/AskReddit/comments/15s3qj/my_african_grey_parrot_has_been_through_a_life_of/,2013-01-01 18:48:13+00:00
15s3p5,What is the most audibly annoying link I can send my buddy this morning? Last year I gave him Homers Webpage,0,/r/AskReddit/comments/15s3p5/what_is_the_most_audibly_annoying_link_i_can_send/,2013-01-01 18:47:42+00:00
15s3p2,Does anyone really make new years resolutions?,1,/r/AskReddit/comments/15s3p2/does_anyone_really_make_new_years_resolutions/,2013-01-01 18:47:39+00:00
15s3nv,"To all redditors that have had Laser Eye surgery, how was your experience?",1,/r/AskReddit/comments/15s3nv/to_all_redditors_that_have_had_laser_eye_surgery/,2013-01-01 18:46:58+00:00
15s3nu,Does anyone on Reddit work on PLC?,1,/r/AskReddit/comments/15s3nu/does_anyone_on_reddit_work_on_plc/,2013-01-01 18:46:53+00:00
15s3my,Is there a conservative or libertarian section of reddit?,1,/r/AskReddit/comments/15s3my/is_there_a_conservative_or_libertarian_section_of/,2013-01-01 18:46:22+00:00
15s3ma,What was your greatest moment of 2012?,1,/r/AskReddit/comments/15s3ma/what_was_your_greatest_moment_of_2012/,2013-01-01 18:46:01+00:00
15s3m4,"Reddit, what has been your biggest success in 2012?",0,/r/AskReddit/comments/15s3m4/reddit_what_has_been_your_biggest_success_in_2012/,2013-01-01 18:45:56+00:00
15s3ll,Looking for an apartment. Is it worth it to get one with all utilities included?,1,/r/AskReddit/comments/15s3ll/looking_for_an_apartment_is_it_worth_it_to_get/,2013-01-01 18:45:40+00:00
15s3lk,"Reddit, can I buy glass that switches from translucent to opaque?",1,/r/AskReddit/comments/15s3lk/reddit_can_i_buy_glass_that_switches_from/,2013-01-01 18:45:39+00:00
15s3ko,What new year resolutions have you made for 2013?,2,/r/AskReddit/comments/15s3ko/what_new_year_resolutions_have_you_made_for_2013/,2013-01-01 18:45:17+00:00
15s3jg,"On a lighter note, what was your biggest achievement of 2012?",0,/r/AskReddit/comments/15s3jg/on_a_lighter_note_what_was_your_biggest/,2013-01-01 18:44:42+00:00
15s3je,My legs just fell asleep while I was taking a dump. What other embarrassing admissions do you have so far for 2013?,1,/r/AskReddit/comments/15s3je/my_legs_just_fell_asleep_while_i_was_taking_a/,2013-01-01 18:44:40+00:00
15s3j5,What was the best thing that happened to you this year?,0,/r/AskReddit/comments/15s3j5/what_was_the_best_thing_that_happened_to_you_this/,2013-01-01 18:44:34+00:00
15s3ic,"As a 15 year old male, measured at 5'7, will I get taller?",1,/r/AskReddit/comments/15s3ic/as_a_15_year_old_male_measured_at_57_will_i_get/,2013-01-01 18:44:06+00:00
15s3i9,What is the best way to deal with a breakup?,3,/r/AskReddit/comments/15s3i9/what_is_the_best_way_to_deal_with_a_breakup/,2013-01-01 18:44:04+00:00
15s3hs,"Why is reddit suddenly overflowing with people who think ""OP is a fag"" is hilarious and appropriate commentary?",86,/r/AskReddit/comments/15s3hs/why_is_reddit_suddenly_overflowing_with_people/,2013-01-01 18:43:52+00:00
15s3hi,What's a common trope you see in movies/TV shows but cannot find an explanation for it?,1,/r/AskReddit/comments/15s3hi/whats_a_common_trope_you_see_in_moviestv_shows/,2013-01-01 18:43:46+00:00
15s3gx,Career with BS in health and human sciences?,0,/r/AskReddit/comments/15s3gx/career_with_bs_in_health_and_human_sciences/,2013-01-01 18:43:30+00:00
15s3gn,What's your strange addiction? Anyone make love to their car or snort baby powder like I'm watching on this show?,1,/r/AskReddit/comments/15s3gn/whats_your_strange_addiction_anyone_make_love_to/,2013-01-01 18:43:25+00:00
15s3e4,"what were you doing at mid-night, last night?",1,/r/AskReddit/comments/15s3e4/what_were_you_doing_at_midnight_last_night/,2013-01-01 18:42:03+00:00
15s3dw,What would you do besides drink?,0,/r/AskReddit/comments/15s3dw/what_would_you_do_besides_drink/,2013-01-01 18:41:53+00:00
15s3dj,How can I turn gifs into images?,0,/r/AskReddit/comments/15s3dj/how_can_i_turn_gifs_into_images/,2013-01-01 18:41:37+00:00
15s3cm,"Haven't been in Manhattan a lot of times, but why do some black gentlemen elbow me as they pass by?",2,/r/AskReddit/comments/15s3cm/havent_been_in_manhattan_a_lot_of_times_but_why/,2013-01-01 18:41:10+00:00
15s3ca,What was/is your suicide method?,0,/r/AskReddit/comments/15s3ca/what_wasis_your_suicide_method/,2013-01-01 18:40:58+00:00
15s3c6,"SAPs of Reddit, what social situations do you fear or dread the most?",1,/r/AskReddit/comments/15s3c6/saps_of_reddit_what_social_situations_do_you_fear/,2013-01-01 18:40:57+00:00
15s3bg,What video game have you spent the most hours on?,1,/r/AskReddit/comments/15s3bg/what_video_game_have_you_spent_the_most_hours_on/,2013-01-01 18:40:34+00:00
15s3au,Is ASKREDDIT the place one comes when they want to be downvoted into oblivion by an angry mob of bitter Emo losers and hairy-legged misandrist feminazis?,0,/r/AskReddit/comments/15s3au/is_askreddit_the_place_one_comes_when_they_want/,2013-01-01 18:40:07+00:00
15s38s,Sexist world leader/politician?,1,/r/AskReddit/comments/15s38s/sexist_world_leaderpolitician/,2013-01-01 18:39:05+00:00
15s38o,Where is the craziest place you have ever woken up after a night of drinking?,47,/r/AskReddit/comments/15s38o/where_is_the_craziest_place_you_have_ever_woken/,2013-01-01 18:38:58+00:00
15s380,"Reddit, how do you make money on the side?",7,/r/AskReddit/comments/15s380/reddit_how_do_you_make_money_on_the_side/,2013-01-01 18:38:43+00:00
15s36l,What's the most famous place you've had sex? [Hopefully NSFW],0,/r/AskReddit/comments/15s36l/whats_the_most_famous_place_youve_had_sex/,2013-01-01 18:37:59+00:00
15s354,What are your favorite subreddits that other people may not know about?,1,/r/AskReddit/comments/15s354/what_are_your_favorite_subreddits_that_other/,2013-01-01 18:37:17+00:00
15s33t,I want to get a golden doodle or golden doodle puppy from a rescue. I live in NYC. Any ideas how to go about that?,0,/r/AskReddit/comments/15s33t/i_want_to_get_a_golden_doodle_or_golden_doodle/,2013-01-01 18:36:42+00:00
15s32g,What was your one biggest victory of 2012?,1,/r/AskReddit/comments/15s32g/what_was_your_one_biggest_victory_of_2012/,2013-01-01 18:36:08+00:00
15s327,"Reddit, what is the most interesting New Years resolution you or someone you know have attempted?",0,/r/AskReddit/comments/15s327/reddit_what_is_the_most_interesting_new_years/,2013-01-01 18:36:00+00:00
15s326,It's cheesy and most of us will probably fail to live up to it but: What is your 2013 New Years Resolution?,0,/r/AskReddit/comments/15s326/its_cheesy_and_most_of_us_will_probably_fail_to/,2013-01-01 18:35:59+00:00
15s316,"Guys of reddit, if there was a male ""birth control pill"" would you take it?",2,/r/AskReddit/comments/15s316/guys_of_reddit_if_there_was_a_male_birth_control/,2013-01-01 18:35:29+00:00
15s30m,What is the change you wish to see in the world 2013?,0,/r/AskReddit/comments/15s30m/what_is_the_change_you_wish_to_see_in_the_world/,2013-01-01 18:35:19+00:00
15s305,"As someone who uses very few resources yet pays more in taxes than most of you make in a year, I have one thing to say to you all: YOU'RE WELCOME",0,/r/AskReddit/comments/15s305/as_someone_who_uses_very_few_resources_yet_pays/,2013-01-01 18:35:09+00:00
15s2z1,"What has been your worst, unbelievably bad ""vacation""?",7,/r/AskReddit/comments/15s2z1/what_has_been_your_worst_unbelievably_bad_vacation/,2013-01-01 18:34:19+00:00
15s2yy,"If you were trapped in an externally locked, dim room with Ann Coulter, what would you do?",0,/r/AskReddit/comments/15s2yy/if_you_were_trapped_in_an_externally_locked_dim/,2013-01-01 18:34:12+00:00
15s2yt,"Reddit, what was the most memorable thing of 2012?",0,/r/AskReddit/comments/15s2yt/reddit_what_was_the_most_memorable_thing_of_2012/,2013-01-01 18:34:06+00:00
15s2xo,Whats something about your family that irritates you?,14,/r/AskReddit/comments/15s2xo/whats_something_about_your_family_that_irritates/,2013-01-01 18:33:27+00:00
15s2xl,"Are ""throws"" from parade floats just a southern thing?",1,/r/AskReddit/comments/15s2xl/are_throws_from_parade_floats_just_a_southern/,2013-01-01 18:33:24+00:00
15s2xi,What did you learn from Reddit in 2012 that had a positive impact on your life?,1,/r/AskReddit/comments/15s2xi/what_did_you_learn_from_reddit_in_2012_that_had_a/,2013-01-01 18:33:20+00:00
15s2x1,"Just wondering, has anyone actually kept their New Years resolution?",2,/r/AskReddit/comments/15s2x1/just_wondering_has_anyone_actually_kept_their_new/,2013-01-01 18:32:57+00:00
15s2wa,What is one thing that you have done that you will regret for the rest of your life?,1,/r/AskReddit/comments/15s2wa/what_is_one_thing_that_you_have_done_that_you/,2013-01-01 18:32:35+00:00
15s2ve,What is the most fantastic thing humans have not done yet that is technically already possible?,1,/r/AskReddit/comments/15s2ve/what_is_the_most_fantastic_thing_humans_have_not/,2013-01-01 18:32:02+00:00
15s2uy,redditors what is your best way to cure a hangover?,0,/r/AskReddit/comments/15s2uy/redditors_what_is_your_best_way_to_cure_a_hangover/,2013-01-01 18:31:40+00:00
15s2um,"What are TV shows that you watch that you consider ""guilty pleasures?""",1,/r/AskReddit/comments/15s2um/what_are_tv_shows_that_you_watch_that_you/,2013-01-01 18:31:32+00:00
15s2tt,Has anyone actually stuck to their New Year's resolutions?,0,/r/AskReddit/comments/15s2tt/has_anyone_actually_stuck_to_their_new_years/,2013-01-01 18:30:57+00:00
15s2te,"Reddit, what is your experience with being on suicide watch?",1,/r/AskReddit/comments/15s2te/reddit_what_is_your_experience_with_being_on/,2013-01-01 18:30:38+00:00
15s2sb,What do you hope will be your biggest accomplishment in 2013?,2,/r/AskReddit/comments/15s2sb/what_do_you_hope_will_be_your_biggest/,2013-01-01 18:30:05+00:00
15s2rt,"Conversely, what was your best decision in 2012?",0,/r/AskReddit/comments/15s2rt/conversely_what_was_your_best_decision_in_2012/,2013-01-01 18:29:54+00:00
15s2qm,What is your instant downvote?,0,/r/AskReddit/comments/15s2qm/what_is_your_instant_downvote/,2013-01-01 18:29:08+00:00
15s2q2,What do anaglyph 3-d movies look like to colorblind people?,0,/r/AskReddit/comments/15s2q2/what_do_anaglyph_3d_movies_look_like_to/,2013-01-01 18:28:48+00:00
15s2q0,"Americans of reddit, would you rather live in Europe? If so, why?",2,/r/AskReddit/comments/15s2q0/americans_of_reddit_would_you_rather_live_in/,2013-01-01 18:28:46+00:00
15s2p8,"What was the most important event in human history? The event that had it gone the other way, our world today would be drastically different?",9,/r/AskReddit/comments/15s2p8/what_was_the_most_important_event_in_human/,2013-01-01 18:28:31+00:00
15s2or,"I'm curious, what movies are you always in the mood to watch?",2,/r/AskReddit/comments/15s2or/im_curious_what_movies_are_you_always_in_the_mood/,2013-01-01 18:28:12+00:00
15s2np,Straight men: would you let your girlfriend do this to you?,0,/r/AskReddit/comments/15s2np/straight_men_would_you_let_your_girlfriend_do/,2013-01-01 18:27:30+00:00
15s2nn,"Mothers of reddit, what made your baby shower successful?",2,/r/AskReddit/comments/15s2nn/mothers_of_reddit_what_made_your_baby_shower/,2013-01-01 18:27:28+00:00
15s2ne,"Sup Redditors. If you've made a resolution for this new year, what was it?",3,/r/AskReddit/comments/15s2ne/sup_redditors_if_youve_made_a_resolution_for_this/,2013-01-01 18:27:21+00:00
15s2na,"That other thread was way to depressing. Reddit, what's the best decision you made in 2012?",2,/r/AskReddit/comments/15s2na/that_other_thread_was_way_to_depressing_reddit/,2013-01-01 18:27:18+00:00
15s2n8,Throwaway time! What's the grossest thing you've ever accidentally seen? [most likely NSFW],0,/r/AskReddit/comments/15s2n8/throwaway_time_whats_the_grossest_thing_youve/,2013-01-01 18:27:16+00:00
15s2n4,"Reddittors that have lost a substantial amount of weight, how did you become so in shape?",6,/r/AskReddit/comments/15s2n4/reddittors_that_have_lost_a_substantial_amount_of/,2013-01-01 18:27:13+00:00
15s2ms,What's the stupidest thinks you've seen someone do at the gym?,1,/r/AskReddit/comments/15s2ms/whats_the_stupidest_thinks_youve_seen_someone_do/,2013-01-01 18:26:59+00:00
15s2ma,Are there any potential psychological problems from giving your new pup that same name as your previous dog's?,0,/r/AskReddit/comments/15s2ma/are_there_any_potential_psychological_problems/,2013-01-01 18:26:46+00:00
15s2lg,"Crosley Portable Record Player won't open. Is there a trick to it, or is it broken?",1,/r/AskReddit/comments/15s2lg/crosley_portable_record_player_wont_open_is_there/,2013-01-01 18:26:18+00:00
15s2jt,Who has actually wasted their money gifting Reddit gold to someone?,0,/r/AskReddit/comments/15s2jt/who_has_actually_wasted_their_money_gifting/,2013-01-01 18:25:25+00:00
15s2j0,"Reddit, has working for a business ever changed the way you viewed that business before you worked there?",1,/r/AskReddit/comments/15s2j0/reddit_has_working_for_a_business_ever_changed/,2013-01-01 18:25:02+00:00
15s2io,What's the dumbest reason you've ever been downvoted?,0,/r/AskReddit/comments/15s2io/whats_the_dumbest_reason_youve_ever_been_downvoted/,2013-01-01 18:24:50+00:00
15s2in,What's your greatest achievement of 2012?,0,/r/AskReddit/comments/15s2in/whats_your_greatest_achievement_of_2012/,2013-01-01 18:24:50+00:00
15s2i7,"Redditors, how fast can you read?",2,/r/AskReddit/comments/15s2i7/redditors_how_fast_can_you_read/,2013-01-01 18:24:31+00:00
15s2hl,What persons/places/things have existed side-by-side that most people aren't aware of?,5,/r/AskReddit/comments/15s2hl/what_personsplacesthings_have_existed_sidebyside/,2013-01-01 18:24:13+00:00
15s2hf,"Is it possible for a company to be too successful to the point of becoming ""Uncool"" such as Apple and Facebook?",0,/r/AskReddit/comments/15s2hf/is_it_possible_for_a_company_to_be_too_successful/,2013-01-01 18:24:08+00:00
15s2dn,If you could undo one act of yours then what would it be and why ?,10,/r/AskReddit/comments/15s2dn/if_you_could_undo_one_act_of_yours_then_what/,2013-01-01 18:21:56+00:00
15s2cm,"Hospitality industry workers of Reddit, how much money did you make yesterday? What do you do? Was it worth it?",1,/r/AskReddit/comments/15s2cm/hospitality_industry_workers_of_reddit_how_much/,2013-01-01 18:21:27+00:00
15s2cl,What may happen in your life in 2013 that makes you not excited for the year?,2,/r/AskReddit/comments/15s2cl/what_may_happen_in_your_life_in_2013_that_makes/,2013-01-01 18:21:25+00:00
15s2cf,"Entrepreneurs and executives of reddit, I'm 16 years old. How do I start being your or better?",1,/r/AskReddit/comments/15s2cf/entrepreneurs_and_executives_of_reddit_im_16/,2013-01-01 18:21:19+00:00
15s2bm,"Reddit, where is the weirdest place you have woken up after a night of binging?",1,/r/AskReddit/comments/15s2bm/reddit_where_is_the_weirdest_place_you_have_woken/,2013-01-01 18:21:03+00:00
15s2bj,"in one word, what has you trapped?",1,/r/AskReddit/comments/15s2bj/in_one_word_what_has_you_trapped/,2013-01-01 18:21:00+00:00
15s2bb,How can you physically defend yourself from police brutality?,0,/r/AskReddit/comments/15s2bb/how_can_you_physically_defend_yourself_from/,2013-01-01 18:20:51+00:00
15s2at,"Regarding a previous post, what martial arts do you study? Do you enjoy them?",0,/r/AskReddit/comments/15s2at/regarding_a_previous_post_what_martial_arts_do/,2013-01-01 18:20:35+00:00
15s2ac,"Reddit, have you ever made a new years resolution that you didnt quit? How did it turn out?",1,/r/AskReddit/comments/15s2ac/reddit_have_you_ever_made_a_new_years_resolution/,2013-01-01 18:20:19+00:00
15s2a9,"Reddit, what are your biggest regrets?",0,/r/AskReddit/comments/15s2a9/reddit_what_are_your_biggest_regrets/,2013-01-01 18:20:17+00:00
15s296,What is the fastest time anyone has made it to the front page? Can we beat it? GO! GO! GO!,0,/r/AskReddit/comments/15s296/what_is_the_fastest_time_anyone_has_made_it_to/,2013-01-01 18:19:48+00:00
15s295,"Flipping through the channels and landed on Goodfellas on network cable; almost unwatchable. Reddit, what other movies does cable ruin?",0,/r/AskReddit/comments/15s295/flipping_through_the_channels_and_landed_on/,2013-01-01 18:19:47+00:00
15s286,What is/was your dream university? Did you get in?,0,/r/AskReddit/comments/15s286/what_iswas_your_dream_university_did_you_get_in/,2013-01-01 18:19:23+00:00
15s27p,"Have you ever bought Reddit gold... for yourself? If so, why?",2,/r/AskReddit/comments/15s27p/have_you_ever_bought_reddit_gold_for_yourself_if/,2013-01-01 18:19:09+00:00
15s26z,Who do you think is the most misunderstood historical figure?,2,/r/AskReddit/comments/15s26z/who_do_you_think_is_the_most_misunderstood/,2013-01-01 18:18:44+00:00
15s26o,"Now that the holidays are pretty much over, what's the most frustrating thing about going back home?",0,/r/AskReddit/comments/15s26o/now_that_the_holidays_are_pretty_much_over_whats/,2013-01-01 18:18:33+00:00
15s25k,"What makes you ugly on the inside, Reddit?",69,/r/AskReddit/comments/15s25k/what_makes_you_ugly_on_the_inside_reddit/,2013-01-01 18:17:56+00:00
15s259,What is the one subreddit that has had the greatest influence on your life as a whole since discovering reddit?,0,/r/AskReddit/comments/15s259/what_is_the_one_subreddit_that_has_had_the/,2013-01-01 18:17:35+00:00
15s257,When did you realize you weren't cool?,3,/r/AskReddit/comments/15s257/when_did_you_realize_you_werent_cool/,2013-01-01 18:17:34+00:00
15s24o,"What are your new year resolutions, and how are you going to keep to them?",0,/r/AskReddit/comments/15s24o/what_are_your_new_year_resolutions_and_how_are/,2013-01-01 18:17:19+00:00
15s24f,What was the nicest thing you did for someone in 2012?,0,/r/AskReddit/comments/15s24f/what_was_the_nicest_thing_you_did_for_someone_in/,2013-01-01 18:17:10+00:00
15s22g,Why does milk kick my ass first thing in the morning but I can handle it later in the day and evening?,1,/r/AskReddit/comments/15s22g/why_does_milk_kick_my_ass_first_thing_in_the/,2013-01-01 18:16:15+00:00
15s22e,"Parents and future parents of reddit, how did you tell, or how do you plan on telling your children about the 'birds and the bees'?",1,/r/AskReddit/comments/15s22e/parents_and_future_parents_of_reddit_how_did_you/,2013-01-01 18:16:14+00:00
15s22a,"Reddit, what are you going to change in 2013?",0,/r/AskReddit/comments/15s22a/reddit_what_are_you_going_to_change_in_2013/,2013-01-01 18:16:09+00:00
15s223,"What movie like horror things have happened in your life, Reddit?",0,/r/AskReddit/comments/15s223/what_movie_like_horror_things_have_happened_in/,2013-01-01 18:16:04+00:00
15s21q,One year ago I made it my New Years resolution to not go on reddit. What have I missed?,1,/r/AskReddit/comments/15s21q/one_year_ago_i_made_it_my_new_years_resolution_to/,2013-01-01 18:15:50+00:00
15s21n,What is the worst: I returned from vacation and found....story?,2,/r/AskReddit/comments/15s21n/what_is_the_worst_i_returned_from_vacation_and/,2013-01-01 18:15:48+00:00
15s21e,Reddit what's your best memory from 2012?,0,/r/AskReddit/comments/15s21e/reddit_whats_your_best_memory_from_2012/,2013-01-01 18:15:41+00:00
15s20d,Surprised nobody has asked yet! Redditors what's your New Years resolution?,0,/r/AskReddit/comments/15s20d/surprised_nobody_has_asked_yet_redditors_whats/,2013-01-01 18:14:59+00:00
15s208,Redditors of Britain: I'm applying to UK universities but am a little stumped by the infamous UCAS Personal Statement. Any tips?,1,/r/AskReddit/comments/15s208/redditors_of_britain_im_applying_to_uk/,2013-01-01 18:14:55+00:00
15s1zn,I'm a very slow eater. How can I eat (even a little) faster?,0,/r/AskReddit/comments/15s1zn/im_a_very_slow_eater_how_can_i_eat_even_a_little/,2013-01-01 18:14:42+00:00
15s1zl,Why isn't raising the minimum wage a bigger political issue?,1,/r/AskReddit/comments/15s1zl/why_isnt_raising_the_minimum_wage_a_bigger/,2013-01-01 18:14:41+00:00
15s1z7,"Reddit, what was your last sentence of 2012/the first of 2013?",0,/r/AskReddit/comments/15s1z7/reddit_what_was_your_last_sentence_of_2012the/,2013-01-01 18:14:27+00:00
15s1z3,Whats the one thing people should start to not say in 2013?,0,/r/AskReddit/comments/15s1z3/whats_the_one_thing_people_should_start_to_not/,2013-01-01 18:14:26+00:00
15s1yx,"Redditors of the world does anyone know how the term ""in the closet"" in the gay connotation was born?",0,/r/AskReddit/comments/15s1yx/redditors_of_the_world_does_anyone_know_how_the/,2013-01-01 18:14:17+00:00
15s1yu,Is it safe to eat Salmon that has been in the freezer for 4 months?,1,/r/AskReddit/comments/15s1yu/is_it_safe_to_eat_salmon_that_has_been_in_the/,2013-01-01 18:14:12+00:00
15s1xl,Does anyone know any good hangover cures?,1,/r/AskReddit/comments/15s1xl/does_anyone_know_any_good_hangover_cures/,2013-01-01 18:13:44+00:00
15s1x4,What little trick makes you feel instantly better about your appearance?,116,/r/AskReddit/comments/15s1x4/what_little_trick_makes_you_feel_instantly_better/,2013-01-01 18:13:32+00:00
15s1ud,"My friend spidermanned up two balconies, got pepper sprayed and got fined 500CHF ($550) for walking drunk into a parking barrier. Reddit what are your New Years stories? Possibly NSFW",1,/r/AskReddit/comments/15s1ud/my_friend_spidermanned_up_two_balconies_got/,2013-01-01 18:11:55+00:00
15s1ua,Is there a faster way to obtain the equivalent of a college degree in another field of study after already being graduated?,1,/r/AskReddit/comments/15s1ua/is_there_a_faster_way_to_obtain_the_equivalent_of/,2013-01-01 18:11:52+00:00
15s1sn,"I recently saw a post about most memorable campers, but reddit, what is your most memorable COUNSELOR story?",0,/r/AskReddit/comments/15s1sn/i_recently_saw_a_post_about_most_memorable/,2013-01-01 18:10:58+00:00
15s1s1,"IF you could become anything (i.e. an object, another person, or even an idea), what/who would it be and why?",0,/r/AskReddit/comments/15s1s1/if_you_could_become_anything_ie_an_object_another/,2013-01-01 18:10:33+00:00
15s1rk,"When you die, what song/songs do you want to be played at your funeral?",0,/r/AskReddit/comments/15s1rk/when_you_die_what_songsongs_do_you_want_to_be/,2013-01-01 18:10:17+00:00
15s1re,Whats the one thing you think about each and everyday of your life?,0,/r/AskReddit/comments/15s1re/whats_the_one_thing_you_think_about_each_and/,2013-01-01 18:10:14+00:00
15s1qp,How many of you have actually kept your New Years resolutions from 2012?,0,/r/AskReddit/comments/15s1qp/how_many_of_you_have_actually_kept_your_new_years/,2013-01-01 18:09:50+00:00
15s1q8,When someone tells you they have fibromyalgia do you assume they're crazy?,5,/r/AskReddit/comments/15s1q8/when_someone_tells_you_they_have_fibromyalgia_do/,2013-01-01 18:09:36+00:00
15s1pn,"How have you, if ever, stayed true to your New Years resolution? What worked? What didn't?",2,/r/AskReddit/comments/15s1pn/how_have_you_if_ever_stayed_true_to_your_new/,2013-01-01 18:09:14+00:00
15s1o9,What was your biggest accopmlishment of 2012?,0,/r/AskReddit/comments/15s1o9/what_was_your_biggest_accopmlishment_of_2012/,2013-01-01 18:08:24+00:00
15s1o1,It's 2013. Who are you not going to be associating with this year?,0,/r/AskReddit/comments/15s1o1/its_2013_who_are_you_not_going_to_be_associating/,2013-01-01 18:08:15+00:00
15s1nk,"First time I've ever blacked out - may have puked - What's the best (or worst) thing that happened to you last night, Reddit? XOXO",0,/r/AskReddit/comments/15s1nk/first_time_ive_ever_blacked_out_may_have_puked/,2013-01-01 18:08:01+00:00
15s1mr,A) Do You wipe standing or sitting? B) Crumpled or Folded?,0,/r/AskReddit/comments/15s1mr/a_do_you_wipe_standing_or_sitting_b_crumpled_or/,2013-01-01 18:07:38+00:00
15s1m3,Correct way to give credit when re-sharing a post,0,/r/AskReddit/comments/15s1m3/correct_way_to_give_credit_when_resharing_a_post/,2013-01-01 18:07:21+00:00
15s1m0,What happens if you refuse to take a physical for a job you're applying for?,1,/r/AskReddit/comments/15s1m0/what_happens_if_you_refuse_to_take_a_physical_for/,2013-01-01 18:07:18+00:00
15s1km,"Reddit, My girlfriend thinks that if a guy masturbates at work then it means he's probably cheating on her? Your thoughts?",1,/r/AskReddit/comments/15s1km/reddit_my_girlfriend_thinks_that_if_a_guy/,2013-01-01 18:06:31+00:00
15s1i7,"You've been the last living human on Earth for one year. You're granted one wish. What, now, do you wish for?",7,/r/AskReddit/comments/15s1i7/youve_been_the_last_living_human_on_earth_for_one/,2013-01-01 18:05:20+00:00
15s1hu,What was your one biggest fuck up of 2013?,0,/r/AskReddit/comments/15s1hu/what_was_your_one_biggest_fuck_up_of_2013/,2013-01-01 18:05:12+00:00
15s1hd,What nice thing do you do for your spouse just because? Im doing one every day for 30 days and need help!,2,/r/AskReddit/comments/15s1hd/what_nice_thing_do_you_do_for_your_spouse_just/,2013-01-01 18:04:55+00:00
15s1ed,What's your funniest *dirty* joke?,3,/r/AskReddit/comments/15s1ed/whats_your_funniest_dirty_joke/,2013-01-01 18:03:02+00:00
15s1dz,What were some resolutions you kept in 2012?,2,/r/AskReddit/comments/15s1dz/what_were_some_resolutions_you_kept_in_2012/,2013-01-01 18:02:53+00:00
15s1ch,What's a cool small project I can do every day of the new year?,0,/r/AskReddit/comments/15s1ch/whats_a_cool_small_project_i_can_do_every_day_of/,2013-01-01 18:01:55+00:00
15s1bl,What kind of non minimum wage jobs don't drug test before hiring?,0,/r/AskReddit/comments/15s1bl/what_kind_of_non_minimum_wage_jobs_dont_drug_test/,2013-01-01 18:01:27+00:00
15s19v,"If Ubuntu does, in fact, come out with a touch-friendly operating system geared toward desktops and laptops, will it receive as much flak as Windows 8?",1,/r/AskReddit/comments/15s19v/if_ubuntu_does_in_fact_come_out_with_a/,2013-01-01 18:00:40+00:00
15s19i,Direct TV or Dish Network... What's your pick Reddit?,0,/r/AskReddit/comments/15s19i/direct_tv_or_dish_network_whats_your_pick_reddit/,2013-01-01 18:00:32+00:00
15s19f,"Why do Russian gamers often have numbers before ""RUS""? For example, Leostereo(47RUS).",0,/r/AskReddit/comments/15s19f/why_do_russian_gamers_often_have_numbers_before/,2013-01-01 18:00:31+00:00
15s194,"Dear Reddit, How many of you guys actually got laid on NYE?",0,/r/AskReddit/comments/15s194/dear_reddit_how_many_of_you_guys_actually_got/,2013-01-01 18:00:13+00:00
15s17u,Why did Windows Aero theme get so much hate?,1,/r/AskReddit/comments/15s17u/why_did_windows_aero_theme_get_so_much_hate/,2013-01-01 17:59:35+00:00
15s174,What are some events/conventions you're going to this year that you'd recommend to others?,2,/r/AskReddit/comments/15s174/what_are_some_eventsconventions_youre_going_to/,2013-01-01 17:59:14+00:00
15s15n,"How long do you think all the ""New Years resolutions"" will last about going to the gym?",0,/r/AskReddit/comments/15s15n/how_long_do_you_think_all_the_new_years/,2013-01-01 17:58:27+00:00
15s15e,So I deleted my facebook. What do I replace it with?,1,/r/AskReddit/comments/15s15e/so_i_deleted_my_facebook_what_do_i_replace_it_with/,2013-01-01 17:58:22+00:00
15s14r,"BACONZ. That is what I would call the perfect restaurant. One that serves only variations on BACON. Id eat their often. Reddit, does this exist?",0,/r/AskReddit/comments/15s14r/baconz_that_is_what_i_would_call_the_perfect/,2013-01-01 17:57:57+00:00
15s134,"What is the first known use, in the movies, of the line ""We've got company"" (used to let the audience know that the bad guys are here and we, the good guys, need to fight them)?",0,/r/AskReddit/comments/15s134/what_is_the_first_known_use_in_the_movies_of_the/,2013-01-01 17:57:10+00:00
15s12t,"If you could trade any two things, what would they be and why?",1,/r/AskReddit/comments/15s12t/if_you_could_trade_any_two_things_what_would_they/,2013-01-01 17:56:57+00:00
15s122,"""Bananas in pajamas, are coming down the stairs..."" - What other childhood theme songs do you still remember?",0,/r/AskReddit/comments/15s122/bananas_in_pajamas_are_coming_down_the_stairs/,2013-01-01 17:56:32+00:00
15s11k,what subreddit do you wish you've never seen?,1,/r/AskReddit/comments/15s11k/what_subreddit_do_you_wish_youve_never_seen/,2013-01-01 17:56:12+00:00
15s10k,Can someone suggest to me a really good wireless router for a household?,0,/r/AskReddit/comments/15s10k/can_someone_suggest_to_me_a_really_good_wireless/,2013-01-01 17:55:30+00:00
15s102,My link karma and comment karma are frozen..why?,0,/r/AskReddit/comments/15s102/my_link_karma_and_comment_karma_are_frozenwhy/,2013-01-01 17:55:17+00:00
15s0z5,How hard would it be to collect all the data I generate?,1,/r/AskReddit/comments/15s0z5/how_hard_would_it_be_to_collect_all_the_data_i/,2013-01-01 17:54:48+00:00
15s0x4,"I'm the friend everyone goes to when they have a problem. While I don't mind it, I want to be more than this. Reddit, how would I even go about this?",0,/r/AskReddit/comments/15s0x4/im_the_friend_everyone_goes_to_when_they_have_a/,2013-01-01 17:53:35+00:00
15s0x3,What do your neighbors do that you are not sure of? I am pretty sure mine are vampires.,4,/r/AskReddit/comments/15s0x3/what_do_your_neighbors_do_that_you_are_not_sure/,2013-01-01 17:53:35+00:00
15s0wa,"Ok Reddit, lets be positive for the new year! What did you feel was your BEST decision of 2012.",0,/r/AskReddit/comments/15s0wa/ok_reddit_lets_be_positive_for_the_new_year_what/,2013-01-01 17:53:13+00:00
15s0tt,"I got mooned on a subway today so I thought I would ask. Reddit, what is the oddest thing that has ever happened to you on a subway?",0,/r/AskReddit/comments/15s0tt/i_got_mooned_on_a_subway_today_so_i_thought_i/,2013-01-01 17:51:46+00:00
15s0tp,"What is the most interesting fact about a historical figure, that most people don't know about?",1592,/r/AskReddit/comments/15s0tp/what_is_the_most_interesting_fact_about_a/,2013-01-01 17:51:38+00:00
15s0st,Do you upvote posts on this subreddit based on the quality of the question or the comments?,0,/r/AskReddit/comments/15s0st/do_you_upvote_posts_on_this_subreddit_based_on/,2013-01-01 17:51:14+00:00
15s0ru,"About last night... Reddit, what happened at that New Years party?",0,/r/AskReddit/comments/15s0ru/about_last_night_reddit_what_happened_at_that_new/,2013-01-01 17:50:34+00:00
15s0rf,"U.S. Citizen, I want to ""die"" and vanish, is this possible in 2013?",5,/r/AskReddit/comments/15s0rf/us_citizen_i_want_to_die_and_vanish_is_this/,2013-01-01 17:50:25+00:00
15s0q8,"How many of you associate a color to each number, letter, or musical note?",1,/r/AskReddit/comments/15s0q8/how_many_of_you_associate_a_color_to_each_number/,2013-01-01 17:49:36+00:00
15s0oq,"Reddit, if karma was money, what would you buy?",0,/r/AskReddit/comments/15s0oq/reddit_if_karma_was_money_what_would_you_buy/,2013-01-01 17:48:49+00:00
15s0ol,"Reddit, What as seen on TV products are actually useful?",5,/r/AskReddit/comments/15s0ol/reddit_what_as_seen_on_tv_products_are_actually/,2013-01-01 17:48:43+00:00
15s0nq,Can I legally name my child Shaqtus?,0,/r/AskReddit/comments/15s0nq/can_i_legally_name_my_child_shaqtus/,2013-01-01 17:48:10+00:00
15s0n4,REDDIT what is the wises quotes you know?,2,/r/AskReddit/comments/15s0n4/reddit_what_is_the_wises_quotes_you_know/,2013-01-01 17:47:54+00:00
15s0kr,What two or more movies are essentially the same?,6,/r/AskReddit/comments/15s0kr/what_two_or_more_movies_are_essentially_the_same/,2013-01-01 17:46:33+00:00
15s0k2,What do you hate about reddit that everybody else seems to love?,31,/r/AskReddit/comments/15s0k2/what_do_you_hate_about_reddit_that_everybody_else/,2013-01-01 17:46:01+00:00
15s0jz,Going to get a new phone at t-mobile (lost mine last night on new years). What phone should I get and any tricks of the trade I should know about?,1,/r/AskReddit/comments/15s0jz/going_to_get_a_new_phone_at_tmobile_lost_mine/,2013-01-01 17:45:58+00:00
15s0h2,How is it like being a really hot/beautiful woman?,0,/r/AskReddit/comments/15s0h2/how_is_it_like_being_a_really_hotbeautiful_woman/,2013-01-01 17:44:30+00:00
15s0f7,"Which actor, assuming they had all the powers and abilities from every role they ever played, would win in a fight?",1,/r/AskReddit/comments/15s0f7/which_actor_assuming_they_had_all_the_powers_and/,2013-01-01 17:43:30+00:00
15s0dy,My son needs to make a model landform for school - do you have any ideas/techniques/tips on this?,0,/r/AskReddit/comments/15s0dy/my_son_needs_to_make_a_model_landform_for_school/,2013-01-01 17:42:54+00:00
15s0dt,"What is your favorite meal, drunk. I like some shells and cheese.",0,/r/AskReddit/comments/15s0dt/what_is_your_favorite_meal_drunk_i_like_some/,2013-01-01 17:42:52+00:00
15s0d2,"Those of you who've dropped out of high school, do you regret it or thankful for your choice?",3,/r/AskReddit/comments/15s0d2/those_of_you_whove_dropped_out_of_high_school_do/,2013-01-01 17:42:27+00:00
15s0cx,"Why do redditors use profanity so liberally when it creates the image of someone who is immature, unintellectual, and pedestrian?",0,/r/AskReddit/comments/15s0cx/why_do_redditors_use_profanity_so_liberally_when/,2013-01-01 17:42:24+00:00
15s0cu,What awesome things have you seen today that make you feel like 2013 will be a great year?,0,/r/AskReddit/comments/15s0cu/what_awesome_things_have_you_seen_today_that_make/,2013-01-01 17:42:22+00:00
15s09q,Contest time: who had the craziest New Year?,0,/r/AskReddit/comments/15s09q/contest_time_who_had_the_craziest_new_year/,2013-01-01 17:40:45+00:00
15s098,What was your one biggest achievement of 2012?,0,/r/AskReddit/comments/15s098/what_was_your_one_biggest_achievement_of_2012/,2013-01-01 17:40:29+00:00
15s07h,"How often should you text a ""friend""",0,/r/AskReddit/comments/15s07h/how_often_should_you_text_a_friend/,2013-01-01 17:39:22+00:00
15s03o,What fictional person has had the biggest impact on your life and how?,558,/r/AskReddit/comments/15s03o/what_fictional_person_has_had_the_biggest_impact/,2013-01-01 17:36:58+00:00
15s03f,How do I tell my girlfriend her breath smells?,1,/r/AskReddit/comments/15s03f/how_do_i_tell_my_girlfriend_her_breath_smells/,2013-01-01 17:36:48+00:00
15s037,"Pornstars / Adult Actors of Reddit (M and F), What made you fall in love with your wife/husband, and what set them apart from everyone else? [NSFW]",0,/r/AskReddit/comments/15s037/pornstars_adult_actors_of_reddit_m_and_f_what/,2013-01-01 17:36:37+00:00
15s01v,Reddit what was the biggest let down that happened to you in 2012?,0,/r/AskReddit/comments/15s01v/reddit_what_was_the_biggest_let_down_that/,2013-01-01 17:35:43+00:00
15s01f,Can deaf individuals hear in their dreams or do they see signing?,0,/r/AskReddit/comments/15s01f/can_deaf_individuals_hear_in_their_dreams_or_do/,2013-01-01 17:35:26+00:00
15rzzm,How do you like to eat leftover pizza?,3,/r/AskReddit/comments/15rzzm/how_do_you_like_to_eat_leftover_pizza/,2013-01-01 17:34:26+00:00
15rzzh,"Reddit, what did you do today thats only possible in your country?",158,/r/AskReddit/comments/15rzzh/reddit_what_did_you_do_today_thats_only_possible/,2013-01-01 17:34:21+00:00
15rzz2,Americans - Is your health system as messed up as Breaking Bad implies?,0,/r/AskReddit/comments/15rzz2/americans_is_your_health_system_as_messed_up_as/,2013-01-01 17:34:11+00:00
15rzy7,What are your New Year Resolutions?,0,/r/AskReddit/comments/15rzy7/what_are_your_new_year_resolutions/,2013-01-01 17:33:34+00:00
15rzwn,What is the closest to fame you have ever gotten?,2,/r/AskReddit/comments/15rzwn/what_is_the_closest_to_fame_you_have_ever_gotten/,2013-01-01 17:32:28+00:00
15rzvx,I'm writing a paper on the beauty of life. What are the most beautiful and inspirational songs you know of?,3,/r/AskReddit/comments/15rzvx/im_writing_a_paper_on_the_beauty_of_life_what_are/,2013-01-01 17:31:53+00:00
15rzvm,"Why do call the moon, 'moon' as opposed to calling other planets moons 'Europa' and 'Callisto'",0,/r/AskReddit/comments/15rzvm/why_do_call_the_moon_moon_as_opposed_to_calling/,2013-01-01 17:31:47+00:00
15rzv4,Where can I get breakfast on New Year's Day?,0,/r/AskReddit/comments/15rzv4/where_can_i_get_breakfast_on_new_years_day/,2013-01-01 17:31:32+00:00
15rzuc,What do you feel your greatest achievement of 2012 was?,0,/r/AskReddit/comments/15rzuc/what_do_you_feel_your_greatest_achievement_of/,2013-01-01 17:31:04+00:00
15rztm,Will my highschool marks get me anywhere?,0,/r/AskReddit/comments/15rztm/will_my_highschool_marks_get_me_anywhere/,2013-01-01 17:30:40+00:00
15rzta,What was your favourite line from a film/book last year?,0,/r/AskReddit/comments/15rzta/what_was_your_favourite_line_from_a_filmbook_last/,2013-01-01 17:30:31+00:00
15rzrt,Lets stay positive. What was your biggest achievement of 2012?(possibly NSFW),0,/r/AskReddit/comments/15rzrt/lets_stay_positive_what_was_your_biggest/,2013-01-01 17:29:42+00:00
15rzqq,Why is America so patriotic compared to other countries?,0,/r/AskReddit/comments/15rzqq/why_is_america_so_patriotic_compared_to_other/,2013-01-01 17:28:56+00:00
15rzq0,"What is something physically, that men can do, but women can't or otherwise, except giving birth etc.",1,/r/AskReddit/comments/15rzq0/what_is_something_physically_that_men_can_do_but/,2013-01-01 17:28:22+00:00
15rzp0,What was your one great success of 2012?,0,/r/AskReddit/comments/15rzp0/what_was_your_one_great_success_of_2012/,2013-01-01 17:27:48+00:00
15rzoz,Not feeling game of thrones after one episode. Should I ride it out?,0,/r/AskReddit/comments/15rzoz/not_feeling_game_of_thrones_after_one_episode/,2013-01-01 17:27:48+00:00
15rzoo,what is your one biggest accomplishment in 2012?,1,/r/AskReddit/comments/15rzoo/what_is_your_one_biggest_accomplishment_in_2012/,2013-01-01 17:27:33+00:00
15rzo8,"Not sure of a better place to ask this, but what are some IT-Related jobs that require you to learn your ""main skill"" on the job? As in, jobs for people very good at picking up software?",0,/r/AskReddit/comments/15rzo8/not_sure_of_a_better_place_to_ask_this_but_what/,2013-01-01 17:27:22+00:00
15rzo5,What are you looking forward to the most in the year 2013?,0,/r/AskReddit/comments/15rzo5/what_are_you_looking_forward_to_the_most_in_the/,2013-01-01 17:27:20+00:00
15rzo3,"Reddit, what are your New Years resolutions for 2013 and how do they compare to your New Years resolutions last year?",0,/r/AskReddit/comments/15rzo3/reddit_what_are_your_new_years_resolutions_for/,2013-01-01 17:27:19+00:00
15rznt,Is it just me or are people trolling askreddit comments just for the karma?,0,/r/AskReddit/comments/15rznt/is_it_just_me_or_are_people_trolling_askreddit/,2013-01-01 17:27:11+00:00
15rzmv,Which were the best r/gonewild posts of 2012?,0,/r/AskReddit/comments/15rzmv/which_were_the_best_rgonewild_posts_of_2012/,2013-01-01 17:26:31+00:00
15rzmj,What has been the MOST awkward moment of your life?,0,/r/AskReddit/comments/15rzmj/what_has_been_the_most_awkward_moment_of_your_life/,2013-01-01 17:26:27+00:00
15rzk0,"People of reddit, what is the most ridiculous law you've broken? Mine is in the explanation.",0,/r/AskReddit/comments/15rzk0/people_of_reddit_what_is_the_most_ridiculous_law/,2013-01-01 17:25:08+00:00
15rzj9,Reddit what is a legitimate way to start building secondary income.,0,/r/AskReddit/comments/15rzj9/reddit_what_is_a_legitimate_way_to_start_building/,2013-01-01 17:24:47+00:00
15rzif,What's the coolest thing on Amazon you can buy for $25 or less?,0,/r/AskReddit/comments/15rzif/whats_the_coolest_thing_on_amazon_you_can_buy_for/,2013-01-01 17:24:19+00:00
15rzhp,Why has Zero Dark Thirty been on the front page of Metacritic.com for nearly 2 months?,0,/r/AskReddit/comments/15rzhp/why_has_zero_dark_thirty_been_on_the_front_page/,2013-01-01 17:24:06+00:00
15rzgs,"Reddit, what foods are traditionally eaten in your family, country, area, etc. for good luck for the next year every New Years Day?",0,/r/AskReddit/comments/15rzgs/reddit_what_foods_are_traditionally_eaten_in_your/,2013-01-01 17:23:33+00:00
15rzg5,How did you already ruin your 2013?,0,/r/AskReddit/comments/15rzg5/how_did_you_already_ruin_your_2013/,2013-01-01 17:23:16+00:00
15rzea,"What is a food that the way you eat, you think is normal, but others find disgusting?",0,/r/AskReddit/comments/15rzea/what_is_a_food_that_the_way_you_eat_you_think_is/,2013-01-01 17:22:25+00:00
15rzcq,Awful joke told only once a year: what is his username?,0,/r/AskReddit/comments/15rzcq/awful_joke_told_only_once_a_year_what_is_his/,2013-01-01 17:21:34+00:00
15rzbo,OK Reddit what was your New Years Resolution?,0,/r/AskReddit/comments/15rzbo/ok_reddit_what_was_your_new_years_resolution/,2013-01-01 17:20:55+00:00
15rzaj,Whats the most alkward sibling/family member walking in on you watching a movie moment?,0,/r/AskReddit/comments/15rzaj/whats_the_most_alkward_siblingfamily_member/,2013-01-01 17:20:14+00:00
15rzab,What is the most hurtful insult you can think of/been told/have told?,0,/r/AskReddit/comments/15rzab/what_is_the_most_hurtful_insult_you_can_think/,2013-01-01 17:20:10+00:00
15rz9c,Who would you kill first if you ever went on a shooting rampage?,0,/r/AskReddit/comments/15rz9c/who_would_you_kill_first_if_you_ever_went_on_a/,2013-01-01 17:19:37+00:00
15rz8j,what are your most hated subreddits,0,/r/AskReddit/comments/15rz8j/what_are_your_most_hated_subreddits/,2013-01-01 17:19:05+00:00
15rz7d,"Reddit, I will be teaching upcoming college course, have any tips/suggestions/thoughts? What would you have liked to learn about the Office programs?",0,/r/AskReddit/comments/15rz7d/reddit_i_will_be_teaching_upcoming_college_course/,2013-01-01 17:18:33+00:00
15rz7a,What oddball gadget did you buy that surprised you by actually working?,1,/r/AskReddit/comments/15rz7a/what_oddball_gadget_did_you_buy_that_surprised/,2013-01-01 17:18:30+00:00
15rz6t,"What do you want to stop doing, but can't?",0,/r/AskReddit/comments/15rz6t/what_do_you_want_to_stop_doing_but_cant/,2013-01-01 17:18:12+00:00
15rz33,What was the post you liked the most in 2012?,0,/r/AskReddit/comments/15rz33/what_was_the_post_you_liked_the_most_in_2012/,2013-01-01 17:16:19+00:00
15ryzv,"Reddit, have you ever ""disgusted"" someone?",5,/r/AskReddit/comments/15ryzv/reddit_have_you_ever_disgusted_someone/,2013-01-01 17:14:40+00:00
15ryys,"I'd like to reverse it. Campers, who was the weirdest/worst/most memorable camp counselor you had?",0,/r/AskReddit/comments/15ryys/id_like_to_reverse_it_campers_who_was_the/,2013-01-01 17:14:00+00:00
15ryxx,What makes you instantly hate someone?,1557,/r/AskReddit/comments/15ryxx/what_makes_you_instantly_hate_someone/,2013-01-01 17:13:29+00:00
15ryxi,"Reddit, will you show me your scars? (Possibly NSFW)",0,/r/AskReddit/comments/15ryxi/reddit_will_you_show_me_your_scars_possibly_nsfw/,2013-01-01 17:13:14+00:00
15ryx9,"If soccer players are the best athletes in other countries, why are they so unimpressive compared to NFL, NBA and even MLB players?",0,/r/AskReddit/comments/15ryx9/if_soccer_players_are_the_best_athletes_in_other/,2013-01-01 17:13:09+00:00
15rywz,"People of color, what weird things do white people do?",0,/r/AskReddit/comments/15rywz/people_of_color_what_weird_things_do_white_people/,2013-01-01 17:12:58+00:00
15ryw3,"Two Derpy cats can't catch a mouse, how am I suppose to do this?",0,/r/AskReddit/comments/15ryw3/two_derpy_cats_cant_catch_a_mouse_how_am_i/,2013-01-01 17:12:28+00:00
15ryvd,"If you had a extremely hot roommate, would you bang her?",1,/r/AskReddit/comments/15ryvd/if_you_had_a_extremely_hot_roommate_would_you/,2013-01-01 17:11:58+00:00
15ryu6,No need to upvote but why the heck has /r/music been filled with metal for the past day?,0,/r/AskReddit/comments/15ryu6/no_need_to_upvote_but_why_the_heck_has_rmusic/,2013-01-01 17:11:05+00:00
15ryth,So who did you find dead or near dead from suicide this New Years?,0,/r/AskReddit/comments/15ryth/so_who_did_you_find_dead_or_near_dead_from/,2013-01-01 17:10:41+00:00
15ryt8,What is a food that the way you eat you think is normal but others find terribly disgusting?,1,/r/AskReddit/comments/15ryt8/what_is_a_food_that_the_way_you_eat_you_think_is/,2013-01-01 17:10:35+00:00
15ryrr,"Reddit, what's the first thing your going to eat in this new year?",1,/r/AskReddit/comments/15ryrr/reddit_whats_the_first_thing_your_going_to_eat_in/,2013-01-01 17:09:40+00:00
15ryqv,What's a joke that went terribly wrong?,5,/r/AskReddit/comments/15ryqv/whats_a_joke_that_went_terribly_wrong/,2013-01-01 17:09:06+00:00
15ryqp,"If you had ""the force"" what would you use it for?",142,/r/AskReddit/comments/15ryqp/if_you_had_the_force_what_would_you_use_it_for/,2013-01-01 17:09:04+00:00
15ryq1,What is your favorite version of a popular song?,4,/r/AskReddit/comments/15ryq1/what_is_your_favorite_version_of_a_popular_song/,2013-01-01 17:08:39+00:00
15rypk,What is the best tasting food that is still healthy?,0,/r/AskReddit/comments/15rypk/what_is_the_best_tasting_food_that_is_still/,2013-01-01 17:08:28+00:00
15rypc,What's the strangest dream you've ever had?,1,/r/AskReddit/comments/15rypc/whats_the_strangest_dream_youve_ever_had/,2013-01-01 17:08:20+00:00
15rymv,What is the best gift that you gave last year?,2,/r/AskReddit/comments/15rymv/what_is_the_best_gift_that_you_gave_last_year/,2013-01-01 17:06:52+00:00
15rym7,"Reddit, what was the biggest good thing that happened to you in 2012?",1,/r/AskReddit/comments/15rym7/reddit_what_was_the_biggest_good_thing_that/,2013-01-01 17:06:35+00:00
15rylc,"Men of Reddit, if you see your woman ""act like the bigger woman"" and back down from a fight with another girl, how does that truly make you feel?",0,/r/AskReddit/comments/15rylc/men_of_reddit_if_you_see_your_woman_act_like_the/,2013-01-01 17:06:00+00:00
15ryla,You just masterminded a heist and stole $150 million in gold coins. What now?,2,/r/AskReddit/comments/15ryla/you_just_masterminded_a_heist_and_stole_150/,2013-01-01 17:05:58+00:00
15rykl,How can you view private Facebook photos? For science reasons...,0,/r/AskReddit/comments/15rykl/how_can_you_view_private_facebook_photos_for/,2013-01-01 17:05:34+00:00
15ryje,You get to change 1 decision in your life - what is it? Bonus points for extrapolating how your current life would be affected.,0,/r/AskReddit/comments/15ryje/you_get_to_change_1_decision_in_your_life_what_is/,2013-01-01 17:04:58+00:00
15ryhp,Has it ever just hit you one day that you don't know what you are doing with your life?,2,/r/AskReddit/comments/15ryhp/has_it_ever_just_hit_you_one_day_that_you_dont/,2013-01-01 17:04:00+00:00
15rygn,"I went to a gay bar with my gf last night, got hammered, danced with all the men and woke up missing a sock. Reddit how was your new years eve?",0,/r/AskReddit/comments/15rygn/i_went_to_a_gay_bar_with_my_gf_last_night_got/,2013-01-01 17:03:31+00:00
15ryeq,What are some tips you have that help you go to sleep earlier?,2,/r/AskReddit/comments/15ryeq/what_are_some_tips_you_have_that_help_you_go_to/,2013-01-01 17:02:12+00:00
15ryds,What was the biggest scandal that Reddit had in 2013?,1,/r/AskReddit/comments/15ryds/what_was_the_biggest_scandal_that_reddit_had_in/,2013-01-01 17:01:47+00:00
15rybu,What's the dirtiest joke you know Redditors?,0,/r/AskReddit/comments/15rybu/whats_the_dirtiest_joke_you_know_redditors/,2013-01-01 17:00:33+00:00
15ryb4,Can someone help me find this comment/story?,0,/r/AskReddit/comments/15ryb4/can_someone_help_me_find_this_commentstory/,2013-01-01 17:00:05+00:00
15ry6f,"If you could go back to high school, what would you do?",0,/r/AskReddit/comments/15ry6f/if_you_could_go_back_to_high_school_what_would/,2013-01-01 16:57:07+00:00
15ry4y,Is there a way to stop my radiator from clanging? Or at least soften it somehow?,0,/r/AskReddit/comments/15ry4y/is_there_a_way_to_stop_my_radiator_from_clanging/,2013-01-01 16:56:15+00:00
15ry2j,"Reddit, how do I get rid of a hickey/lovebite?",0,/r/AskReddit/comments/15ry2j/reddit_how_do_i_get_rid_of_a_hickeylovebite/,2013-01-01 16:55:04+00:00
15rxzr,What is a story your parents swear is true that you don't really think is true?,0,/r/AskReddit/comments/15rxzr/what_is_a_story_your_parents_swear_is_true_that/,2013-01-01 16:53:42+00:00
15rxza,What hair style is best for me? I took a pic of my recent ones,1,/r/AskReddit/comments/15rxza/what_hair_style_is_best_for_me_i_took_a_pic_of_my/,2013-01-01 16:53:25+00:00
15rxz0,Fast zombies. Nearby and hungry. What do you do?,0,/r/AskReddit/comments/15rxz0/fast_zombies_nearby_and_hungry_what_do_you_do/,2013-01-01 16:53:13+00:00
15rxyr,"Reddit, if you could choose to live in any universe, which would it be?",0,/r/AskReddit/comments/15rxyr/reddit_if_you_could_choose_to_live_in_any/,2013-01-01 16:52:56+00:00
15rxxh,What's your best photo from New Years Eve?,0,/r/AskReddit/comments/15rxxh/whats_your_best_photo_from_new_years_eve/,2013-01-01 16:52:14+00:00
15rxsz,What is the worst thing that you have seen in a bar/nightclub in 2012?,0,/r/AskReddit/comments/15rxsz/what_is_the_worst_thing_that_you_have_seen_in_a/,2013-01-01 16:49:18+00:00
15rxrj,"Tutors of reddit: What do you do when your student doesn't understand, no matter how many ways you explain?",1,/r/AskReddit/comments/15rxrj/tutors_of_reddit_what_do_you_do_when_your_student/,2013-01-01 16:48:25+00:00
15rxq0,Is there a list of all the new USA laws that went into effect today? i'll start what I heard today on CNN.,2,/r/AskReddit/comments/15rxq0/is_there_a_list_of_all_the_new_usa_laws_that_went/,2013-01-01 16:47:31+00:00
15rxpp,What's the best musical/play/ theatre show you've seen?,1,/r/AskReddit/comments/15rxpp/whats_the_best_musicalplay_theatre_show_youve_seen/,2013-01-01 16:47:22+00:00
15rxpo,"Was anybody in flight at midnight on new years, and could you see any fireworks from up there?",0,/r/AskReddit/comments/15rxpo/was_anybody_in_flight_at_midnight_on_new_years/,2013-01-01 16:47:21+00:00
15rxpk,How can Americans justify opposing immigration?,0,/r/AskReddit/comments/15rxpk/how_can_americans_justify_opposing_immigration/,2013-01-01 16:47:17+00:00
15rxnl,"How has 2013 been so far, Reddit?",0,/r/AskReddit/comments/15rxnl/how_has_2013_been_so_far_reddit/,2013-01-01 16:46:15+00:00
15rxmw,"If a device was developed that could answer absolutely ANY question but you only ask it one, what would you ask it?",6,/r/AskReddit/comments/15rxmw/if_a_device_was_developed_that_could_answer/,2013-01-01 16:45:43+00:00
15rxmk,What are your best and worst sibling stories?,1,/r/AskReddit/comments/15rxmk/what_are_your_best_and_worst_sibling_stories/,2013-01-01 16:45:34+00:00
15rxm4,"Webcam, how can I broadcast still images instead of video?",0,/r/AskReddit/comments/15rxm4/webcam_how_can_i_broadcast_still_images_instead/,2013-01-01 16:45:19+00:00
15rxm3,"If your entire 2012 year fit in 1 day, what would that day be like, from beginning to end?",1,/r/AskReddit/comments/15rxm3/if_your_entire_2012_year_fit_in_1_day_what_would/,2013-01-01 16:45:18+00:00
15rxl0,"What's the dirtiest, most offensive joke you know? [NSFW]",0,/r/AskReddit/comments/15rxl0/whats_the_dirtiest_most_offensive_joke_you_know/,2013-01-01 16:44:50+00:00
15rxko,"What are these weird, fingerlings that have grown in my malt vinegar?",0,/r/AskReddit/comments/15rxko/what_are_these_weird_fingerlings_that_have_grown/,2013-01-01 16:44:32+00:00
15rxjt,Can you think of a movie that could be made much better with some small changes?,2,/r/AskReddit/comments/15rxjt/can_you_think_of_a_movie_that_could_be_made_much/,2013-01-01 16:44:01+00:00
15rxjm,"Nurses of reddit, what is your best/worst experience with your patient?",3,/r/AskReddit/comments/15rxjm/nurses_of_reddit_what_is_your_bestworst/,2013-01-01 16:43:52+00:00
15rxjh,"What are your ""I didn't finish college but am still successful/happy"" stories?",0,/r/AskReddit/comments/15rxjh/what_are_your_i_didnt_finish_college_but_am_still/,2013-01-01 16:43:46+00:00
15rxjd,"So far in 2013, I've had sex with four women. Reddit, am I awesome?",0,/r/AskReddit/comments/15rxjd/so_far_in_2013_ive_had_sex_with_four_women_reddit/,2013-01-01 16:43:41+00:00
15rxja,What's the hottest video on youtube (pref. sfw)?,1,/r/AskReddit/comments/15rxja/whats_the_hottest_video_on_youtube_pref_sfw/,2013-01-01 16:43:40+00:00
15rxhp,Whatever happened to the guy who could only tell his favorite joke once a year?,1,/r/AskReddit/comments/15rxhp/whatever_happened_to_the_guy_who_could_only_tell/,2013-01-01 16:42:39+00:00
15rxh7,Why do black people give their children pseudo-Tribal sounding names instead of just using actual traditional tribal names?,0,/r/AskReddit/comments/15rxh7/why_do_black_people_give_their_children/,2013-01-01 16:42:15+00:00
15rxgo,What's a word or phrase that seems to be unique to your family?,1,/r/AskReddit/comments/15rxgo/whats_a_word_or_phrase_that_seems_to_be_unique_to/,2013-01-01 16:41:46+00:00
15rxg0,Do you get this flat/anxious/depressed feeling on the night before you have to go back to work after holidays?,21,/r/AskReddit/comments/15rxg0/do_you_get_this_flatanxiousdepressed_feeling_on/,2013-01-01 16:41:19+00:00
15rxfe,What is one photograph that you cherish?,4,/r/AskReddit/comments/15rxfe/what_is_one_photograph_that_you_cherish/,2013-01-01 16:40:54+00:00
15rxcs,"If the United States were to be invaded right now, which country would be the most likely to do so, and by what means?",19,/r/AskReddit/comments/15rxcs/if_the_united_states_were_to_be_invaded_right_now/,2013-01-01 16:39:35+00:00
15rxbi,"If you could choose the fittest sperm when you have a child, would you?",0,/r/AskReddit/comments/15rxbi/if_you_could_choose_the_fittest_sperm_when_you/,2013-01-01 16:38:43+00:00
15rxat,"What do you do that is ""socially awkward"" but you gain/learn a lot from?",0,/r/AskReddit/comments/15rxat/what_do_you_do_that_is_socially_awkward_but_you/,2013-01-01 16:38:19+00:00
15rxa8,"Can't believe this hasn't been asked yet, but how did you celebrate New Year's Eve? Was it awesome? Did you fuck up?",0,/r/AskReddit/comments/15rxa8/cant_believe_this_hasnt_been_asked_yet_but_how/,2013-01-01 16:37:52+00:00
15rxa2,What is your favorite film that was made before 2000?,12,/r/AskReddit/comments/15rxa2/what_is_your_favorite_film_that_was_made_before/,2013-01-01 16:37:45+00:00
15rxa3,"Reddit, it is 2013 now, what are you going to do in the upcoming weeks to solidfy this year your best year yet!?",0,/r/AskReddit/comments/15rxa3/reddit_it_is_2013_now_what_are_you_going_to_do_in/,2013-01-01 16:37:45+00:00
15rx9e,What are your big goals for 2013 ?,0,/r/AskReddit/comments/15rx9e/what_are_your_big_goals_for_2013/,2013-01-01 16:37:19+00:00
15rx7o,What was something you've always wanted as a kid?,3,/r/AskReddit/comments/15rx7o/what_was_something_youve_always_wanted_as_a_kid/,2013-01-01 16:36:07+00:00
15rx6e,"Reddit, who are your most odd/embarrassing celebrity crushes?",0,/r/AskReddit/comments/15rx6e/reddit_who_are_your_most_oddembarrassing/,2013-01-01 16:35:19+00:00
15rx5l,"Reddit, what's your New Years resolution?",0,/r/AskReddit/comments/15rx5l/reddit_whats_your_new_years_resolution/,2013-01-01 16:34:51+00:00
15rx5h,"What hobbies, skills, and information are worth taking up/learning?",1,/r/AskReddit/comments/15rx5h/what_hobbies_skills_and_information_are_worth/,2013-01-01 16:34:49+00:00
15rx5e,Did anyone take advantage of AAA's drunk driving program last night?,61,/r/AskReddit/comments/15rx5e/did_anyone_take_advantage_of_aaas_drunk_driving/,2013-01-01 16:34:40+00:00
15rx59,"Reddit, what did you guys do for New Years?",0,/r/AskReddit/comments/15rx59/reddit_what_did_you_guys_do_for_new_years/,2013-01-01 16:34:34+00:00
15rx4y,"Reddit, How do you picture The Obamas sex life in your minds eye?",0,/r/AskReddit/comments/15rx4y/reddit_how_do_you_picture_the_obamas_sex_life_in/,2013-01-01 16:34:21+00:00
15rx3t,These are the reddit cliches that I'm tired of. What are yours?,1,/r/AskReddit/comments/15rx3t/these_are_the_reddit_cliches_that_im_tired_of/,2013-01-01 16:33:35+00:00
15rx2p,Do any of you have any superstitions that you got from your parents?,1,/r/AskReddit/comments/15rx2p/do_any_of_you_have_any_superstitions_that_you_got/,2013-01-01 16:32:49+00:00
15rx1j,"As someone who is perpetually downvoted to hell, what post or comment has caused you the most grief?",0,/r/AskReddit/comments/15rx1j/as_someone_who_is_perpetually_downvoted_to_hell/,2013-01-01 16:31:54+00:00
15rwze,Does anyone have a favorite word?,19,/r/AskReddit/comments/15rwze/does_anyone_have_a_favorite_word/,2013-01-01 16:30:29+00:00
15rwyl,what the fuck happened to the randnsfw button?,0,/r/AskReddit/comments/15rwyl/what_the_fuck_happened_to_the_randnsfw_button/,2013-01-01 16:29:50+00:00
15rwyh,"Reddit, what is your favorite love song ?",2,/r/AskReddit/comments/15rwyh/reddit_what_is_your_favorite_love_song/,2013-01-01 16:29:48+00:00
15rwxj,Why is male nudity more acceptable than female nudity in movies and television?(NSFW),0,/r/AskReddit/comments/15rwxj/why_is_male_nudity_more_acceptable_than_female/,2013-01-01 16:29:16+00:00
15rwwt,Can someone please help me with crit hit icons?,1,/r/AskReddit/comments/15rwwt/can_someone_please_help_me_with_crit_hit_icons/,2013-01-01 16:28:48+00:00
15rwvu,"Hey guys, how was your New year's?",0,/r/AskReddit/comments/15rwvu/hey_guys_how_was_your_new_years/,2013-01-01 16:28:07+00:00
15rwv8,"Stupid NYE fight with the GF. She might break up with me. Reddit, can you give me ideas to soothe my restless mind? Please?",0,/r/AskReddit/comments/15rwv8/stupid_nye_fight_with_the_gf_she_might_break_up/,2013-01-01 16:27:39+00:00
15rwuj,"I have been thinking of buying one of the games I heard of on reddit, but I dont have much cash. Since I can only get one, what do you think would be the best choice?",0,/r/AskReddit/comments/15rwuj/i_have_been_thinking_of_buying_one_of_the_games_i/,2013-01-01 16:27:11+00:00
15rwt4,"Have you ever been terribly ill on a day with important, unchangeable plans?",0,/r/AskReddit/comments/15rwt4/have_you_ever_been_terribly_ill_on_a_day_with/,2013-01-01 16:26:24+00:00
15rwsw,"Reddit, Why does my mind go blank when I see a girl I like?",0,/r/AskReddit/comments/15rwsw/reddit_why_does_my_mind_go_blank_when_i_see_a/,2013-01-01 16:26:17+00:00
15rwrr,What might be the single thought that depresses the shit out of you?,6,/r/AskReddit/comments/15rwrr/what_might_be_the_single_thought_that_depresses/,2013-01-01 16:25:32+00:00
15rwr0,"Backpackers of reddit, what crazy/unexpected things happened to you while travelling?",290,/r/AskReddit/comments/15rwr0/backpackers_of_reddit_what_crazyunexpected_things/,2013-01-01 16:24:54+00:00
15rwqp,"So, reddit, what is your 2013 resolution?",2,/r/AskReddit/comments/15rwqp/so_reddit_what_is_your_2013_resolution/,2013-01-01 16:24:48+00:00
15rwpk,what is the affordable car you can lease in the market now?,1,/r/AskReddit/comments/15rwpk/what_is_the_affordable_car_you_can_lease_in_the/,2013-01-01 16:24:06+00:00
15rwny,"Reddit, as demand for lighter and lighter running shoes goes up, what is the most you or someone you know has spent on a pair, what variety they were, and if you/they regret it?",1,/r/AskReddit/comments/15rwny/reddit_as_demand_for_lighter_and_lighter_running/,2013-01-01 16:23:02+00:00
15rwl0,"Do you have a nickname for your genitals? If so, what is it?",0,/r/AskReddit/comments/15rwl0/do_you_have_a_nickname_for_your_genitals_if_so/,2013-01-01 16:20:44+00:00
15rwk6,"If you wash clothes today, you'll wash someone out of your life this year. What superstitions does your family share?",1,/r/AskReddit/comments/15rwk6/if_you_wash_clothes_today_youll_wash_someone_out/,2013-01-01 16:20:10+00:00
15rwk5,What one famous person would you choose to have with you if you were stranded on a deserted island?,2,/r/AskReddit/comments/15rwk5/what_one_famous_person_would_you_choose_to_have/,2013-01-01 16:20:05+00:00
15rwiy,Is anyone making a living or at least good walking around money using Amazon Mechanical Turk?,1,/r/AskReddit/comments/15rwiy/is_anyone_making_a_living_or_at_least_good/,2013-01-01 16:19:17+00:00
15rwie,"Reddit, have you ever put your heart on the line and told a crush how you feel about them?",1,/r/AskReddit/comments/15rwie/reddit_have_you_ever_put_your_heart_on_the_line/,2013-01-01 16:18:42+00:00
15rwhi,What are you most proud of from 2012?,0,/r/AskReddit/comments/15rwhi/what_are_you_most_proud_of_from_2012/,2013-01-01 16:18:00+00:00
15rwhh,Is it wrong to eat shark or whale?,2,/r/AskReddit/comments/15rwhh/is_it_wrong_to_eat_shark_or_whale/,2013-01-01 16:17:59+00:00
15rwgg,"Reddit, as of last night my streak stands: 25 years and no New Years' eve kiss at midnight. What sad things are you strangely proud of?",2,/r/AskReddit/comments/15rwgg/reddit_as_of_last_night_my_streak_stands_25_years/,2013-01-01 16:17:18+00:00
15rwfv,"People of Reddit, why is it socially acceptable to joke about rape?",0,/r/AskReddit/comments/15rwfv/people_of_reddit_why_is_it_socially_acceptable_to/,2013-01-01 16:16:45+00:00
15rwfe,What are the websites / webresources you wish you had known before?,1,/r/AskReddit/comments/15rwfe/what_are_the_websites_webresources_you_wish_you/,2013-01-01 16:16:21+00:00
15rwf6,"Reddit, you've shown me videos that make you laugh, and videos that make you cry. Now can you show me videos that make you angry?",0,/r/AskReddit/comments/15rwf6/reddit_youve_shown_me_videos_that_make_you_laugh/,2013-01-01 16:16:09+00:00
15rwer,"From the perspective a 23 year-old, single male in college, how big of a red flag is genital herpes?",1,/r/AskReddit/comments/15rwer/from_the_perspective_a_23_yearold_single_male_in/,2013-01-01 16:15:45+00:00
15rwde,When did you first discover fapping?,0,/r/AskReddit/comments/15rwde/when_did_you_first_discover_fapping/,2013-01-01 16:14:40+00:00
15rwdb,"Instead of posting a New Year's resolution, what did you accomplish in 2012 that you are proud of?",0,/r/AskReddit/comments/15rwdb/instead_of_posting_a_new_years_resolution_what/,2013-01-01 16:14:38+00:00
15rwd8,"Very serious, already bitchy, please help. What helped you through stopping smoking?",3,/r/AskReddit/comments/15rwd8/very_serious_already_bitchy_please_help_what/,2013-01-01 16:14:34+00:00
15rwb1,"Reddit, what's the weirdest place you've ever masturbated?",0,/r/AskReddit/comments/15rwb1/reddit_whats_the_weirdest_place_youve_ever/,2013-01-01 16:12:44+00:00
15rwaf,What's your longest group facebook message/thread/conversation that is still active?,1,/r/AskReddit/comments/15rwaf/whats_your_longest_group_facebook/,2013-01-01 16:12:16+00:00
15rw9t,"Reddit, what's the cheesiest line of dialogue you've ever heard in any movie?",1,/r/AskReddit/comments/15rw9t/reddit_whats_the_cheesiest_line_of_dialogue_youve/,2013-01-01 16:11:46+00:00
15rw8c,"What is an item on your bucket list? Can anyone who has done it, follow up and share their experience?",1,/r/AskReddit/comments/15rw8c/what_is_an_item_on_your_bucket_list_can_anyone/,2013-01-01 16:10:45+00:00
15rw8b,What's the most uplifting fact you know?,7,/r/AskReddit/comments/15rw8b/whats_the_most_uplifting_fact_you_know/,2013-01-01 16:10:44+00:00
15rw7a,What is something positive about Europe?,0,/r/AskReddit/comments/15rw7a/what_is_something_positive_about_europe/,2013-01-01 16:09:58+00:00
15rw6l,"Older Redditors, if you could go back to any point in your life and change something you did or a decision you made that would make your current life a little easier or happier what would it be?",11,/r/AskReddit/comments/15rw6l/older_redditors_if_you_could_go_back_to_any_point/,2013-01-01 16:09:27+00:00
15rw6h,What was your favorite app/program/software of 2012?,1,/r/AskReddit/comments/15rw6h/what_was_your_favorite_appprogramsoftware_of_2012/,2013-01-01 16:09:20+00:00
15rw5r,"My fellow Redditors, what is the most common factor which you think screws up a friendship ? Is it money, family (spouse), ego ? Let's find out.",1,/r/AskReddit/comments/15rw5r/my_fellow_redditors_what_is_the_most_common/,2013-01-01 16:08:52+00:00
15rw5b,Multilingual persons of Reddit: In which language do you think?,1,/r/AskReddit/comments/15rw5b/multilingual_persons_of_reddit_in_which_language/,2013-01-01 16:08:33+00:00
15rw5a,What's the best way to survive an imaginary creature?,0,/r/AskReddit/comments/15rw5a/whats_the_best_way_to_survive_an_imaginary/,2013-01-01 16:08:29+00:00
15rw4x,"Okay reddit, what are your best summer camp stories?",14,/r/AskReddit/comments/15rw4x/okay_reddit_what_are_your_best_summer_camp_stories/,2013-01-01 16:08:09+00:00
15rw3o,"For this new year I want become a better Man, what subreddits should I follow for the year?",0,/r/AskReddit/comments/15rw3o/for_this_new_year_i_want_become_a_better_man_what/,2013-01-01 16:07:15+00:00
15rw3h,"Reddit, what do you feel was your most underrated comment of 2012?",0,/r/AskReddit/comments/15rw3h/reddit_what_do_you_feel_was_your_most_underrated/,2013-01-01 16:07:06+00:00
15rw3c,"Alright, reddit. Lets flip this on it's head. What's the strangest thing a child you know has ever believed?",0,/r/AskReddit/comments/15rw3c/alright_reddit_lets_flip_this_on_its_head_whats/,2013-01-01 16:06:59+00:00
15rw35,What was your biggest accomplishment of 2012?,0,/r/AskReddit/comments/15rw35/what_was_your_biggest_accomplishment_of_2012/,2013-01-01 16:06:53+00:00
15rw2l,"So Reddit, What's Everyone's New Year's Resolution?",0,/r/AskReddit/comments/15rw2l/so_reddit_whats_everyones_new_years_resolution/,2013-01-01 16:06:25+00:00
15rw21,"Married Redditors with children: have your children ever walked in on you and your SO during sex? If so, what happened next?",0,/r/AskReddit/comments/15rw21/married_redditors_with_children_have_your/,2013-01-01 16:06:01+00:00
15rw0i,"If you knew that today was your last day alive, how would you spend it?",28,/r/AskReddit/comments/15rw0i/if_you_knew_that_today_was_your_last_day_alive/,2013-01-01 16:05:04+00:00
15rw0d,How do you go from relationship to friendship?,0,/r/AskReddit/comments/15rw0d/how_do_you_go_from_relationship_to_friendship/,2013-01-01 16:05:00+00:00
15rw01,"Considered going to Tokyo, Japan. Is it irradiated to the extent of being dangerous?",0,/r/AskReddit/comments/15rw01/considered_going_to_tokyo_japan_is_it_irradiated/,2013-01-01 16:04:46+00:00
15rvx8,Why do people hate the word 'moist'?,0,/r/AskReddit/comments/15rvx8/why_do_people_hate_the_word_moist/,2013-01-01 16:02:23+00:00
15rvwq,"What's your ""one time at band camp?""",0,/r/AskReddit/comments/15rvwq/whats_your_one_time_at_band_camp/,2013-01-01 16:02:03+00:00
15rvv7,Do you believe the internet will be the medium for new supergroups/powers to shape the world?,1,/r/AskReddit/comments/15rvv7/do_you_believe_the_internet_will_be_the_medium/,2013-01-01 16:00:56+00:00
15rvv2,"Reddit, my friends had a house fire. He has no home owners insurance, what can he do?",2,/r/AskReddit/comments/15rvv2/reddit_my_friends_had_a_house_fire_he_has_no_home/,2013-01-01 16:00:51+00:00
15rvt8,What one thing do you want to change about your life the most?,11,/r/AskReddit/comments/15rvt8/what_one_thing_do_you_want_to_change_about_your/,2013-01-01 15:59:41+00:00
15rvs4,"People of Reddit with non-perfect lives like myself, what is your New Year's resolution? What have you done so far to work towards it?",1,/r/AskReddit/comments/15rvs4/people_of_reddit_with_nonperfect_lives_like/,2013-01-01 15:58:49+00:00
15rvry,Why is Reddit allowing ads that automatically play sound?,176,/r/AskReddit/comments/15rvry/why_is_reddit_allowing_ads_that_automatically/,2013-01-01 15:58:38+00:00
15rvrv,Why is symmetry so pleasing to the eye?,36,/r/AskReddit/comments/15rvrv/why_is_symmetry_so_pleasing_to_the_eye/,2013-01-01 15:58:36+00:00
15rvrh,"Reddit, what are your 3 most visited websites and which do you consider the top 3 sites in the whole web?",3,/r/AskReddit/comments/15rvrh/reddit_what_are_your_3_most_visited_websites_and/,2013-01-01 15:58:21+00:00
15rvr7,What's the most inspiring fact you know?,30,/r/AskReddit/comments/15rvr7/whats_the_most_inspiring_fact_you_know/,2013-01-01 15:58:16+00:00
15rvqu,"Reddit, help! She still loves me but is unsure, what do I do?",0,/r/AskReddit/comments/15rvqu/reddit_help_she_still_loves_me_but_is_unsure_what/,2013-01-01 15:58:02+00:00
15rvn2,"Reddit, my nose is stuffed as hell, should I use this nasal spray here?",0,/r/AskReddit/comments/15rvn2/reddit_my_nose_is_stuffed_as_hell_should_i_use/,2013-01-01 15:55:50+00:00
15rvlq,Do you consider people of rare ethnic backrounds (Native Americans and Polynesians for example) more interesting than people of more common ethnic groups (say white people)?,1,/r/AskReddit/comments/15rvlq/do_you_consider_people_of_rare_ethnic_backrounds/,2013-01-01 15:55:02+00:00
15rvj2,"So Reddit, what crazy shenanigans did you get up to last night?",0,/r/AskReddit/comments/15rvj2/so_reddit_what_crazy_shenanigans_did_you_get_up/,2013-01-01 15:53:33+00:00
15rvir,What's your stance on posting up photos of a minor who did a crime?,0,/r/AskReddit/comments/15rvir/whats_your_stance_on_posting_up_photos_of_a_minor/,2013-01-01 15:53:27+00:00
15rvfh,"Reddit, what's your new years resolution? And how do you plan to accomplish it?",0,/r/AskReddit/comments/15rvfh/reddit_whats_your_new_years_resolution_and_how_do/,2013-01-01 15:51:06+00:00
15rves,"If modern society's purpose isn't to advance the sciences, then what is it?",2,/r/AskReddit/comments/15rves/if_modern_societys_purpose_isnt_to_advance_the/,2013-01-01 15:50:33+00:00
15rvd6,"What's the best song you've ever heard, sung i language you don't understand?",4,/r/AskReddit/comments/15rvd6/whats_the_best_song_youve_ever_heard_sung_i/,2013-01-01 15:49:15+00:00
15rvbp,Can someone describe UN Agenda 21 in more detail than a quick review of Wikipedia?,0,/r/AskReddit/comments/15rvbp/can_someone_describe_un_agenda_21_in_more_detail/,2013-01-01 15:48:14+00:00
15rv9a,What is a trend that you hope stays in 2012?,1,/r/AskReddit/comments/15rv9a/what_is_a_trend_that_you_hope_stays_in_2012/,2013-01-01 15:46:24+00:00
15rv94,"I know this may sound stupid to those who are computer wizards, BUT...",0,/r/AskReddit/comments/15rv94/i_know_this_may_sound_stupid_to_those_who_are/,2013-01-01 15:46:15+00:00
15rv7t,"If both Goofy and Pluto are dogs, how come Mickey is Goofy's friend but Pluto's owner?",1,/r/AskReddit/comments/15rv7t/if_both_goofy_and_pluto_are_dogs_how_come_mickey/,2013-01-01 15:45:18+00:00
15rv6l,What foods do you love to combine that grosses other people out?,1,/r/AskReddit/comments/15rv6l/what_foods_do_you_love_to_combine_that_grosses/,2013-01-01 15:44:25+00:00
15rv4l,"How can I confirm my email on this site? Sorry I know this is a dumb question, I'll delete this as soon as someone helps me out.",0,/r/AskReddit/comments/15rv4l/how_can_i_confirm_my_email_on_this_site_sorry_i/,2013-01-01 15:42:42+00:00
15rv3c,How to make a good impression on potential employers at a party?,0,/r/AskReddit/comments/15rv3c/how_to_make_a_good_impression_on_potential/,2013-01-01 15:41:37+00:00
15rv2k,What is an unknown fact about something we all know that will blow our mind?,1,/r/AskReddit/comments/15rv2k/what_is_an_unknown_fact_about_something_we_all/,2013-01-01 15:41:02+00:00
15rv0o,Reddit what is your New Year resolutions.,0,/r/AskReddit/comments/15rv0o/reddit_what_is_your_new_year_resolutions/,2013-01-01 15:39:19+00:00
15ruyf,What is the craziest thing you did for love?,1,/r/AskReddit/comments/15ruyf/what_is_the_craziest_thing_you_did_for_love/,2013-01-01 15:37:37+00:00
15ruxf,do you think it seems weird and surreal that Paul McCartney is still alive?,0,/r/AskReddit/comments/15ruxf/do_you_think_it_seems_weird_and_surreal_that_paul/,2013-01-01 15:36:50+00:00
15ruxb,"How can I stay motivated, get my work done and be productive instead of ending up on reddit, facebook etc.?",2,/r/AskReddit/comments/15ruxb/how_can_i_stay_motivated_get_my_work_done_and_be/,2013-01-01 15:36:40+00:00
15ruu3,"Readers of Reddit, what are your favorite collections of short stories?",5,/r/AskReddit/comments/15ruu3/readers_of_reddit_what_are_your_favorite/,2013-01-01 15:33:53+00:00
15rutt,"Reddit, I recently graduated and tomorrow I start working at a huge multinational firm. What tips do you have for a complete newbie? Anything goes...",2,/r/AskReddit/comments/15rutt/reddit_i_recently_graduated_and_tomorrow_i_start/,2013-01-01 15:33:42+00:00
15rurq,"What celebrity, if you had to choose one, would you punch as hard as you can in the face?",5,/r/AskReddit/comments/15rurq/what_celebrity_if_you_had_to_choose_one_would_you/,2013-01-01 15:32:16+00:00
15ruqd,What are some good terms of endearment? (Could be in different languages),0,/r/AskReddit/comments/15ruqd/what_are_some_good_terms_of_endearment_could_be/,2013-01-01 15:31:18+00:00
15ruoo,What's the unfunniest dirty joke you've ever heard/said?,0,/r/AskReddit/comments/15ruoo/whats_the_unfunniest_dirty_joke_youve_ever/,2013-01-01 15:29:54+00:00
15runp,Do British Women find American accents attractive?,1,/r/AskReddit/comments/15runp/do_british_women_find_american_accents_attractive/,2013-01-01 15:28:56+00:00
15runl,What was the best thing to happen to you in 2012?,0,/r/AskReddit/comments/15runl/what_was_the_best_thing_to_happen_to_you_in_2012/,2013-01-01 15:28:54+00:00
15rumb,What is the weirdest thing you have ever seen/heard?,0,/r/AskReddit/comments/15rumb/what_is_the_weirdest_thing_you_have_ever_seenheard/,2013-01-01 15:27:48+00:00
15ruk5,"To anyone who works for an online ""Casino"", how well do they emulate the odds of real life casinos? And how complex are the algorithms for things like card hands?",5,/r/AskReddit/comments/15ruk5/to_anyone_who_works_for_an_online_casino_how_well/,2013-01-01 15:26:03+00:00
15ruk1,Looking For Inspiration --&gt; What inspires you in Life?,1,/r/AskReddit/comments/15ruk1/looking_for_inspiration_what_inspires_you_in_life/,2013-01-01 15:26:02+00:00
15rujf,"My love life is fading away. We rarely have sex anymore, how do I get it back.",0,/r/AskReddit/comments/15rujf/my_love_life_is_fading_away_we_rarely_have_sex/,2013-01-01 15:25:41+00:00
15ruiu,What fictional characters could you see posting on reddit?,3,/r/AskReddit/comments/15ruiu/what_fictional_characters_could_you_see_posting/,2013-01-01 15:25:20+00:00
15ruin,Customer Care Reps of Reddit What Is The Worst Customer Who's Called or Came In Your Store?,7,/r/AskReddit/comments/15ruin/customer_care_reps_of_reddit_what_is_the_worst/,2013-01-01 15:25:11+00:00
15ruia,How do redditors get past a hangover?,1,/r/AskReddit/comments/15ruia/how_do_redditors_get_past_a_hangover/,2013-01-01 15:24:46+00:00
15rui4,Can you commit suicide by having two people share the same breath into each others mouths continuously?,0,/r/AskReddit/comments/15rui4/can_you_commit_suicide_by_having_two_people_share/,2013-01-01 15:24:32+00:00
15ruhs,Do you ever wonder what is going on with the television company when a commercial is repeated within 2 minutes?,1,/r/AskReddit/comments/15ruhs/do_you_ever_wonder_what_is_going_on_with_the/,2013-01-01 15:24:22+00:00
15ruem,Is there a site out there (in the style of YouTubeDoubler.com) with which you can enter a YouTube URL and play YouTube videos in reverse?,0,/r/AskReddit/comments/15ruem/is_there_a_site_out_there_in_the_style_of/,2013-01-01 15:21:30+00:00
15rud8,What would be a good line to save you from awkwardness when someone unwanted unexpectedly interferes into a conversation?,1,/r/AskReddit/comments/15rud8/what_would_be_a_good_line_to_save_you_from/,2013-01-01 15:20:27+00:00
15rud0,"Am I the only one who is deathly afraid of ""The girl who cried rape""?",1,/r/AskReddit/comments/15rud0/am_i_the_only_one_who_is_deathly_afraid_of_the/,2013-01-01 15:20:16+00:00
15rub4,"Married/to be married/singles of reddit, have any of you made a marriage pact with someone?",3,/r/AskReddit/comments/15rub4/marriedto_be_marriedsingles_of_reddit_have_any_of/,2013-01-01 15:18:31+00:00
15ruau,What's your first fuck-up of 2013? Did you manage to break anything already?,3,/r/AskReddit/comments/15ruau/whats_your_first_fuckup_of_2013_did_you_manage_to/,2013-01-01 15:18:12+00:00
15ruab,Throwaway time! What is a secret you know that would literally ruin someone else's life if it came out?,0,/r/AskReddit/comments/15ruab/throwaway_time_what_is_a_secret_you_know_that/,2013-01-01 15:17:45+00:00
15rua3,What is something embarrassing you have yet to tell your significant other?,16,/r/AskReddit/comments/15rua3/what_is_something_embarrassing_you_have_yet_to/,2013-01-01 15:17:25+00:00
15ru9w,"Reddit, What's your New Years resolution?",2,/r/AskReddit/comments/15ru9w/reddit_whats_your_new_years_resolution/,2013-01-01 15:17:16+00:00
15ru97,"Have you ever learned a skill or subject in a really short amount of time? (relative to the norm) What skill, how long?",0,/r/AskReddit/comments/15ru97/have_you_ever_learned_a_skill_or_subject_in_a/,2013-01-01 15:16:27+00:00
15ru6z,"Whats the dirtiest joke you've ever heard that made you think, ""thats not even funny, thats just fucking gross"".",1,/r/AskReddit/comments/15ru6z/whats_the_dirtiest_joke_youve_ever_heard_that/,2013-01-01 15:14:23+00:00
15ru64,What is the most accurate and feasible way to determine how attractive you are?,23,/r/AskReddit/comments/15ru64/what_is_the_most_accurate_and_feasible_way_to/,2013-01-01 15:13:41+00:00
15ru4f,What's the best riddle you know?,1,/r/AskReddit/comments/15ru4f/whats_the_best_riddle_you_know/,2013-01-01 15:11:43+00:00
15ru3y,"If you had the option of having a steady source of income without working for it, would you choose it?",0,/r/AskReddit/comments/15ru3y/if_you_had_the_option_of_having_a_steady_source/,2013-01-01 15:11:03+00:00
15ru35,Where do you think everything comes from?,0,/r/AskReddit/comments/15ru35/where_do_you_think_everything_comes_from/,2013-01-01 15:10:33+00:00
15ru1s,What is the Angriest you've been at an inanimate object?,19,/r/AskReddit/comments/15ru1s/what_is_the_angriest_youve_been_at_an_inanimate/,2013-01-01 15:09:24+00:00
15rtzm,Would anyone like to join in on my podcast as a guest?,0,/r/AskReddit/comments/15rtzm/would_anyone_like_to_join_in_on_my_podcast_as_a/,2013-01-01 15:07:39+00:00
15rtz1,Does emailing something make it intellectual property?,1,/r/AskReddit/comments/15rtz1/does_emailing_something_make_it_intellectual/,2013-01-01 15:07:04+00:00
15rtxn,What's the most overrated film?,3,/r/AskReddit/comments/15rtxn/whats_the_most_overrated_film/,2013-01-01 15:05:33+00:00
15rtxb,"You're going to be dragged a mile by a horse, would you rather be tied by your hands or feet and why?",3,/r/AskReddit/comments/15rtxb/youre_going_to_be_dragged_a_mile_by_a_horse_would/,2013-01-01 15:05:13+00:00
15rtv0,On the flip side of things what do you least regret about 2012?,1,/r/AskReddit/comments/15rtv0/on_the_flip_side_of_things_what_do_you_least/,2013-01-01 15:03:02+00:00
15rtrv,What is the best all round anti-virus for a home user?,2,/r/AskReddit/comments/15rtrv/what_is_the_best_all_round_antivirus_for_a_home/,2013-01-01 15:00:17+00:00
15rtqm,"What is your best ""yo momma"" joke?",0,/r/AskReddit/comments/15rtqm/what_is_your_best_yo_momma_joke/,2013-01-01 14:58:48+00:00
15rtp7,Who is the most famous person you have met? post pics if you have one,3,/r/AskReddit/comments/15rtp7/who_is_the_most_famous_person_you_have_met_post/,2013-01-01 14:57:31+00:00
15rtob,"People of Reddit, what are some things you haven't done since 2012?",1,/r/AskReddit/comments/15rtob/people_of_reddit_what_are_some_things_you_havent/,2013-01-01 14:56:36+00:00
15rto4,What are some of the best anti-jokes you've heard?,1,/r/AskReddit/comments/15rto4/what_are_some_of_the_best_antijokes_youve_heard/,2013-01-01 14:56:31+00:00
15rtny,Thinking of posting personal music here.What reaction will I get?,1,/r/AskReddit/comments/15rtny/thinking_of_posting_personal_music_herewhat/,2013-01-01 14:56:21+00:00
15rtn9,"This holidays I received a very nice pair of socks that ended up being my favorite gift. Reddit, when did you realize how truly fortunate you are to live the life you live?",1,/r/AskReddit/comments/15rtn9/this_holidays_i_received_a_very_nice_pair_of/,2013-01-01 14:55:32+00:00
15rtmw,"Have you ever been thrown in the drunk tank? If so, what's the story?",1,/r/AskReddit/comments/15rtmw/have_you_ever_been_thrown_in_the_drunk_tank_if_so/,2013-01-01 14:55:08+00:00
15rtlc,What actually would happen if an unstoppable force hit an immovable object?,0,/r/AskReddit/comments/15rtlc/what_actually_would_happen_if_an_unstoppable/,2013-01-01 14:53:11+00:00
15rtl6,When did the cashier fuck up bigtime but you didn't say a word?,5,/r/AskReddit/comments/15rtl6/when_did_the_cashier_fuck_up_bigtime_but_you/,2013-01-01 14:52:56+00:00
15rtkj,"Hey Reddit, which 2012 resolutions are you still keeping?",0,/r/AskReddit/comments/15rtkj/hey_reddit_which_2012_resolutions_are_you_still/,2013-01-01 14:52:24+00:00
15rtk2,"Reddit, what's preventing you from being the best ""you"" that you can be?",1,/r/AskReddit/comments/15rtk2/reddit_whats_preventing_you_from_being_the_best/,2013-01-01 14:51:55+00:00
15rtgh,"Hey ""nerds"" of credit how do you feel about the whole ""King of the nerds"" thing and shows like that?",1,/r/AskReddit/comments/15rtgh/hey_nerds_of_credit_how_do_you_feel_about_the/,2013-01-01 14:48:37+00:00
15rtf2,How many of you that are for stricter gun control have ever shot a gun?,0,/r/AskReddit/comments/15rtf2/how_many_of_you_that_are_for_stricter_gun_control/,2013-01-01 14:47:31+00:00
15rtet,What is the weirdest yet tastiest thing you have ever eaten?,3,/r/AskReddit/comments/15rtet/what_is_the_weirdest_yet_tastiest_thing_you_have/,2013-01-01 14:47:19+00:00
15rtee,"Those who have been there, any advice for life's more painful/awkward conversational situations? (E.g. someone has cancer/just had a miscarriage/lost a parent/lost a job, etc.)",2,/r/AskReddit/comments/15rtee/those_who_have_been_there_any_advice_for_lifes/,2013-01-01 14:46:47+00:00
15rte9,Anyone here wanna help me with this question?,0,/r/AskReddit/comments/15rte9/anyone_here_wanna_help_me_with_this_question/,2013-01-01 14:46:37+00:00
15rtbb,What can I do to make this year better then last year?,3,/r/AskReddit/comments/15rtbb/what_can_i_do_to_make_this_year_better_then_last/,2013-01-01 14:44:00+00:00
15rt8z,What are your most embarrassing stories from the final hours of 2012?,3,/r/AskReddit/comments/15rt8z/what_are_your_most_embarrassing_stories_from_the/,2013-01-01 14:41:33+00:00
15rt72,"Male reddiors, back in school how common was it...",0,/r/AskReddit/comments/15rt72/male_reddiors_back_in_school_how_common_was_it/,2013-01-01 14:39:27+00:00
15rt43,I'm making out with a smoking hot guard who works in my building. How can I flirt with him surreptitiously when he's doing site checks after hours?,0,/r/AskReddit/comments/15rt43/im_making_out_with_a_smoking_hot_guard_who_works/,2013-01-01 14:35:59+00:00
15rt1m,"If you were going to die at midnight, what would you be doing at 11:45pm?",0,/r/AskReddit/comments/15rt1m/if_you_were_going_to_die_at_midnight_what_would/,2013-01-01 14:33:59+00:00
15rt0x,Kony 2012 has expired and yet Joseph Kony hasn't been captured. What other disappointments did 2012 leave us with?,0,/r/AskReddit/comments/15rt0x/kony_2012_has_expired_and_yet_joseph_kony_hasnt/,2013-01-01 14:33:24+00:00
15rt0d,"Actors of reddit, when making a sex scene in a movie or tv show, are the actors actually having sex?",0,/r/AskReddit/comments/15rt0d/actors_of_reddit_when_making_a_sex_scene_in_a/,2013-01-01 14:32:48+00:00
15rszl,Former sheltered people/prudes of Reddit: how did you come out of your shell and how long did it take you?,1,/r/AskReddit/comments/15rszl/former_sheltered_peopleprudes_of_reddit_how_did/,2013-01-01 14:32:00+00:00
15rszj,"Ok Reddit, with the 50 year anniversary on the horizon: Who killed JFK?",1,/r/AskReddit/comments/15rszj/ok_reddit_with_the_50_year_anniversary_on_the/,2013-01-01 14:31:55+00:00
15rsym,"North Koreans of Reddit, how different is North Korea than it's portrayed in the media?",0,/r/AskReddit/comments/15rsym/north_koreans_of_reddit_how_different_is_north/,2013-01-01 14:30:43+00:00
15rsxq,What's the coolest/most unique present you've ever been given?,2,/r/AskReddit/comments/15rsxq/whats_the_coolestmost_unique_present_youve_ever/,2013-01-01 14:29:32+00:00
15rswi,"Reddit, what did it feel like to fall in love?",0,/r/AskReddit/comments/15rswi/reddit_what_did_it_feel_like_to_fall_in_love/,2013-01-01 14:28:30+00:00
15rsvi,"Redditors, how many of you are taking part in a Polar Bear Plunge today?",1,/r/AskReddit/comments/15rsvi/redditors_how_many_of_you_are_taking_part_in_a/,2013-01-01 14:27:13+00:00
15rstl,What do you think the best time/place would be to start a zombie apocalypse?,0,/r/AskReddit/comments/15rstl/what_do_you_think_the_best_timeplace_would_be_to/,2013-01-01 14:25:23+00:00
15rst2,Scientists and Nutritionists of Reddit: are all the unpronounceable ingredients most of us eat every day harmful or not?,2,/r/AskReddit/comments/15rst2/scientists_and_nutritionists_of_reddit_are_all/,2013-01-01 14:24:58+00:00
15rsqe,Should I reduce my comic intake or cut it off completely?,2,/r/AskReddit/comments/15rsqe/should_i_reduce_my_comic_intake_or_cut_it_off/,2013-01-01 14:21:51+00:00
15rspp,"Reddit, what's your best trick to cure a hangover?",1519,/r/AskReddit/comments/15rspp/reddit_whats_your_best_trick_to_cure_a_hangover/,2013-01-01 14:21:10+00:00
15rson,"To Redditors, who have had to have an abortion. How did it effect you relationship with the person who was the mother/father of the child?",4,/r/AskReddit/comments/15rson/to_redditors_who_have_had_to_have_an_abortion_how/,2013-01-01 14:20:16+00:00
15rso1,"What is the most pleasure you can give yourself without touching your ""no-no's""?",0,/r/AskReddit/comments/15rso1/what_is_the_most_pleasure_you_can_give_yourself/,2013-01-01 14:19:36+00:00
15rsly,IS there a way to download a whole map from a server?,1,/r/AskReddit/comments/15rsly/is_there_a_way_to_download_a_whole_map_from_a/,2013-01-01 14:17:40+00:00
15rsjl,"Legally speaking, as a United States citizen, how many people am I allowed to be married to at once?",0,/r/AskReddit/comments/15rsjl/legally_speaking_as_a_united_states_citizen_how/,2013-01-01 14:15:14+00:00
15rsg5,"What's your New Year resolutions, and which ones do you know you're going to fail?",2,/r/AskReddit/comments/15rsg5/whats_your_new_year_resolutions_and_which_ones_do/,2013-01-01 14:11:39+00:00
15rsfh,How would you cripple a dictatorship?,1,/r/AskReddit/comments/15rsfh/how_would_you_cripple_a_dictatorship/,2013-01-01 14:10:26+00:00
15rsf4,Why are cellphone/mobile games just SO awful anymore? How can I find quality android games?,1,/r/AskReddit/comments/15rsf4/why_are_cellphonemobile_games_just_so_awful/,2013-01-01 14:10:05+00:00
15rsev,What was the male body trend of 2012?,0,/r/AskReddit/comments/15rsev/what_was_the_male_body_trend_of_2012/,2013-01-01 14:09:51+00:00
15rsdd,Has anyone tried Missed Connections on Craigslist and it actually worked?,3,/r/AskReddit/comments/15rsdd/has_anyone_tried_missed_connections_on_craigslist/,2013-01-01 14:08:04+00:00
15rscr,What elevates a system of beliefs to a religion?,0,/r/AskReddit/comments/15rscr/what_elevates_a_system_of_beliefs_to_a_religion/,2013-01-01 14:07:21+00:00
15rs8i,What is Reddit's opinion of short/dyed hair on girls? [Pictures],0,/r/AskReddit/comments/15rs8i/what_is_reddits_opinion_of_shortdyed_hair_on/,2013-01-01 14:02:48+00:00
15rs8a,What is the cringiest thing you have ever done drunk?,0,/r/AskReddit/comments/15rs8a/what_is_the_cringiest_thing_you_have_ever_done/,2013-01-01 14:02:31+00:00
15rs82,What of your new years resolutions did you already break?,0,/r/AskReddit/comments/15rs82/what_of_your_new_years_resolutions_did_you/,2013-01-01 14:02:17+00:00
15rs6l,"What has shattered your suspension of disbelief in any movies, television, or books?",3,/r/AskReddit/comments/15rs6l/what_has_shattered_your_suspension_of_disbelief/,2013-01-01 14:00:37+00:00
15rs66,"Cashiers of reddit, what is the weirdest combination of items you have ever seen someone buy?",3,/r/AskReddit/comments/15rs66/cashiers_of_reddit_what_is_the_weirdest/,2013-01-01 14:00:14+00:00
15rs30,What do you want the airlines and airports to change?,5,/r/AskReddit/comments/15rs30/what_do_you_want_the_airlines_and_airports_to/,2013-01-01 13:56:29+00:00
15rs11,"If you could wipe one species off the planet, with just a thought, what would it be?",514,/r/AskReddit/comments/15rs11/if_you_could_wipe_one_species_off_the_planet_with/,2013-01-01 13:53:53+00:00
15rs0r,"With the other AskRedit asking what is good about the United States, Redditors what do you think is bad?",3,/r/AskReddit/comments/15rs0r/with_the_other_askredit_asking_what_is_good_about/,2013-01-01 13:53:42+00:00
15rrzf,What should I do about my cousin?,0,/r/AskReddit/comments/15rrzf/what_should_i_do_about_my_cousin/,2013-01-01 13:51:54+00:00
15rrz6,"Reddit, what world altering thing would you like to see before you die?",17,/r/AskReddit/comments/15rrz6/reddit_what_world_altering_thing_would_you_like/,2013-01-01 13:51:37+00:00
15rrz0,Who was the person we had to PM for the most offensive joke told only once a year?,0,/r/AskReddit/comments/15rrz0/who_was_the_person_we_had_to_pm_for_the_most/,2013-01-01 13:51:26+00:00
15rryo,What are your best antique and/or thrift store finds?,1,/r/AskReddit/comments/15rryo/what_are_your_best_antique_andor_thrift_store/,2013-01-01 13:51:08+00:00
15rrxs,Can anyone say what fruit this is?,0,/r/AskReddit/comments/15rrxs/can_anyone_say_what_fruit_this_is/,2013-01-01 13:50:09+00:00
15rrx8,Why is coat hanger synonymous with abortion?,0,/r/AskReddit/comments/15rrx8/why_is_coat_hanger_synonymous_with_abortion/,2013-01-01 13:49:28+00:00
15rrwe,Who on Reddit has the most link karma?,0,/r/AskReddit/comments/15rrwe/who_on_reddit_has_the_most_link_karma/,2013-01-01 13:48:21+00:00
15rrwa,Self-made wealthy redditors: was getting rich worth it?,2,/r/AskReddit/comments/15rrwa/selfmade_wealthy_redditors_was_getting_rich_worth/,2013-01-01 13:48:09+00:00
15rruz,"Those that worked in a franchised book store, what's your day to day job like?",0,/r/AskReddit/comments/15rruz/those_that_worked_in_a_franchised_book_store/,2013-01-01 13:46:56+00:00
15rrty,sometimes when I post something on reddit I can't see it?,1,/r/AskReddit/comments/15rrty/sometimes_when_i_post_something_on_reddit_i_cant/,2013-01-01 13:45:43+00:00
15rrsn,What cheap cool room decorations/gadgets can I get for my room?,1,/r/AskReddit/comments/15rrsn/what_cheap_cool_room_decorationsgadgets_can_i_get/,2013-01-01 13:44:02+00:00
15rrsk,"Asian 25 years old male here. I have been dating only asian girls all my life, how do I go about finding non-asian girls? Help me!",0,/r/AskReddit/comments/15rrsk/asian_25_years_old_male_here_i_have_been_dating/,2013-01-01 13:44:00+00:00
15rrqq,"One day in LA, what to see/do?",0,/r/AskReddit/comments/15rrqq/one_day_in_la_what_to_seedo/,2013-01-01 13:41:46+00:00
15rrq0,What are things you do quicker than other people?,18,/r/AskReddit/comments/15rrq0/what_are_things_you_do_quicker_than_other_people/,2013-01-01 13:40:46+00:00
15rrpe,"In what effective/creative/funny ways do you go about meeting new people - be it in school, uni, work, or everyday life?",8,/r/AskReddit/comments/15rrpe/in_what_effectivecreativefunny_ways_do_you_go/,2013-01-01 13:39:52+00:00
15rrp7,What seemingly small mistake had huge consequences in your life?,217,/r/AskReddit/comments/15rrp7/what_seemingly_small_mistake_had_huge/,2013-01-01 13:39:44+00:00
15rrp5,Teacher's of Reddit what's the strangest thing a student has asked you?,18,/r/AskReddit/comments/15rrp5/teachers_of_reddit_whats_the_strangest_thing_a/,2013-01-01 13:39:38+00:00
15rroe,Do you think that animals can communicate on a deeper level?,1,/r/AskReddit/comments/15rroe/do_you_think_that_animals_can_communicate_on_a/,2013-01-01 13:38:38+00:00
15rrn3,What do you guys think of Hugh Laurie's American accent in House?,0,/r/AskReddit/comments/15rrn3/what_do_you_guys_think_of_hugh_lauries_american/,2013-01-01 13:36:30+00:00
15rrml,"PLEASE HELP, my mom suddenly can't speak, what can I do???",1,/r/AskReddit/comments/15rrml/please_help_my_mom_suddenly_cant_speak_what_can_i/,2013-01-01 13:36:02+00:00
15rrm2,Dear Askreddit this is the perfect question for today! What's the best cure for a hangover ?,0,/r/AskReddit/comments/15rrm2/dear_askreddit_this_is_the_perfect_question_for/,2013-01-01 13:35:17+00:00
15rrm1,What is the thing you have seen online that has made you laugh the most?,2,/r/AskReddit/comments/15rrm1/what_is_the_thing_you_have_seen_online_that_has/,2013-01-01 13:35:15+00:00
15rrkc,What would happen to society if one could only mate with those of the same profession?,11,/r/AskReddit/comments/15rrkc/what_would_happen_to_society_if_one_could_only/,2013-01-01 13:32:51+00:00
15rriw,"Hey reddit, my birthday is always overshadowed by new years. What can I do for myself to make it special?",7,/r/AskReddit/comments/15rriw/hey_reddit_my_birthday_is_always_overshadowed_by/,2013-01-01 13:31:07+00:00
15rrgs,"Just received this through email, what should be my next move?",0,/r/AskReddit/comments/15rrgs/just_received_this_through_email_what_should_be/,2013-01-01 13:28:27+00:00
15rrfm,"What do you think are some lessons I should be teaching my students, besides what is found in the course curriculum and standards.",16,/r/AskReddit/comments/15rrfm/what_do_you_think_are_some_lessons_i_should_be/,2013-01-01 13:26:36+00:00
15rren,"Reddit, if you could only drive one car in your lifetime, what would it be?",15,/r/AskReddit/comments/15rren/reddit_if_you_could_only_drive_one_car_in_your/,2013-01-01 13:25:32+00:00
15rrdz,"Alright Reddit, what is your new years resolution?",0,/r/AskReddit/comments/15rrdz/alright_reddit_what_is_your_new_years_resolution/,2013-01-01 13:24:31+00:00
15rrch,What was the weirdest thing you ever done when you were bored?,1,/r/AskReddit/comments/15rrch/what_was_the_weirdest_thing_you_ever_done_when/,2013-01-01 13:22:23+00:00
15rrbh,"Reddit, What's your ultimate feel good song?",3,/r/AskReddit/comments/15rrbh/reddit_whats_your_ultimate_feel_good_song/,2013-01-01 13:21:22+00:00
15rr9u,"If the superstition is that you spend the year doing a lot of what you were doing exactly at midnight, how is 2013 going to look/be for you?",0,/r/AskReddit/comments/15rr9u/if_the_superstition_is_that_you_spend_the_year/,2013-01-01 13:19:13+00:00
15rr71,Why do you post in r/gonewild?,4,/r/AskReddit/comments/15rr71/why_do_you_post_in_rgonewild/,2013-01-01 13:14:39+00:00
15rr6n,What are some useful/practical things to memorize?,37,/r/AskReddit/comments/15rr6n/what_are_some_usefulpractical_things_to_memorize/,2013-01-01 13:14:10+00:00
15rr6d,"Reddit, how was your New Years Eve?",2,/r/AskReddit/comments/15rr6d/reddit_how_was_your_new_years_eve/,2013-01-01 13:13:46+00:00
15rr4s,"Internet, Can you derive the meaning of a text?",0,/r/AskReddit/comments/15rr4s/internet_can_you_derive_the_meaning_of_a_text/,2013-01-01 13:11:49+00:00
15rr4f,Did you accomplish your 2012 New Years Resolutions?,3,/r/AskReddit/comments/15rr4f/did_you_accomplish_your_2012_new_years_resolutions/,2013-01-01 13:11:26+00:00
15rr2q,Have you ever been in a situation where you had to choose between your mom or your girlfriend/boyfriend? What is the basis of your decision?,2,/r/AskReddit/comments/15rr2q/have_you_ever_been_in_a_situation_where_you_had/,2013-01-01 13:09:06+00:00
15rr0a,"I just watched The Hobbit on HFR 3D, why does the entire movie feel like it is filmed in a studio?",0,/r/AskReddit/comments/15rr0a/i_just_watched_the_hobbit_on_hfr_3d_why_does_the/,2013-01-01 13:05:45+00:00
15rr02,"For those who suffer from hypochondria, have you found any beneficial methods for combating this debilitating illness?",0,/r/AskReddit/comments/15rr02/for_those_who_suffer_from_hypochondria_have_you/,2013-01-01 13:05:29+00:00
15rqyj,"If you could go back in time and bring one thing back with you, what would you choose?",2,/r/AskReddit/comments/15rqyj/if_you_could_go_back_in_time_and_bring_one_thing/,2013-01-01 13:03:28+00:00
15rqxr,What lines from movies do you find Ridiculous?,0,/r/AskReddit/comments/15rqxr/what_lines_from_movies_do_you_find_ridiculous/,2013-01-01 13:02:30+00:00
15rqxl,Am I wrong for fucking this slut?,0,/r/AskReddit/comments/15rqxl/am_i_wrong_for_fucking_this_slut/,2013-01-01 13:02:09+00:00
15rqx6,"If the world would 'end' within, say, ten years, could we succesfully colonize a planet with current knowledge/tech?",0,/r/AskReddit/comments/15rqx6/if_the_world_would_end_within_say_ten_years_could/,2013-01-01 13:01:43+00:00
15rqwr,New Years Eve - Party Hosts: What's the most memorable / funny thing that happened last night?,0,/r/AskReddit/comments/15rqwr/new_years_eve_party_hosts_whats_the_most/,2013-01-01 13:01:15+00:00
15rqut,What is the best time to post on Reddit?,0,/r/AskReddit/comments/15rqut/what_is_the_best_time_to_post_on_reddit/,2013-01-01 12:58:41+00:00
15rqt5,"So reddit... I met a girl who I love, but I'm not attracted to. What do I do?",1,/r/AskReddit/comments/15rqt5/so_reddit_i_met_a_girl_who_i_love_but_im_not/,2013-01-01 12:56:23+00:00
15rqsr,"So reddit, how have your first few hours of 2013 been?",0,/r/AskReddit/comments/15rqsr/so_reddit_how_have_your_first_few_hours_of_2013/,2013-01-01 12:56:04+00:00
15rqs5,How do you get over a hangover?,0,/r/AskReddit/comments/15rqs5/how_do_you_get_over_a_hangover/,2013-01-01 12:55:20+00:00
15rqrv,Do you think you should tip carhops at sonic?,0,/r/AskReddit/comments/15rqrv/do_you_think_you_should_tip_carhops_at_sonic/,2013-01-01 12:55:01+00:00
15rqqt,Does anyone else feel like they were born in the wrong time period?,3,/r/AskReddit/comments/15rqqt/does_anyone_else_feel_like_they_were_born_in_the/,2013-01-01 12:53:39+00:00
15rqpr,Why WordPress Is Most Liked Blogging Platform Than Compared To Blogspot?,0,/r/AskReddit/comments/15rqpr/why_wordpress_is_most_liked_blogging_platform/,2013-01-01 12:51:53+00:00
15rqne,What were your New Years Resolutions for 2011? How well did you keep them? Are you determined to do better in 2012?,1,/r/AskReddit/comments/15rqne/what_were_your_new_years_resolutions_for_2011_how/,2013-01-01 12:48:38+00:00
15rqmf,"Parents of reddit, why don't you close your child's bedroom door?",0,/r/AskReddit/comments/15rqmf/parents_of_reddit_why_dont_you_close_your_childs/,2013-01-01 12:47:40+00:00
15rqme,"Reddit, what is something you enjoy?",0,/r/AskReddit/comments/15rqme/reddit_what_is_something_you_enjoy/,2013-01-01 12:47:39+00:00
15rqld,What are some small habits that you think everyone should start doing them today?,4,/r/AskReddit/comments/15rqld/what_are_some_small_habits_that_you_think/,2013-01-01 12:46:35+00:00
15rqhb,Help me reddit... How do I stay sane? I'm going out of my mind....,3,/r/AskReddit/comments/15rqhb/help_me_reddit_how_do_i_stay_sane_im_going_out_of/,2013-01-01 12:41:35+00:00
15rqgh,Do you think kids of today will know the difference between a computer and The Internet?,0,/r/AskReddit/comments/15rqgh/do_you_think_kids_of_today_will_know_the/,2013-01-01 12:40:30+00:00
15rqfv,What's a normal household thing that you love doing/experiencing?,4,/r/AskReddit/comments/15rqfv/whats_a_normal_household_thing_that_you_love/,2013-01-01 12:39:41+00:00
15rqfl,"Reddit, if you furthered your education in any way, did you end up with the job/career you intended to have?",7,/r/AskReddit/comments/15rqfl/reddit_if_you_furthered_your_education_in_any_way/,2013-01-01 12:39:24+00:00
15rqfg,"What are some ""words"" that you used to think were words but since have found out they're not.",4,/r/AskReddit/comments/15rqfg/what_are_some_words_that_you_used_to_think_were/,2013-01-01 12:39:15+00:00
15rqew,What is your lifes big question?,7,/r/AskReddit/comments/15rqew/what_is_your_lifes_big_question/,2013-01-01 12:38:07+00:00
15rq99,What is the best reaction you have seen from an online shock site?,0,/r/AskReddit/comments/15rq99/what_is_the_best_reaction_you_have_seen_from_an/,2013-01-01 12:29:26+00:00
15rq8n,Happy New Year Reddit!! Whats your New Years resolution?,0,/r/AskReddit/comments/15rq8n/happy_new_year_reddit_whats_your_new_years/,2013-01-01 12:28:37+00:00
15rq8h,"If you could choose your SOs new years resolution, what would it be?",6,/r/AskReddit/comments/15rq8h/if_you_could_choose_your_sos_new_years_resolution/,2013-01-01 12:28:26+00:00
15rq70,I recently made a comic but it isnt really a rage comic so where should I post it?,0,/r/AskReddit/comments/15rq70/i_recently_made_a_comic_but_it_isnt_really_a_rage/,2013-01-01 12:26:23+00:00
15rq6x,What is your favourite memory of someone that passed away in 2012?,3,/r/AskReddit/comments/15rq6x/what_is_your_favourite_memory_of_someone_that/,2013-01-01 12:26:16+00:00
15rq6v,"In lieu of ""What's the funniest ___ joke"" posts, what's the nerdiest (and funniest) joke you've ever heard?",0,/r/AskReddit/comments/15rq6v/in_lieu_of_whats_the_funniest_joke_posts_whats/,2013-01-01 12:26:12+00:00
15rq4t,Every At works ask me if I have a GF?,0,/r/AskReddit/comments/15rq4t/every_at_works_ask_me_if_i_have_a_gf/,2013-01-01 12:23:30+00:00
15rq47,"What things did you think were awesome when you were younger, then later found out they sucked?",3,/r/AskReddit/comments/15rq47/what_things_did_you_think_were_awesome_when_you/,2013-01-01 12:22:48+00:00
15rq2y,"Airline workers of Reddit, why are some seemingly trivial rules in place for passengers?",12,/r/AskReddit/comments/15rq2y/airline_workers_of_reddit_why_are_some_seemingly/,2013-01-01 12:20:43+00:00
15rq28,I am an ugly person and I want to post a picture of myself to 4chan so they can judge me but I fear I may become a meme. Is this a good idea?,0,/r/AskReddit/comments/15rq28/i_am_an_ugly_person_and_i_want_to_post_a_picture/,2013-01-01 12:19:35+00:00
15rq1n,Lyric of a song that fits what you're going through right now..,1,/r/AskReddit/comments/15rq1n/lyric_of_a_song_that_fits_what_youre_going/,2013-01-01 12:18:48+00:00
15rq0x,What countries new years firework celebration do you think to be the best?,0,/r/AskReddit/comments/15rq0x/what_countries_new_years_firework_celebration_do/,2013-01-01 12:17:41+00:00
15rq0w,"Reddit, how do I quell my intense fear of death and the beyond?",25,/r/AskReddit/comments/15rq0w/reddit_how_do_i_quell_my_intense_fear_of_death/,2013-01-01 12:17:40+00:00
15rq0m,"To those of you who have actually brought Infomercial products, which would you recommend and what would you avoid?",12,/r/AskReddit/comments/15rq0m/to_those_of_you_who_have_actually_brought/,2013-01-01 12:17:19+00:00
15rq01,What freaky shit have you seen go down with an Ouija Board?,0,/r/AskReddit/comments/15rq01/what_freaky_shit_have_you_seen_go_down_with_an/,2013-01-01 12:16:24+00:00
15rpzw,How do I get my racist husband to change?,0,/r/AskReddit/comments/15rpzw/how_do_i_get_my_racist_husband_to_change/,2013-01-01 12:16:11+00:00
15rpzq,"Dearest Reddit, if you had a reset button for anything what would you reset to start anew?",2,/r/AskReddit/comments/15rpzq/dearest_reddit_if_you_had_a_reset_button_for/,2013-01-01 12:15:51+00:00
15rpx5,What's the best pickup line that got you laid?,0,/r/AskReddit/comments/15rpx5/whats_the_best_pickup_line_that_got_you_laid/,2013-01-01 12:12:02+00:00
15rpx3,"If you had 6 weeks to live, what would you do?",0,/r/AskReddit/comments/15rpx3/if_you_had_6_weeks_to_live_what_would_you_do/,2013-01-01 12:11:59+00:00
15rpwz,Why does the MacBook Pro cost $150 more in Australia than it does in the US?,2,/r/AskReddit/comments/15rpwz/why_does_the_macbook_pro_cost_150_more_in/,2013-01-01 12:11:40+00:00
15rpwt,Does whey protein powder benefit people that do daily exercise?,1,/r/AskReddit/comments/15rpwt/does_whey_protein_powder_benefit_people_that_do/,2013-01-01 12:11:28+00:00
15rpun,"Why do you think it is that in films/television/plays depicting a non English culture (ie. the new Les Mis film, or the tv show 'Rome') the actors always have English accents?",0,/r/AskReddit/comments/15rpun/why_do_you_think_it_is_that_in/,2013-01-01 12:08:29+00:00
15rpum,What is the most interesting way you have missed the new years eve countdown?,3,/r/AskReddit/comments/15rpum/what_is_the_most_interesting_way_you_have_missed/,2013-01-01 12:08:28+00:00
15rpub,"Reddit, is there something positive about Europe?",6,/r/AskReddit/comments/15rpub/reddit_is_there_something_positive_about_europe/,2013-01-01 12:08:06+00:00
15rpu0,"I don't have a cat, whacky neighbours, relatives, or room-mates. I have no girlfriend and all my friends are physically and mentally healthy. How do I get to the front page?",0,/r/AskReddit/comments/15rpu0/i_dont_have_a_cat_whacky_neighbours_relatives_or/,2013-01-01 12:07:36+00:00
15rpse,What is your biggest fear for the New Year?,1,/r/AskReddit/comments/15rpse/what_is_your_biggest_fear_for_the_new_year/,2013-01-01 12:05:39+00:00
15rps2,"Will Facebook one day become a mass ""e-grave"" for profiles of the dead?",0,/r/AskReddit/comments/15rps2/will_facebook_one_day_become_a_mass_egrave_for/,2013-01-01 12:05:19+00:00
15rprq,Could you describe your new years eve with a song title?,0,/r/AskReddit/comments/15rprq/could_you_describe_your_new_years_eve_with_a_song/,2013-01-01 12:04:53+00:00
15rpqu,What's one thing you regret saying this year?,0,/r/AskReddit/comments/15rpqu/whats_one_thing_you_regret_saying_this_year/,2013-01-01 12:03:47+00:00
15rpqe,"Reddit I got robbed at gunpoint tonight, how'd you ring in 2013?",3,/r/AskReddit/comments/15rpqe/reddit_i_got_robbed_at_gunpoint_tonight_howd_you/,2013-01-01 12:03:13+00:00
15rppz,"Men of Reddit, what was your most awkward/inappropriate ""boner moment""? Possible NSFW",6,/r/AskReddit/comments/15rppz/men_of_reddit_what_was_your_most/,2013-01-01 12:02:13+00:00
15rppk,"Dear Redditors, what is the weirdest new years resolution you have ever heard someone say?",0,/r/AskReddit/comments/15rppk/dear_redditors_what_is_the_weirdest_new_years/,2013-01-01 12:01:32+00:00
15rpnl,Is WordPress The Best Place For You To Post Your Blogs?,0,/r/AskReddit/comments/15rpnl/is_wordpress_the_best_place_for_you_to_post_your/,2013-01-01 11:58:55+00:00
15rpmz,What's your most awesome party trick and how do you do it?,2,/r/AskReddit/comments/15rpmz/whats_your_most_awesome_party_trick_and_how_do/,2013-01-01 11:58:18+00:00
15rple,What idea relieves you of stress and calms you after a tough time in your life?,2,/r/AskReddit/comments/15rple/what_idea_relieves_you_of_stress_and_calms_you/,2013-01-01 11:56:09+00:00
15rpky,What is one major thing that you would like to accomplish in 2013?,37,/r/AskReddit/comments/15rpky/what_is_one_major_thing_that_you_would_like_to/,2013-01-01 11:55:42+00:00
15rpkl,"Redditors who live at home, what are some awkward situations you have had to deal with, with your parents?",2,/r/AskReddit/comments/15rpkl/redditors_who_live_at_home_what_are_some_awkward/,2013-01-01 11:55:12+00:00
15rpiy,Killers of Reddit- Why do you kill?,0,/r/AskReddit/comments/15rpiy/killers_of_reddit_why_do_you_kill/,2013-01-01 11:53:43+00:00
15rpg9,"Okay techies, here's one for you. Bought a portable snes clone (RDP ver. 2), and it has a single screen issue I think I could fix. What do you think...",1,/r/AskReddit/comments/15rpg9/okay_techies_heres_one_for_you_bought_a_portable/,2013-01-01 11:49:42+00:00
15rpfj,"What exactly is going to happen now that America has gone off the ""Fiscal Cliff""",1,/r/AskReddit/comments/15rpfj/what_exactly_is_going_to_happen_now_that_america/,2013-01-01 11:48:30+00:00
15rpff,"If you were forced onto the stage of a talent show to sing a song, what song would you choose to sing?",4,/r/AskReddit/comments/15rpff/if_you_were_forced_onto_the_stage_of_a_talent/,2013-01-01 11:48:19+00:00
15rpdt,To all the American redditors... Since what age did you start to witness the dropping of ball in Times Square? Does this mean anyhting significant to you?,0,/r/AskReddit/comments/15rpdt/to_all_the_american_redditors_since_what_age_did/,2013-01-01 11:46:03+00:00
15rpcz,What's a potentially sketchy situation you have put yourself in which has turned out to be completely fine?,6,/r/AskReddit/comments/15rpcz/whats_a_potentially_sketchy_situation_you_have/,2013-01-01 11:44:27+00:00
15rpbq,"I am getting tired of Video Games, what do I do now?",1,/r/AskReddit/comments/15rpbq/i_am_getting_tired_of_video_games_what_do_i_do_now/,2013-01-01 11:42:52+00:00
15rpbf,whats the strangest thing your girlfriend has said to you?,1,/r/AskReddit/comments/15rpbf/whats_the_strangest_thing_your_girlfriend_has/,2013-01-01 11:42:25+00:00
15rpad,What is the wickedest thing you have ever done... and did you you suffer the consequences or get away with it?,1,/r/AskReddit/comments/15rpad/what_is_the_wickedest_thing_you_have_ever_done/,2013-01-01 11:41:26+00:00
15rp9x,Do you think Abraham Lincoln would enjoy The Beatles? What kind of music would historical figures like today?,2,/r/AskReddit/comments/15rp9x/do_you_think_abraham_lincoln_would_enjoy_the/,2013-01-01 11:40:44+00:00
15rp91,Who would win in a fight Superman or Goku,0,/r/AskReddit/comments/15rp91/who_would_win_in_a_fight_superman_or_goku/,2013-01-01 11:39:51+00:00
15rp71,They say fireplaces actually make the house colder by drawing hot air up the chimney. So why did people use them to heat their houses?,0,/r/AskReddit/comments/15rp71/they_say_fireplaces_actually_make_the_house/,2013-01-01 11:36:37+00:00
15rp6l,"When you play ""The Wizard of Oz"" and Pink Floyd's ""The Wall"" album, at the same time, they sync up in a cool way. What are some other hidden gems like that?",0,/r/AskReddit/comments/15rp6l/when_you_play_the_wizard_of_oz_and_pink_floyds/,2013-01-01 11:35:59+00:00
15rp3q,"If you could have sex with any game character, who would it be?",0,/r/AskReddit/comments/15rp3q/if_you_could_have_sex_with_any_game_character_who/,2013-01-01 11:32:18+00:00
15rp30,"Reddit, what are the most time consuming subreddits?",2,/r/AskReddit/comments/15rp30/reddit_what_are_the_most_time_consuming_subreddits/,2013-01-01 11:31:41+00:00
15rp1l,What do you zone out on when you're shutting your mind off?,0,/r/AskReddit/comments/15rp1l/what_do_you_zone_out_on_when_youre_shutting_your/,2013-01-01 11:29:50+00:00
15rp03,"Gamers of Reddit, is a single game that you could play 'forever'?",4,/r/AskReddit/comments/15rp03/gamers_of_reddit_is_a_single_game_that_you_could/,2013-01-01 11:27:26+00:00
15rozo,Who here's moved to a foreign city? How did you make friends? What did you do to keep yourself occupied?,5,/r/AskReddit/comments/15rozo/who_heres_moved_to_a_foreign_city_how_did_you/,2013-01-01 11:27:00+00:00
15rozk,Will the current decade similar to the 1960's in terms of political and cultural climate? Can any parallels be drawn?,1,/r/AskReddit/comments/15rozk/will_the_current_decade_similar_to_the_1960s_in/,2013-01-01 11:26:55+00:00
15rozc,What is the best bad joke you've ever heard?,0,/r/AskReddit/comments/15rozc/what_is_the_best_bad_joke_youve_ever_heard/,2013-01-01 11:26:26+00:00
15roz0,"What is an amazing fact from from one of your childhood memories, that you didn't know before, and then later blew your mind when you found out?",0,/r/AskReddit/comments/15roz0/what_is_an_amazing_fact_from_from_one_of_your/,2013-01-01 11:26:00+00:00
15row7,What's the best shortest story (50 characters or less) you can come up with?,2,/r/AskReddit/comments/15row7/whats_the_best_shortest_story_50_characters_or/,2013-01-01 11:21:28+00:00
15row5,"Reddit, what song transports you back to childhood journeys in your parents' car?",1,/r/AskReddit/comments/15row5/reddit_what_song_transports_you_back_to_childhood/,2013-01-01 11:21:17+00:00
15rouv,Lost my Virginity on New Years! How was yours?,0,/r/AskReddit/comments/15rouv/lost_my_virginity_on_new_years_how_was_yours/,2013-01-01 11:19:59+00:00
15rou5,"Guys of Reddit, when a girl you know mentions that she Reddits does this make you less likely to be attracted to her? More? Or does it have no affect on the situation?",0,/r/AskReddit/comments/15rou5/guys_of_reddit_when_a_girl_you_know_mentions_that/,2013-01-01 11:18:57+00:00
15roro,"Reddit, in occasion of New Years, what's your craziest firework story?",0,/r/AskReddit/comments/15roro/reddit_in_occasion_of_new_years_whats_your/,2013-01-01 11:15:55+00:00
15ror6,"Who would you marry, kiss, kill?",0,/r/AskReddit/comments/15ror6/who_would_you_marry_kiss_kill/,2013-01-01 11:15:08+00:00
15roog,"time stops for 24 hours, what would you do?",2,/r/AskReddit/comments/15roog/time_stops_for_24_hours_what_would_you_do/,2013-01-01 11:11:34+00:00
15ronr,What favorite product of yours would make you upset if discontinued?,2,/r/AskReddit/comments/15ronr/what_favorite_product_of_yours_would_make_you/,2013-01-01 11:10:31+00:00
15rolj,"If time traveled backwards, would firefighters be badguys?",0,/r/AskReddit/comments/15rolj/if_time_traveled_backwards_would_firefighters_be/,2013-01-01 11:07:18+00:00
15rojv,How do I crosspost/x-post from one sub-reddit to another?,0,/r/AskReddit/comments/15rojv/how_do_i_crosspostxpost_from_one_subreddit_to/,2013-01-01 11:04:50+00:00
15rojq,What's the best thing to ever happen to you that you've had no one to tell?,0,/r/AskReddit/comments/15rojq/whats_the_best_thing_to_ever_happen_to_you_that/,2013-01-01 11:04:40+00:00
15rojg,What's your 2013 resolution that you know you can't keep?,1,/r/AskReddit/comments/15rojg/whats_your_2013_resolution_that_you_know_you_cant/,2013-01-01 11:04:17+00:00
15roj5,"So, why is there so much good metal on the frontpage today, but barley any metal all the other days?",0,/r/AskReddit/comments/15roj5/so_why_is_there_so_much_good_metal_on_the/,2013-01-01 11:03:41+00:00
15roj3,"Hey Reddit, I lost a Brother before I was born in a freak car accident, have you lost anyone important to your life before you were born that may have changed the course of your life?",0,/r/AskReddit/comments/15roj3/hey_reddit_i_lost_a_brother_before_i_was_born_in/,2013-01-01 11:03:37+00:00
15roix,Can you love two people at the same time?,0,/r/AskReddit/comments/15roix/can_you_love_two_people_at_the_same_time/,2013-01-01 11:03:29+00:00
15roi9,"What should I do about people who don't say ""thank you"" for gifts?",1,/r/AskReddit/comments/15roi9/what_should_i_do_about_people_who_dont_say_thank/,2013-01-01 11:02:48+00:00
15roi2,What do you think is the best tv opening credits sequence?,4,/r/AskReddit/comments/15roi2/what_do_you_think_is_the_best_tv_opening_credits/,2013-01-01 11:02:33+00:00
15rog7,"Reddit.In your mind,what language do you think in?(This question is especially for those where English is not the primary language and Deaf-Mute)",1,/r/AskReddit/comments/15rog7/redditin_your_mindwhat_language_do_you_think/,2013-01-01 11:00:16+00:00
15rofr,"Reddit, what mistake do you regret that didn't turn out so bad, yet you still regret it anyway?",0,/r/AskReddit/comments/15rofr/reddit_what_mistake_do_you_regret_that_didnt_turn/,2013-01-01 10:59:42+00:00
15rod5,"What New Years Phrase/Greeting do you always use? (Other than ""Happy New Years"")",0,/r/AskReddit/comments/15rod5/what_new_years_phrasegreeting_do_you_always_use/,2013-01-01 10:56:32+00:00
15roc7,What are some inexpensive presents you could get a friend/family/SO on a whim?,0,/r/AskReddit/comments/15roc7/what_are_some_inexpensive_presents_you_could_get/,2013-01-01 10:55:08+00:00
15ro9r,What was the worst thing you did in school?,2,/r/AskReddit/comments/15ro9r/what_was_the_worst_thing_you_did_in_school/,2013-01-01 10:52:01+00:00
15ro8w,Whats your New Year's Eve party dream team?,0,/r/AskReddit/comments/15ro8w/whats_your_new_years_eve_party_dream_team/,2013-01-01 10:51:02+00:00
15ro8g,"Reddit, what's a new non-hateful word to replace the current use of ""gay""/""retarded"" in our culture?",0,/r/AskReddit/comments/15ro8g/reddit_whats_a_new_nonhateful_word_to_replace_the/,2013-01-01 10:50:33+00:00
15ro83,"Reddit, What is the best pun you know?",0,/r/AskReddit/comments/15ro83/reddit_what_is_the_best_pun_you_know/,2013-01-01 10:50:07+00:00
15ro7l,Any information on how to buy Products wholesale and resell for a profit would be amazing.,0,/r/AskReddit/comments/15ro7l/any_information_on_how_to_buy_products_wholesale/,2013-01-01 10:49:50+00:00
15ro6x,"I want to better myself by making life an ""RPG"" of sorts. What should I start?",0,/r/AskReddit/comments/15ro6x/i_want_to_better_myself_by_making_life_an_rpg_of/,2013-01-01 10:48:52+00:00
15ro6a,"Most of mankind has been wiped out by a pandemic and as far as you know, you are the only ones left. Make a list of your priorities and how you would work together to survive.",1,/r/AskReddit/comments/15ro6a/most_of_mankind_has_been_wiped_out_by_a_pandemic/,2013-01-01 10:48:15+00:00
15ro5t,"If you had the opportunity to meet yourself 5 years before you were meant to die, what would you ask them? What would you bring them?",1,/r/AskReddit/comments/15ro5t/if_you_had_the_opportunity_to_meet_yourself_5/,2013-01-01 10:47:28+00:00
15ro5a,"Reddit, I need help some advice about how to handle a divorce.",1,/r/AskReddit/comments/15ro5a/reddit_i_need_help_some_advice_about_how_to/,2013-01-01 10:46:54+00:00
15ro48,"Met a girl tonight, hit it off, left without saying goodbye. Julia, are you a redditor?",1,/r/AskReddit/comments/15ro48/met_a_girl_tonight_hit_it_off_left_without_saying/,2013-01-01 10:45:41+00:00
15ro3z,"note to self...reddit, what is your craziest night with new years, don't forget the gorey details. sorry about spelling drunk as fuck",1,/r/AskReddit/comments/15ro3z/note_to_selfreddit_what_is_your_craziest_night/,2013-01-01 10:45:25+00:00
15ro2p,New Years on Reddit! What drunken adventures did you get into on this wonderful start to the year 2013?,0,/r/AskReddit/comments/15ro2p/new_years_on_reddit_what_drunken_adventures_did/,2013-01-01 10:43:31+00:00
15ro2o,"Reddit, what were you doing on the last day of 2012 and the first day 2013?",0,/r/AskReddit/comments/15ro2o/reddit_what_were_you_doing_on_the_last_day_of/,2013-01-01 10:43:30+00:00
15ro24,Reddit where were you for New Year's eve? How was it?,0,/r/AskReddit/comments/15ro24/reddit_where_were_you_for_new_years_eve_how_was_it/,2013-01-01 10:42:40+00:00
15ro23,"Hotel staff of Reddit, what is the strangest thing you've found in a guest's hotel room?",6,/r/AskReddit/comments/15ro23/hotel_staff_of_reddit_what_is_the_strangest_thing/,2013-01-01 10:42:40+00:00
15ro22,"For 2012, what SHOULD have been your New Year's Resolutions?",0,/r/AskReddit/comments/15ro22/for_2012_what_should_have_been_your_new_years/,2013-01-01 10:42:37+00:00
15rnzs,What's the most hopeless situation you've been in and how did you get out of it.,1,/r/AskReddit/comments/15rnzs/whats_the_most_hopeless_situation_youve_been_in/,2013-01-01 10:38:54+00:00
15rnzr,"What do all of these video game characters have in common? Solid Snake, Jax Briggs, Sonya Blade, Mario, and Lara Croft?",0,/r/AskReddit/comments/15rnzr/what_do_all_of_these_video_game_characters_have/,2013-01-01 10:38:51+00:00
15rnyu,"Ex-Smokers of Reddit, When you chose to quit, what could have made things easier?",19,/r/AskReddit/comments/15rnyu/exsmokers_of_reddit_when_you_chose_to_quit_what/,2013-01-01 10:38:02+00:00
15rnyv,"Hey Reddit, dare to solve this?",2,/r/AskReddit/comments/15rnyv/hey_reddit_dare_to_solve_this/,2013-01-01 10:38:02+00:00
15rnyo,What have I got myself into? And what advice would you guys have for this situation?,0,/r/AskReddit/comments/15rnyo/what_have_i_got_myself_into_and_what_advice_would/,2013-01-01 10:37:53+00:00
15rny5,"Reddit, What amazing songs have you discovered surfing YouTube?",1,/r/AskReddit/comments/15rny5/reddit_what_amazing_songs_have_you_discovered/,2013-01-01 10:37:19+00:00
15rnxc,What's the most painful foot in mouth moment you've ever had?,3,/r/AskReddit/comments/15rnxc/whats_the_most_painful_foot_in_mouth_moment_youve/,2013-01-01 10:35:54+00:00
15rnx5,"Dear reddit, what is a good movie that explains true and feel good ""adult life"" predicaments, and/or tell me a real or made up story about the right things to do in life...",1,/r/AskReddit/comments/15rnx5/dear_reddit_what_is_a_good_movie_that_explains/,2013-01-01 10:35:39+00:00
15rnww,"My parents completely deny Global Warming, what are some OBJECTIVE ways I can convince them otherwise?",0,/r/AskReddit/comments/15rnww/my_parents_completely_deny_global_warming_what/,2013-01-01 10:35:21+00:00
15rnv1,"If you could have one companion, who would it be?",68,/r/AskReddit/comments/15rnv1/if_you_could_have_one_companion_who_would_it_be/,2013-01-01 10:32:43+00:00
15rnup,"If you could describe you childhood in a short movie/series of gifs, what would it be???",0,/r/AskReddit/comments/15rnup/if_you_could_describe_you_childhood_in_a_short/,2013-01-01 10:32:12+00:00
15rntw,"Do you have a ""type?"" What is it?",162,/r/AskReddit/comments/15rntw/do_you_have_a_type_what_is_it/,2013-01-01 10:30:32+00:00
15rnpl,"Why is it okay for African-Americans to call each other ""nigger,"" but not okay for people of any other race?",0,/r/AskReddit/comments/15rnpl/why_is_it_okay_for_africanamericans_to_call_each/,2013-01-01 10:25:24+00:00
15rnp5,Who thinks that people who have recently turned 21 (within three years) have adapted to drinking and driving?,1,/r/AskReddit/comments/15rnp5/who_thinks_that_people_who_have_recently_turned/,2013-01-01 10:24:38+00:00
15rnp2,"Reddit, what is your craziest random drunk person on the street/anywhere story??",4,/r/AskReddit/comments/15rnp2/reddit_what_is_your_craziest_random_drunk_person/,2013-01-01 10:24:34+00:00
15rnoe,What New Year's Resolutions have you kept?,0,/r/AskReddit/comments/15rnoe/what_new_years_resolutions_have_you_kept/,2013-01-01 10:23:42+00:00
15rnmz,When is it time to divorce your Parental family? &lt;story inside&gt;,2,/r/AskReddit/comments/15rnmz/when_is_it_time_to_divorce_your_parental_family/,2013-01-01 10:22:09+00:00
15rnlq,Who ruined your New Year? And how?,2,/r/AskReddit/comments/15rnlq/who_ruined_your_new_year_and_how/,2013-01-01 10:20:50+00:00
15rnkx,Is there anyone who has actually stuck through their new years resolution(s) for a whole year or more?,1,/r/AskReddit/comments/15rnkx/is_there_anyone_who_has_actually_stuck_through/,2013-01-01 10:19:43+00:00
15rnkq,"What do you think about today's film releases?Which do you prefer, yesterday's film or the current films?",0,/r/AskReddit/comments/15rnkq/what_do_you_think_about_todays_film_releaseswhich/,2013-01-01 10:19:31+00:00
15rnki,"So Reddit, what was your New Years Resolution?",0,/r/AskReddit/comments/15rnki/so_reddit_what_was_your_new_years_resolution/,2013-01-01 10:19:21+00:00
15rnk5,"I'm drunk and I have to go to work in 3 hours, what can I do to ease my pain?",6,/r/AskReddit/comments/15rnk5/im_drunk_and_i_have_to_go_to_work_in_3_hours_what/,2013-01-01 10:18:50+00:00
15rnhz,"Not sure where to post this, but is there any reason why minus.com gifs can't load on the iPhone?",1,/r/AskReddit/comments/15rnhz/not_sure_where_to_post_this_but_is_there_any/,2013-01-01 10:16:14+00:00
15rnhw,So it's that time of year again and prom is approaching...how should I ask a girl to prom?,4,/r/AskReddit/comments/15rnhw/so_its_that_time_of_year_again_and_prom_is/,2013-01-01 10:16:08+00:00
15rngl,"When I submit a link to a webpage or a pic from imgur all I see is the reddit character beside an exclamation mark and ""There doesn't seem to be anything here"" - why?",1,/r/AskReddit/comments/15rngl/when_i_submit_a_link_to_a_webpage_or_a_pic_from/,2013-01-01 10:14:55+00:00
15rngf,what character so you love to hate?,1,/r/AskReddit/comments/15rngf/what_character_so_you_love_to_hate/,2013-01-01 10:14:37+00:00
15rnfl,"If you could have anything, what would it be?",14,/r/AskReddit/comments/15rnfl/if_you_could_have_anything_what_would_it_be/,2013-01-01 10:13:37+00:00
15rnfj,"Reddit, I'm on Reddit on New Year's Eve (I guess New Years day technically) and for some reason I have to ask everyone.... Are you apart of the mile high club?",0,/r/AskReddit/comments/15rnfj/reddit_im_on_reddit_on_new_years_eve_i_guess_new/,2013-01-01 10:13:33+00:00
15rnf9,What are some things people unconsciously do you find to be rude or annoying? Now's your chance to let redditors know.,3,/r/AskReddit/comments/15rnf9/what_are_some_things_people_unconsciously_do_you/,2013-01-01 10:13:02+00:00
15rnet,What are your reasons for loving Reddit? In a way that you would never leave.,2,/r/AskReddit/comments/15rnet/what_are_your_reasons_for_loving_reddit_in_a_way/,2013-01-01 10:12:24+00:00
15rncq,"In TL:DR form, whats your best road trip story?",3,/r/AskReddit/comments/15rncq/in_tldr_form_whats_your_best_road_trip_story/,2013-01-01 10:10:05+00:00
15rnco,Wouldn't it be cool if 2013 started at exactly the same time across time zones? What would a worldwide New Year's celebration be like?,0,/r/AskReddit/comments/15rnco/wouldnt_it_be_cool_if_2013_started_at_exactly_the/,2013-01-01 10:10:03+00:00
15rncn,Reddit what is your favorite riddle?,0,/r/AskReddit/comments/15rncn/reddit_what_is_your_favorite_riddle/,2013-01-01 10:10:03+00:00
15rnbw,So how'd you guys and gals ring in the New Year? any New Year's resolutions?,0,/r/AskReddit/comments/15rnbw/so_howd_you_guys_and_gals_ring_in_the_new_year/,2013-01-01 10:08:54+00:00
15rnbi,Would you help your mother hide a dead body?,7,/r/AskReddit/comments/15rnbi/would_you_help_your_mother_hide_a_dead_body/,2013-01-01 10:08:24+00:00
15rnas,Why Instagram getting hype to much compare to any other photo sharing sites??,0,/r/AskReddit/comments/15rnas/why_instagram_getting_hype_to_much_compare_to_any/,2013-01-01 10:07:36+00:00
15rnaq,How do you guys talk to girls on facebook?,0,/r/AskReddit/comments/15rnaq/how_do_you_guys_talk_to_girls_on_facebook/,2013-01-01 10:07:30+00:00
15rn8k,Why are women so much less interested in sex than men.,0,/r/AskReddit/comments/15rn8k/why_are_women_so_much_less_interested_in_sex_than/,2013-01-01 10:04:51+00:00
15rn6k,What ever happened to the guy with a joke so offensive that he only tells it once a year?,0,/r/AskReddit/comments/15rn6k/what_ever_happened_to_the_guy_with_a_joke_so/,2013-01-01 10:01:51+00:00
15rn6h,What is the worst gift you have ever received?,2,/r/AskReddit/comments/15rn6h/what_is_the_worst_gift_you_have_ever_received/,2013-01-01 10:01:48+00:00
15rn5k,What cheers you up when you're feeling down? (possibly nsfw?),0,/r/AskReddit/comments/15rn5k/what_cheers_you_up_when_youre_feeling_down/,2013-01-01 10:00:42+00:00
15rn5a,Missing contact; can you help?,1,/r/AskReddit/comments/15rn5a/missing_contact_can_you_help/,2013-01-01 10:00:24+00:00
15rn4r,"An apatheist with a crush on a strong Christian, what do I do?",0,/r/AskReddit/comments/15rn4r/an_apatheist_with_a_crush_on_a_strong_christian/,2013-01-01 09:59:51+00:00
15rn4g,What were you doing when the New Year hit?,0,/r/AskReddit/comments/15rn4g/what_were_you_doing_when_the_new_year_hit/,2013-01-01 09:59:17+00:00
15rn3h,Who is the first celebrity to die in 2013?,5,/r/AskReddit/comments/15rn3h/who_is_the_first_celebrity_to_die_in_2013/,2013-01-01 09:57:51+00:00
15rn2e,"I'm bored at home tonight with just my smartphone. What's something really cool (story, podcast, etc, not music) that I can listen to right now?",0,/r/AskReddit/comments/15rn2e/im_bored_at_home_tonight_with_just_my_smartphone/,2013-01-01 09:56:43+00:00
15rn1t,"In your opinion, what was the best film of 2012?",0,/r/AskReddit/comments/15rn1t/in_your_opinion_what_was_the_best_film_of_2012/,2013-01-01 09:56:01+00:00
15rn19,"Well I almost just got into my first fight, how was your New Years Eve Reddit?",0,/r/AskReddit/comments/15rn19/well_i_almost_just_got_into_my_first_fight_how/,2013-01-01 09:55:30+00:00
15rmzq,"Help! My friends and I have been fighting over ""whether or not Charles Manson killed anyone"". Yes or no?",0,/r/AskReddit/comments/15rmzq/help_my_friends_and_i_have_been_fighting_over/,2013-01-01 09:53:24+00:00
15rmyl,What is the difference between different types of eye lens? (more inside),0,/r/AskReddit/comments/15rmyl/what_is_the_difference_between_different_types_of/,2013-01-01 09:51:55+00:00
15rmy7,"Artists of Reddit, show me your finest work.",0,/r/AskReddit/comments/15rmy7/artists_of_reddit_show_me_your_finest_work/,2013-01-01 09:51:29+00:00
15rmx4,Psycho ex's: what is the craziest thing you ex has done?,6,/r/AskReddit/comments/15rmx4/psycho_exs_what_is_the_craziest_thing_you_ex_has/,2013-01-01 09:50:23+00:00
15rmws,"Reddit, what are your New Year's resolutions?",0,/r/AskReddit/comments/15rmws/reddit_what_are_your_new_years_resolutions/,2013-01-01 09:50:02+00:00
15rmsg,Reddit! What is your biggest fear?,4,/r/AskReddit/comments/15rmsg/reddit_what_is_your_biggest_fear/,2013-01-01 09:45:03+00:00
15rms6,Why do I get such a good feeling when I am so tired?,7,/r/AskReddit/comments/15rms6/why_do_i_get_such_a_good_feeling_when_i_am_so/,2013-01-01 09:44:31+00:00
15rmrn,Does anyone know how I can get ahold of some Lost energy drinks?,1,/r/AskReddit/comments/15rmrn/does_anyone_know_how_i_can_get_ahold_of_some_lost/,2013-01-01 09:43:52+00:00
15rmrg,Of what aspect of yourself are you most proud?,3,/r/AskReddit/comments/15rmrg/of_what_aspect_of_yourself_are_you_most_proud/,2013-01-01 09:43:34+00:00
15rmqw,What is the one thing you could post on Facebook that would absolutely infuriate everybody and cause massive uproar?,0,/r/AskReddit/comments/15rmqw/what_is_the_one_thing_you_could_post_on_facebook/,2013-01-01 09:43:04+00:00
15rmqv,"If you were a celebrity, would you want a fashion stylist for yourself?",0,/r/AskReddit/comments/15rmqv/if_you_were_a_celebrity_would_you_want_a_fashion/,2013-01-01 09:43:02+00:00
15rmqp,Which video game/movie antagonists do you sympathize with?,1,/r/AskReddit/comments/15rmqp/which_video_gamemovie_antagonists_do_you/,2013-01-01 09:42:50+00:00
15rmpv,"Irish guy here, and out of curiosity, why do so many Americans think that their country is the World's greatest?",2,/r/AskReddit/comments/15rmpv/irish_guy_here_and_out_of_curiosity_why_do_so/,2013-01-01 09:42:01+00:00
15rmp1,What can I do with Reddit Gold?,0,/r/AskReddit/comments/15rmp1/what_can_i_do_with_reddit_gold/,2013-01-01 09:40:56+00:00
15rmnq,"""Quickly"" Married Folks; Why Did You Do It? How Did It Turn Out?",1,/r/AskReddit/comments/15rmnq/quickly_married_folks_why_did_you_do_it_how_did/,2013-01-01 09:39:20+00:00
15rmmx,What are some small things you forget to do a lot that bug you?,2,/r/AskReddit/comments/15rmmx/what_are_some_small_things_you_forget_to_do_a_lot/,2013-01-01 09:38:26+00:00
15rmmk,What games are similar to Dustforce?,1,/r/AskReddit/comments/15rmmk/what_games_are_similar_to_dustforce/,2013-01-01 09:38:01+00:00
15rmmj,"Reddit, what accent to you find the least attractive?",4,/r/AskReddit/comments/15rmmj/reddit_what_accent_to_you_find_the_least/,2013-01-01 09:38:00+00:00
15rmm1,Should I tell my boyfriend his dick isn't cute?,0,/r/AskReddit/comments/15rmm1/should_i_tell_my_boyfriend_his_dick_isnt_cute/,2013-01-01 09:37:27+00:00
15rmm0,I started my New Year by sitting on a toilet with the seat up. How did you start 2013?,0,/r/AskReddit/comments/15rmm0/i_started_my_new_year_by_sitting_on_a_toilet_with/,2013-01-01 09:37:23+00:00
15rmlb,What do you think about divorce?,1,/r/AskReddit/comments/15rmlb/what_do_you_think_about_divorce/,2013-01-01 09:36:34+00:00
15rmkg,"To those who did not want kids but had one (or many) because of pressure from a SO or family, I ask, how did it turn out? Do you regret it? Are you happy with your decision?",4,/r/AskReddit/comments/15rmkg/to_those_who_did_not_want_kids_but_had_one_or/,2013-01-01 09:35:51+00:00
15rmk1,What is the best thing that happen to you or that you did for yourself in 2012?,2,/r/AskReddit/comments/15rmk1/what_is_the_best_thing_that_happen_to_you_or_that/,2013-01-01 09:35:21+00:00
15rmjl,Is there a way to make yourself fall asleep 100% without fail?,1,/r/AskReddit/comments/15rmjl/is_there_a_way_to_make_yourself_fall_asleep_100/,2013-01-01 09:34:48+00:00
15rmj5,"I didn't know where to put it, so askreddit wins. Have you hugged your family and friends this year? Here's to a great 2013 with the people that mean the most. Who are the best people you know?",0,/r/AskReddit/comments/15rmj5/i_didnt_know_where_to_put_it_so_askreddit_wins/,2013-01-01 09:34:26+00:00
15rmi0,"After a particularly bad breakup, what do you do to pick yourself up and get back on your feet?",7,/r/AskReddit/comments/15rmi0/after_a_particularly_bad_breakup_what_do_you_do/,2013-01-01 09:33:15+00:00
15rmfl,What is the most unintentionally scary movie from your childhood?,1,/r/AskReddit/comments/15rmfl/what_is_the_most_unintentionally_scary_movie_from/,2013-01-01 09:30:38+00:00
15rmf7,HELP! I need someone who can impersonate Tom delonge. (Blink 182),0,/r/AskReddit/comments/15rmf7/help_i_need_someone_who_can_impersonate_tom/,2013-01-01 09:30:19+00:00
15rmf5,"Hey Reddit, has your life ever been unexpectedly altered by a book? if so what book?",1,/r/AskReddit/comments/15rmf5/hey_reddit_has_your_life_ever_been_unexpectedly/,2013-01-01 09:30:17+00:00
15rmep,"Reddit, what power do you have in your life, and how have you used it for good things?",1,/r/AskReddit/comments/15rmep/reddit_what_power_do_you_have_in_your_life_and/,2013-01-01 09:29:57+00:00
15rmef,What PC games are out worth playing right now?,9,/r/AskReddit/comments/15rmef/what_pc_games_are_out_worth_playing_right_now/,2013-01-01 09:29:36+00:00
15rme0,What would your last meal request be?,4,/r/AskReddit/comments/15rme0/what_would_your_last_meal_request_be/,2013-01-01 09:28:54+00:00
15rmdv,"Redditors that play sports, what is one thing that you have to do before you have a match or competition?",3,/r/AskReddit/comments/15rmdv/redditors_that_play_sports_what_is_one_thing_that/,2013-01-01 09:28:51+00:00
15rmdu,Reddit:Tell me what you did for NYE!,0,/r/AskReddit/comments/15rmdu/reddittell_me_what_you_did_for_nye/,2013-01-01 09:28:49+00:00
15rmcu,"Now that the new year has come, what are the things that we now regret we did last night on new years eve?",0,/r/AskReddit/comments/15rmcu/now_that_the_new_year_has_come_what_are_the/,2013-01-01 09:27:38+00:00
15rmcg,REDDIT: What's the craziest thing your Ex-girlfriend/boyfriend has done? What's the craziest thing you've done for revenge?,0,/r/AskReddit/comments/15rmcg/reddit_whats_the_craziest_thing_your/,2013-01-01 09:27:06+00:00
15rmca,"Reddit, what anti-jokes can you think of off the top of your head?",0,/r/AskReddit/comments/15rmca/reddit_what_antijokes_can_you_think_of_off_the/,2013-01-01 09:26:53+00:00
15rmbf,How do I get less mad when discussing with people online?,1,/r/AskReddit/comments/15rmbf/how_do_i_get_less_mad_when_discussing_with_people/,2013-01-01 09:26:02+00:00
15rmav,Me and my friend are having a contest to see who can have the most link karma. What is the most pointless contest you have ever taken part in?,0,/r/AskReddit/comments/15rmav/me_and_my_friend_are_having_a_contest_to_see_who/,2013-01-01 09:25:31+00:00
15rmar,"Reddit, have you ever had to cope with a close family member who has decided to make a drastic lifestyle change? How did it affect you and were you able to accept it?",1,/r/AskReddit/comments/15rmar/reddit_have_you_ever_had_to_cope_with_a_close/,2013-01-01 09:25:28+00:00
15rm8y,What was the last meal you ate in 2012?,1,/r/AskReddit/comments/15rm8y/what_was_the_last_meal_you_ate_in_2012/,2013-01-01 09:23:35+00:00
15rm8t,"What is something, anything that you think no one knows about?",0,/r/AskReddit/comments/15rm8t/what_is_something_anything_that_you_think_no_one/,2013-01-01 09:23:30+00:00
15rm7z,What's the weirdest thing you've found in your fridge?,0,/r/AskReddit/comments/15rm7z/whats_the_weirdest_thing_youve_found_in_your/,2013-01-01 09:22:49+00:00
15rm7u,What is the best riddle you have ever heard?,0,/r/AskReddit/comments/15rm7u/what_is_the_best_riddle_you_have_ever_heard/,2013-01-01 09:22:41+00:00
15rm6w,What is something positive about Canada?,0,/r/AskReddit/comments/15rm6w/what_is_something_positive_about_canada/,2013-01-01 09:21:53+00:00
15rm6g,"For new years, I'm attempting to stay awake until midnight the next night. Any tips on how to do it successfully?",0,/r/AskReddit/comments/15rm6g/for_new_years_im_attempting_to_stay_awake_until/,2013-01-01 09:21:30+00:00
15rm5h,Do good shoes really improve on the back pains from working a factory job?,1,/r/AskReddit/comments/15rm5h/do_good_shoes_really_improve_on_the_back_pains/,2013-01-01 09:20:24+00:00
15rm5c,What is the best subreddit to take the place of a therapist/psychiatrist?,0,/r/AskReddit/comments/15rm5c/what_is_the_best_subreddit_to_take_the_place_of_a/,2013-01-01 09:20:14+00:00
15rm4p,What is an awesome invention you think most people don't know about but should? I'll start...,1,/r/AskReddit/comments/15rm4p/what_is_an_awesome_invention_you_think_most/,2013-01-01 09:19:32+00:00
15rm43,What's the most amazing thing that happened to you in 2013?,0,/r/AskReddit/comments/15rm43/whats_the_most_amazing_thing_that_happened_to_you/,2013-01-01 09:19:04+00:00
15rm3b,"Now that the new year is here, what stories about yourself or someone you know that started a year off really badly? (Possibly NSFW)",0,/r/AskReddit/comments/15rm3b/now_that_the_new_year_is_here_what_stories_about/,2013-01-01 09:18:07+00:00
15rm2g,"Is it fair to say ""For every 5 hours you study/or spend in lab (beyond what is needed), you can play 1 hour of video games"" to my husband? If not, what's a good ratio?",0,/r/AskReddit/comments/15rm2g/is_it_fair_to_say_for_every_5_hours_you_studyor/,2013-01-01 09:17:01+00:00
15rm0d,What are some interesting adaptations in animals that we will discover millions of years from now caused by human intervention? (first post),1,/r/AskReddit/comments/15rm0d/what_are_some_interesting_adaptations_in_animals/,2013-01-01 09:14:52+00:00
15rlzq,Ayawaska. Have you tried it reddit? And how was it?,0,/r/AskReddit/comments/15rlzq/ayawaska_have_you_tried_it_reddit_and_how_was_it/,2013-01-01 09:14:07+00:00
15rlzn,I'm looking for good TV shows to source for my daughter (she's just over 1 at the moment). What are your all time favourite shows from when you were a kid?,0,/r/AskReddit/comments/15rlzn/im_looking_for_good_tv_shows_to_source_for_my/,2013-01-01 09:14:02+00:00
15rlx8,"How many people got a Happy Birthday email from multiple internet sites, newsletters, and message boards today?",1,/r/AskReddit/comments/15rlx8/how_many_people_got_a_happy_birthday_email_from/,2013-01-01 09:11:49+00:00
15rlwt,Recently became homeless with $35 to my name. Any advice?,0,/r/AskReddit/comments/15rlwt/recently_became_homeless_with_35_to_my_name_any/,2013-01-01 09:11:34+00:00
15rluq,"Reddit, how rich (or poor) would you be if you received a dollar for every karma you have? What would you do with the money?",0,/r/AskReddit/comments/15rluq/reddit_how_rich_or_poor_would_you_be_if_you/,2013-01-01 09:09:06+00:00
15rlun,To those who had or had no choise to start a new life. How did you go about it? What are the ups amd downs?,0,/r/AskReddit/comments/15rlun/to_those_who_had_or_had_no_choise_to_start_a_new/,2013-01-01 09:09:02+00:00
15rlua,What was your one biggest fuck up of 2012?,1491,/r/AskReddit/comments/15rlua/what_was_your_one_biggest_fuck_up_of_2012/,2013-01-01 09:08:32+00:00
15rltt,"Reddit, what great stories do you wish to tell, but can never find a time when it would be relevant?",5,/r/AskReddit/comments/15rltt/reddit_what_great_stories_do_you_wish_to_tell_but/,2013-01-01 09:08:06+00:00
15rltm,"Does anyone get this weird feeling, and if so, can you help clarify?",0,/r/AskReddit/comments/15rltm/does_anyone_get_this_weird_feeling_and_if_so_can/,2013-01-01 09:07:57+00:00
15rlrz,Could you tell me what kind of money is this and how to know its legitimacy?,0,/r/AskReddit/comments/15rlrz/could_you_tell_me_what_kind_of_money_is_this_and/,2013-01-01 09:06:23+00:00
15rlrd,Reddit what is the one rule you always follow?,14,/r/AskReddit/comments/15rlrd/reddit_what_is_the_one_rule_you_always_follow/,2013-01-01 09:05:26+00:00
15rlqr,What is Your 2013 New Year's Resolution?,1,/r/AskReddit/comments/15rlqr/what_is_your_2013_new_years_resolution/,2013-01-01 09:04:36+00:00
15rlqi,"Paramedics of reddit, how often are you asked medical advice by random people while on standby at large events or while at an emergency?",0,/r/AskReddit/comments/15rlqi/paramedics_of_reddit_how_often_are_you_asked/,2013-01-01 09:04:16+00:00
15rlqf,What's your favorite brand and flavor of instant ramen/noodles?,0,/r/AskReddit/comments/15rlqf/whats_your_favorite_brand_and_flavor_of_instant/,2013-01-01 09:04:05+00:00
15rlq5,What is the best dirty/offensive joke you've ever heard?,0,/r/AskReddit/comments/15rlq5/what_is_the_best_dirtyoffensive_joke_youve_ever/,2013-01-01 09:03:44+00:00
15rlmt,Is my mother eligible for Medical Marijuana?,0,/r/AskReddit/comments/15rlmt/is_my_mother_eligible_for_medical_marijuana/,2013-01-01 09:00:19+00:00
15rllu,"Reddit, despite any barriers whatsoever what kind of life would you want to live?",0,/r/AskReddit/comments/15rllu/reddit_despite_any_barriers_whatsoever_what_kind/,2013-01-01 08:59:37+00:00
15rlka,Does anyone know of a short and hilarious apology video?,1,/r/AskReddit/comments/15rlka/does_anyone_know_of_a_short_and_hilarious_apology/,2013-01-01 08:58:00+00:00
15rljj,Do you prefer to be with someone who is smarter or dumber than you?,2,/r/AskReddit/comments/15rljj/do_you_prefer_to_be_with_someone_who_is_smarter/,2013-01-01 08:57:18+00:00
15rliv,"OK, Reddit: What would you like to be your favorite memory of 2013?",0,/r/AskReddit/comments/15rliv/ok_reddit_what_would_you_like_to_be_your_favorite/,2013-01-01 08:56:33+00:00
15rlim,When have you felt the most embarrassed in public?,2,/r/AskReddit/comments/15rlim/when_have_you_felt_the_most_embarrassed_in_public/,2013-01-01 08:56:24+00:00
15rlhs,so who couldn't do anything exciting this new years? i'm here with ya!,1,/r/AskReddit/comments/15rlhs/so_who_couldnt_do_anything_exciting_this_new/,2013-01-01 08:55:22+00:00
15rlhd,What's your favorite and most annoying food to eat?,4,/r/AskReddit/comments/15rlhd/whats_your_favorite_and_most_annoying_food_to_eat/,2013-01-01 08:54:55+00:00
15rlgx,"Believers of the Mayan prophecy of 12/21/12, what are your thoughts and feelings on that now?",0,/r/AskReddit/comments/15rlgx/believers_of_the_mayan_prophecy_of_122112_what/,2013-01-01 08:54:21+00:00
15rlgg,"Women of Reddit (or even men), I need a little help. I want to help out the sex life with my lady, but between how tight she is and how big I am, it can be tough.",0,/r/AskReddit/comments/15rlgg/women_of_reddit_or_even_men_i_need_a_little_help/,2013-01-01 08:53:51+00:00
15rlg9,Samantha barks (Les Misérables) is a dead ringer for my ex-wife in this photo. Who else has ex-doppelgangers?,1,/r/AskReddit/comments/15rlg9/samantha_barks_les_misérables_is_a_dead_ringer/,2013-01-01 08:53:44+00:00
15rlf0,"Reddit for those of you who have spent time in a Psych Ward, what interesting/creepy stories do you have about your stay?",57,/r/AskReddit/comments/15rlf0/reddit_for_those_of_you_who_have_spent_time_in_a/,2013-01-01 08:52:23+00:00
15rlee,Drinking scotch alone. What's your initially lame New Years turned awesome stories?,0,/r/AskReddit/comments/15rlee/drinking_scotch_alone_whats_your_initially_lame/,2013-01-01 08:51:36+00:00
15rldm,"Reddit, what are 3 movies you would suggest all of your peers to watch?",0,/r/AskReddit/comments/15rldm/reddit_what_are_3_movies_you_would_suggest_all_of/,2013-01-01 08:50:49+00:00
15rld6,Will the United States ever become out of debt?,1,/r/AskReddit/comments/15rld6/will_the_united_states_ever_become_out_of_debt/,2013-01-01 08:50:28+00:00
15rld5,What would you do if time stopped for a week?,4,/r/AskReddit/comments/15rld5/what_would_you_do_if_time_stopped_for_a_week/,2013-01-01 08:50:27+00:00
15rlby,"what is a free game, program, site that is fun and good for killing time?",1,/r/AskReddit/comments/15rlby/what_is_a_free_game_program_site_that_is_fun_and/,2013-01-01 08:49:22+00:00
15rlax,How often does Newegg restock their supply?,0,/r/AskReddit/comments/15rlax/how_often_does_newegg_restock_their_supply/,2013-01-01 08:47:58+00:00
15rlaf,"Reddit, How was your New Year's?",0,/r/AskReddit/comments/15rlaf/reddit_how_was_your_new_years/,2013-01-01 08:46:59+00:00
15rl9v,Why is it frowned upon to think about all that COULD have been instead of matters at hand?,0,/r/AskReddit/comments/15rl9v/why_is_it_frowned_upon_to_think_about_all_that/,2013-01-01 08:46:19+00:00
15rl9g,"What's the new year's resolution that you make, but know you're going to break within a few weeks?",0,/r/AskReddit/comments/15rl9g/whats_the_new_years_resolution_that_you_make_but/,2013-01-01 08:45:56+00:00
15rl8v,What was the last thing you said before midnight?,0,/r/AskReddit/comments/15rl8v/what_was_the_last_thing_you_said_before_midnight/,2013-01-01 08:45:24+00:00
15rl8j,"Reddit, What is your New Years Resolution?",1,/r/AskReddit/comments/15rl8j/reddit_what_is_your_new_years_resolution/,2013-01-01 08:44:55+00:00
15rl6l,"Positive people of the world, how do you stay positive all the time?",1,/r/AskReddit/comments/15rl6l/positive_people_of_the_world_how_do_you_stay/,2013-01-01 08:43:13+00:00
15rl5d,What tv shows piss you off but still watch anyways ?,1,/r/AskReddit/comments/15rl5d/what_tv_shows_piss_you_off_but_still_watch_anyways/,2013-01-01 08:42:11+00:00
15rl55,What's a hummer (besides a car)?,1,/r/AskReddit/comments/15rl55/whats_a_hummer_besides_a_car/,2013-01-01 08:41:54+00:00
15rl4j,"My roommate drinks and drives without regard to other human beings, he's an inconsiderate jerk. How do I get him to stop?",1,/r/AskReddit/comments/15rl4j/my_roommate_drinks_and_drives_without_regard_to/,2013-01-01 08:41:23+00:00
15rl0y,What is the craziest New Year's story you have?,0,/r/AskReddit/comments/15rl0y/what_is_the_craziest_new_years_story_you_have/,2013-01-01 08:38:01+00:00
15rkym,"Whenever I pretend to cum, I do it strictly in the womans vagin and it never seems to be noticed. Women of reddit, can you tell when a guy fakes one inside of you.",0,/r/AskReddit/comments/15rkym/whenever_i_pretend_to_cum_i_do_it_strictly_in_the/,2013-01-01 08:36:05+00:00
15rkyg,What link did you discover by yourself or others that you really like and always entertains you?,0,/r/AskReddit/comments/15rkyg/what_link_did_you_discover_by_yourself_or_others/,2013-01-01 08:35:59+00:00
15rkvw,"What was the change you made in yourself, period of personal growth, or sudden realization you had that helped you make a better relationship ?",1,/r/AskReddit/comments/15rkvw/what_was_the_change_you_made_in_yourself_period/,2013-01-01 08:33:52+00:00
15rkv3,Ladies: Did your rapist make you do oral?,0,/r/AskReddit/comments/15rkv3/ladies_did_your_rapist_make_you_do_oral/,2013-01-01 08:33:03+00:00
15rkus,"Reddit, what is something that happened that had the worst timing??",0,/r/AskReddit/comments/15rkus/reddit_what_is_something_that_happened_that_had/,2013-01-01 08:32:42+00:00
15rkuh,Why do you enjoy [or hate] working on New Years Day?,0,/r/AskReddit/comments/15rkuh/why_do_you_enjoy_or_hate_working_on_new_years_day/,2013-01-01 08:32:23+00:00
15rkty,Single redditor: what is one thing you wish your SO will have ?,10,/r/AskReddit/comments/15rkty/single_redditor_what_is_one_thing_you_wish_your/,2013-01-01 08:31:55+00:00
15rktg,How to deal with receiving creepy texts from an unknown number?,2,/r/AskReddit/comments/15rktg/how_to_deal_with_receiving_creepy_texts_from_an/,2013-01-01 08:31:17+00:00
15rksx,"If a major worldwide company were to cut all forms of advertising for 1 year, would they see a significant decrease in sales?",1,/r/AskReddit/comments/15rksx/if_a_major_worldwide_company_were_to_cut_all/,2013-01-01 08:30:47+00:00
15rkrs,"What is something that always cheers you up, no matter what?",0,/r/AskReddit/comments/15rkrs/what_is_something_that_always_cheers_you_up_no/,2013-01-01 08:29:42+00:00
15rkqw,How does a good relationship feel like?,0,/r/AskReddit/comments/15rkqw/how_does_a_good_relationship_feel_like/,2013-01-01 08:28:54+00:00
15rkqr,What is the first song you listened to in 2013,1,/r/AskReddit/comments/15rkqr/what_is_the_first_song_you_listened_to_in_2013/,2013-01-01 08:28:40+00:00
15rkp4,Reddit what's your new years resolution?,0,/r/AskReddit/comments/15rkp4/reddit_whats_your_new_years_resolution/,2013-01-01 08:26:49+00:00
15rkoq,"Reddit, what is that main goal you have for the year 2013 and how are you going to accomplish it?",0,/r/AskReddit/comments/15rkoq/reddit_what_is_that_main_goal_you_have_for_the/,2013-01-01 08:26:27+00:00
15rkop,What is your least favorite product that has been discontinued?,0,/r/AskReddit/comments/15rkop/what_is_your_least_favorite_product_that_has_been/,2013-01-01 08:26:26+00:00
15rkoi,How to avoid depression after taking ecstasy? What are some fun activities (I live in NJ)?,0,/r/AskReddit/comments/15rkoi/how_to_avoid_depression_after_taking_ecstasy_what/,2013-01-01 08:26:20+00:00
15rkof,What's the first thing you tasted in 2013? I'll start.,1,/r/AskReddit/comments/15rkof/whats_the_first_thing_you_tasted_in_2013_ill_start/,2013-01-01 08:26:16+00:00
15rko9,"So Reddit, what are your New Years's resolutions?",0,/r/AskReddit/comments/15rko9/so_reddit_what_are_your_new_yearss_resolutions/,2013-01-01 08:26:09+00:00
15rkmy,How do I explain to my friend I don't want to date him?,0,/r/AskReddit/comments/15rkmy/how_do_i_explain_to_my_friend_i_dont_want_to_date/,2013-01-01 08:24:47+00:00
15rkmk,What single moment changed the path of your life?,4,/r/AskReddit/comments/15rkmk/what_single_moment_changed_the_path_of_your_life/,2013-01-01 08:24:15+00:00
15rkmj,People who speak foreign languages- how much can we fuck up a word before you can't understand it?,0,/r/AskReddit/comments/15rkmj/people_who_speak_foreign_languages_how_much_can/,2013-01-01 08:24:13+00:00
15rkmh,"You have successfully invented the next weapon of mass destruction, what do you do? (more info inside)",1,/r/AskReddit/comments/15rkmh/you_have_successfully_invented_the_next_weapon_of/,2013-01-01 08:24:10+00:00
15rklw,I now get anxiety swallowing food or liquids. How do I stop this bullshit?,1,/r/AskReddit/comments/15rklw/i_now_get_anxiety_swallowing_food_or_liquids_how/,2013-01-01 08:23:35+00:00
15rkkw,What (pointless or otherwise) New Years resolutions did you keep through 2012?,0,/r/AskReddit/comments/15rkkw/what_pointless_or_otherwise_new_years_resolutions/,2013-01-01 08:22:41+00:00
15rkkh,What will the plot of Star wars VII be?,1,/r/AskReddit/comments/15rkkh/what_will_the_plot_of_star_wars_vii_be/,2013-01-01 08:22:12+00:00
15rkju,"Why, despite all my efforts, does the real world keep shitting on me?",1,/r/AskReddit/comments/15rkju/why_despite_all_my_efforts_does_the_real_world/,2013-01-01 08:21:31+00:00
15rkhy,"Reddit, what is your favorite anti-joke?",8,/r/AskReddit/comments/15rkhy/reddit_what_is_your_favorite_antijoke/,2013-01-01 08:19:32+00:00
15rkhl,What is the stupidest thing you have heard someone say on New Year's Eve/Day?,0,/r/AskReddit/comments/15rkhl/what_is_the_stupidest_thing_you_have_heard/,2013-01-01 08:19:07+00:00
15rkha,How does one overcome the will to commit suicide?,1,/r/AskReddit/comments/15rkha/how_does_one_overcome_the_will_to_commit_suicide/,2013-01-01 08:18:51+00:00
15rkg5,What is the most depressing fact you know?,117,/r/AskReddit/comments/15rkg5/what_is_the_most_depressing_fact_you_know/,2013-01-01 08:17:44+00:00
15rkg0,"Okay reddit, who has the best new years eve story?",0,/r/AskReddit/comments/15rkg0/okay_reddit_who_has_the_best_new_years_eve_story/,2013-01-01 08:17:37+00:00
15rkdg,What 3 Pokemon moves best describe your sex life?,0,/r/AskReddit/comments/15rkdg/what_3_pokemon_moves_best_describe_your_sex_life/,2013-01-01 08:15:34+00:00
15rkd3,How do you take care of drunk people?,0,/r/AskReddit/comments/15rkd3/how_do_you_take_care_of_drunk_people/,2013-01-01 08:15:17+00:00
15rkbo,What is your ultimate favourite movie and why?,0,/r/AskReddit/comments/15rkbo/what_is_your_ultimate_favourite_movie_and_why/,2013-01-01 08:14:14+00:00
15rkal,What symptoms in your life make you believe you may actually have an undiagnosed disease/disorder?,0,/r/AskReddit/comments/15rkal/what_symptoms_in_your_life_make_you_believe_you/,2013-01-01 08:13:17+00:00
15rk9s,"Reddit, what are your ""I shouldn't be alive"" moments?",0,/r/AskReddit/comments/15rk9s/reddit_what_are_your_i_shouldnt_be_alive_moments/,2013-01-01 08:12:39+00:00
15rk9n,What is your favorite movie or TV quote you like to say?,1,/r/AskReddit/comments/15rk9n/what_is_your_favorite_movie_or_tv_quote_you_like/,2013-01-01 08:12:28+00:00
15rk9f,What is your New Year's Resolution?,0,/r/AskReddit/comments/15rk9f/what_is_your_new_years_resolution/,2013-01-01 08:12:15+00:00
15rk7o,Who is your favorite/hottest news anchor? (link to pics if possible),1,/r/AskReddit/comments/15rk7o/who_is_your_favoritehottest_news_anchor_link_to/,2013-01-01 08:10:42+00:00
15rk7k,"What's your New Years Resolution, Reddit?",0,/r/AskReddit/comments/15rk7k/whats_your_new_years_resolution_reddit/,2013-01-01 08:10:28+00:00
15rk7c,"Why did 2012 suck for your, Reddit?",0,/r/AskReddit/comments/15rk7c/why_did_2012_suck_for_your_reddit/,2013-01-01 08:10:16+00:00
15rk5g,Reddits! What kind of different/strange tendencies have you developed over time?,0,/r/AskReddit/comments/15rk5g/reddits_what_kind_of_differentstrange_tendencies/,2013-01-01 08:08:39+00:00
15rk5a,"Reddit, what's the first thing you're doing/did for the new year?",0,/r/AskReddit/comments/15rk5a/reddit_whats_the_first_thing_youre_doingdid_for/,2013-01-01 08:08:28+00:00
15rk41,What is the best picture or GIF to describe your life?,2,/r/AskReddit/comments/15rk41/what_is_the_best_picture_or_gif_to_describe_your/,2013-01-01 08:07:23+00:00
15rk33,"What personality traits do you think make a person ""someone to look up to""?",0,/r/AskReddit/comments/15rk33/what_personality_traits_do_you_think_make_a/,2013-01-01 08:06:38+00:00
15rk2w,"So reddit, Whats your resolution that you think you will fail? But still want to attempt anyway?",2,/r/AskReddit/comments/15rk2w/so_reddit_whats_your_resolution_that_you_think/,2013-01-01 08:06:28+00:00
15rk2g,"Reddit, what are your New Year's Resolutions?",0,/r/AskReddit/comments/15rk2g/reddit_what_are_your_new_years_resolutions/,2013-01-01 08:05:49+00:00
15rk1r,"Financial Consultants of Reddit: What is the smartest thing I can do with $10,000 right now?",0,/r/AskReddit/comments/15rk1r/financial_consultants_of_reddit_what_is_the/,2013-01-01 08:05:12+00:00
15rk19,"something you thought was correct, but it was actually wrong?",0,/r/AskReddit/comments/15rk19/something_you_thought_was_correct_but_it_was/,2013-01-01 08:04:47+00:00
15rk10,Have you been denied entry into the United States?,1,/r/AskReddit/comments/15rk10/have_you_been_denied_entry_into_the_united_states/,2013-01-01 08:04:37+00:00
15rk0v,"Hey Reddit, what is the most ""OCD"" thing you do?",1,/r/AskReddit/comments/15rk0v/hey_reddit_what_is_the_most_ocd_thing_you_do/,2013-01-01 08:04:29+00:00
15rk0e,Why are people so bothered with public breast feeding?,0,/r/AskReddit/comments/15rk0e/why_are_people_so_bothered_with_public_breast/,2013-01-01 08:03:49+00:00
15rjzb,"Happy New Year, Reddit! What are your new year's resolutions?",1,/r/AskReddit/comments/15rjzb/happy_new_year_reddit_what_are_your_new_years/,2013-01-01 08:02:59+00:00
15rjza,What the most influential/beneficial book you've ever read?,0,/r/AskReddit/comments/15rjza/what_the_most_influentialbeneficial_book_youve/,2013-01-01 08:02:58+00:00
15rjym,"Why do they show the Times Square as ""Live"" on the West Coast",0,/r/AskReddit/comments/15rjym/why_do_they_show_the_times_square_as_live_on_the/,2013-01-01 08:02:21+00:00
15rjxe,What kind of shrines do others keep?,1,/r/AskReddit/comments/15rjxe/what_kind_of_shrines_do_others_keep/,2013-01-01 08:01:03+00:00
15rjxc,"Smokers of reddit, what made you start smoking and why?",0,/r/AskReddit/comments/15rjxc/smokers_of_reddit_what_made_you_start_smoking_and/,2013-01-01 08:01:01+00:00
15rjv3,How long before you become a true reddit member who is allowed to post w/o Mod approval?,0,/r/AskReddit/comments/15rjv3/how_long_before_you_become_a_true_reddit_member/,2013-01-01 07:59:06+00:00
15rju9,What movies have an ending after the credits that people potentially missed?,1,/r/AskReddit/comments/15rju9/what_movies_have_an_ending_after_the_credits_that/,2013-01-01 07:58:37+00:00
15rjsr,What is the worst way a new year has started off for you?,6,/r/AskReddit/comments/15rjsr/what_is_the_worst_way_a_new_year_has_started_off/,2013-01-01 07:57:19+00:00
15rjsg,Is there a subreddit for sharing NSFW sites account passwords?,0,/r/AskReddit/comments/15rjsg/is_there_a_subreddit_for_sharing_nsfw_sites/,2013-01-01 07:56:55+00:00
15rjrs,"What is a joke that you've hated, but everyone else thought was funny?",4,/r/AskReddit/comments/15rjrs/what_is_a_joke_that_youve_hated_but_everyone_else/,2013-01-01 07:56:16+00:00
15rjrm,Let's ring in the new year right. What is the absolute kinkiest thing you have ever done?,3,/r/AskReddit/comments/15rjrm/lets_ring_in_the_new_year_right_what_is_the/,2013-01-01 07:56:07+00:00
15rjqd,Drug dealers of reddit how much income do you really make?,0,/r/AskReddit/comments/15rjqd/drug_dealers_of_reddit_how_much_income_do_you/,2013-01-01 07:55:07+00:00
15rjpa,"Is there a subreddit(s) where I can ask for login acounts for pages that require credit card, yet I don't trust them enough to give mine?",0,/r/AskReddit/comments/15rjpa/is_there_a_subreddits_where_i_can_ask_for_login/,2013-01-01 07:54:32+00:00
15rjli,"Lets start new years on a positive note. Reddit, what is something you find incredibly sexy about yourself?",1,/r/AskReddit/comments/15rjli/lets_start_new_years_on_a_positive_note_reddit/,2013-01-01 07:51:13+00:00
15rjh9,"what are some of the best ""non smart"" tvs to pick from?",1,/r/AskReddit/comments/15rjh9/what_are_some_of_the_best_non_smart_tvs_to_pick/,2013-01-01 07:47:41+00:00
15rjgu,Can someone tell me which actress from the Walking Dead is at the bottom left of this picture?,0,/r/AskReddit/comments/15rjgu/can_someone_tell_me_which_actress_from_the/,2013-01-01 07:47:14+00:00
15rjfw,I rang in the new year with a fellow redditor. How did you spend your NYE?,1,/r/AskReddit/comments/15rjfw/i_rang_in_the_new_year_with_a_fellow_redditor_how/,2013-01-01 07:46:15+00:00
15rjfu,Happy New Year! What are your resolutions for this new year?,2,/r/AskReddit/comments/15rjfu/happy_new_year_what_are_your_resolutions_for_this/,2013-01-01 07:46:12+00:00
15rjep,What is the most emberrassing thing you've done while trying to impress the opposite sex?,9,/r/AskReddit/comments/15rjep/what_is_the_most_emberrassing_thing_youve_done/,2013-01-01 07:45:21+00:00
15rjeh,Looking for a good pair of headphones for ~£100. Any suggestions?,1,/r/AskReddit/comments/15rjeh/looking_for_a_good_pair_of_headphones_for_100_any/,2013-01-01 07:45:08+00:00
15rjcu,"This morning, both of my dogs pooped at the same time, so I only had to use one bag. Reddit, in what simple ways is 2013 already better than 2012?",1,/r/AskReddit/comments/15rjcu/this_morning_both_of_my_dogs_pooped_at_the_same/,2013-01-01 07:43:47+00:00
15rjch,Is there a subreddit that contains all posts that have been gifted gold?,1,/r/AskReddit/comments/15rjch/is_there_a_subreddit_that_contains_all_posts_that/,2013-01-01 07:43:28+00:00
15rjay,Men of reddit! What was the worst pick-up line you have ever used on a woman that actually worked?,28,/r/AskReddit/comments/15rjay/men_of_reddit_what_was_the_worst_pickup_line_you/,2013-01-01 07:42:11+00:00
15rjaw,"Reddit, Why Do Furries Get So Much Hate?",0,/r/AskReddit/comments/15rjaw/reddit_why_do_furries_get_so_much_hate/,2013-01-01 07:42:07+00:00
15rjal,What is your worst poker bad beat story?,0,/r/AskReddit/comments/15rjal/what_is_your_worst_poker_bad_beat_story/,2013-01-01 07:41:52+00:00
15rjak,I have 30 dollars of iTunes gift cards to blow. What are some of the best apps to buy?,2,/r/AskReddit/comments/15rjak/i_have_30_dollars_of_itunes_gift_cards_to_blow/,2013-01-01 07:41:50+00:00
15rj85,Anyone have gifs of pugs spazzing out?,0,/r/AskReddit/comments/15rj85/anyone_have_gifs_of_pugs_spazzing_out/,2013-01-01 07:39:48+00:00
15rj82,"Redditors, how much of an anarchist/rebel are you?",0,/r/AskReddit/comments/15rj82/redditors_how_much_of_an_anarchistrebel_are_you/,2013-01-01 07:39:46+00:00
15rj7q,"If you only had time to save one of your possessions from your burning house, what would it be?",3,/r/AskReddit/comments/15rj7q/if_you_only_had_time_to_save_one_of_your/,2013-01-01 07:39:23+00:00
15rj54,"If you made a New Years Resolution, what would be the opposite of fulfilling it?",0,/r/AskReddit/comments/15rj54/if_you_made_a_new_years_resolution_what_would_be/,2013-01-01 07:37:14+00:00
15rj4y,How do you legally ensure individual autonomy/freedom before entering into mental health treatment? (assuming that you may be considered a danger to yourself or others),2,/r/AskReddit/comments/15rj4y/how_do_you_legally_ensure_individual/,2013-01-01 07:37:08+00:00
15rj3q,"reddit, how would you summarize your year in three words?",6,/r/AskReddit/comments/15rj3q/reddit_how_would_you_summarize_your_year_in_three/,2013-01-01 07:36:26+00:00
15rj23,"Reddit, what things are you unashamedly hypocritical about?",0,/r/AskReddit/comments/15rj23/reddit_what_things_are_you_unashamedly/,2013-01-01 07:35:08+00:00
15rj22,Did anyone ever figure out if that guy who admitted to raping women in the secrets thread of 2012 was a troll?,1,/r/AskReddit/comments/15rj22/did_anyone_ever_figure_out_if_that_guy_who/,2013-01-01 07:35:07+00:00
15rj19,"I got dumped by my girlfriend, was in a porta potty when the ball dropped, and spent 3 hours babysitting and trying to get two wasted female friends home. My NYE fucking sucked, how was yours reddit?",3,/r/AskReddit/comments/15rj19/i_got_dumped_by_my_girlfriend_was_in_a_porta/,2013-01-01 07:34:31+00:00
15rj0s,"What type of questions do you enjoy seeing on here, Reddit?",0,/r/AskReddit/comments/15rj0s/what_type_of_questions_do_you_enjoy_seeing_on/,2013-01-01 07:34:09+00:00
15rj06,What is your least favorite masterpiece?,0,/r/AskReddit/comments/15rj06/what_is_your_least_favorite_masterpiece/,2013-01-01 07:33:36+00:00
15rizb,I'm starting High School in a few weeks. What advices you have for me?,1,/r/AskReddit/comments/15rizb/im_starting_high_school_in_a_few_weeks_what/,2013-01-01 07:32:52+00:00
15riys,"At exactly midnight, this new year, I was masturbating to Japanese inflation fetish porn. Reddit, at what moment did you realize your life is awesome?",0,/r/AskReddit/comments/15riys/at_exactly_midnight_this_new_year_i_was/,2013-01-01 07:32:26+00:00
15riyo,Which celebrities do you think are going to die in 2013?,2,/r/AskReddit/comments/15riyo/which_celebrities_do_you_think_are_going_to_die/,2013-01-01 07:32:23+00:00
15rixx,Any redditors belong to a cultural minority?,1,/r/AskReddit/comments/15rixx/any_redditors_belong_to_a_cultural_minority/,2013-01-01 07:31:44+00:00
15rixs,"How to integrate yourself into a ""group""...",0,/r/AskReddit/comments/15rixs/how_to_integrate_yourself_into_a_group/,2013-01-01 07:31:38+00:00
15rivv,What was it like when you touched your first boob that wasn't yours?,0,/r/AskReddit/comments/15rivv/what_was_it_like_when_you_touched_your_first_boob/,2013-01-01 07:30:13+00:00
15riva,Its 2am and I'm locked out of my house. Reddit. What the fuck do I do.,1,/r/AskReddit/comments/15riva/its_2am_and_im_locked_out_of_my_house_reddit_what/,2013-01-01 07:29:44+00:00
15riuz,"Reddit: I don't care what it is, but I would like to know: Why, or why not?",0,/r/AskReddit/comments/15riuz/reddit_i_dont_care_what_it_is_but_i_would_like_to/,2013-01-01 07:29:32+00:00
15risa,What's a mistake you made as a kid that has impacted your life?,4,/r/AskReddit/comments/15risa/whats_a_mistake_you_made_as_a_kid_that_has/,2013-01-01 07:27:45+00:00
15ris1,"Cat owners of reddit, where is the weirdest/best hiding place you've found your cat?",14,/r/AskReddit/comments/15ris1/cat_owners_of_reddit_where_is_the_weirdestbest/,2013-01-01 07:27:37+00:00
15rirp,"Is there anything that can TRULY stop war, killing, and violence among humans and just create peace?",2,/r/AskReddit/comments/15rirp/is_there_anything_that_can_truly_stop_war_killing/,2013-01-01 07:27:20+00:00
15rirn,What was your best Cards Against Humanity pair-up?,0,/r/AskReddit/comments/15rirn/what_was_your_best_cards_against_humanity_pairup/,2013-01-01 07:27:18+00:00
15riq6,How do i keep this guy from harassing my Girlfriend?,1,/r/AskReddit/comments/15riq6/how_do_i_keep_this_guy_from_harassing_my/,2013-01-01 07:26:01+00:00
15ripv,How should I tell my wife her hair is awful?,7,/r/AskReddit/comments/15ripv/how_should_i_tell_my_wife_her_hair_is_awful/,2013-01-01 07:25:50+00:00
15ril5,Anybody have any advice for a native english speaker trying to learn to speak convincing broken english?,0,/r/AskReddit/comments/15ril5/anybody_have_any_advice_for_a_native_english/,2013-01-01 07:21:48+00:00
15ril0,"Do you see the metric system, soccer and techno music ever becoming popular in the US in your lifetime?",0,/r/AskReddit/comments/15ril0/do_you_see_the_metric_system_soccer_and_techno/,2013-01-01 07:21:42+00:00
15rijk,What's the funniest picture you've found?,0,/r/AskReddit/comments/15rijk/whats_the_funniest_picture_youve_found/,2013-01-01 07:20:28+00:00
15rihn,"If you could change one decision that you made in 2012, what would it be, and why?",2,/r/AskReddit/comments/15rihn/if_you_could_change_one_decision_that_you_made_in/,2013-01-01 07:18:53+00:00
15rih6,Constitutional Amendment: Separation of Corporation and State?,1,/r/AskReddit/comments/15rih6/constitutional_amendment_separation_of/,2013-01-01 07:18:21+00:00
15rigr,I am interested in reading into game theory. What is a good starter book for someone who has no prior knowledge on the subject?,0,/r/AskReddit/comments/15rigr/i_am_interested_in_reading_into_game_theory_what/,2013-01-01 07:17:56+00:00
15rigg,"Want to move cross-country away from everyone, does anyone have experience/advice?",1,/r/AskReddit/comments/15rigg/want_to_move_crosscountry_away_from_everyone_does/,2013-01-01 07:17:43+00:00
15rige,"Reddit, has anyone ever just disappeared and started a new life? If so what was it like?",10,/r/AskReddit/comments/15rige/reddit_has_anyone_ever_just_disappeared_and/,2013-01-01 07:17:39+00:00
15rie8,"I recently saw my mom reading something about ""Satan's transport ships."" What other religious stupidities have you seen people believe?",0,/r/AskReddit/comments/15rie8/i_recently_saw_my_mom_reading_something_about/,2013-01-01 07:16:09+00:00
15rie6,"If 'Hurricane Sandy' had not happened, do you think Romney would have had a better chance at winning?",0,/r/AskReddit/comments/15rie6/if_hurricane_sandy_had_not_happened_do_you_think/,2013-01-01 07:16:05+00:00
15rick,How did you spend your New Years Eve?,0,/r/AskReddit/comments/15rick/how_did_you_spend_your_new_years_eve/,2013-01-01 07:14:52+00:00
15ribt,Anybody else see that abc news lady shaking her ass at those cops and making out with that sailor on new years at the ball drop? Was that planned or was she on something/festive?,1,/r/AskReddit/comments/15ribt/anybody_else_see_that_abc_news_lady_shaking_her/,2013-01-01 07:14:20+00:00
15ri9v,What was the unluckiest moment in your life?,0,/r/AskReddit/comments/15ri9v/what_was_the_unluckiest_moment_in_your_life/,2013-01-01 07:12:44+00:00
15ri8e,I'm at a party staring at a phone. How's your new year so far?,3,/r/AskReddit/comments/15ri8e/im_at_a_party_staring_at_a_phone_hows_your_new/,2013-01-01 07:11:52+00:00
15ri7a,"Europeans are often stereotyped as being ""feminine"" in America, while Americans are stereotyped as being ""ignorant"" in Europe. Where did these stereotypes arise from?",0,/r/AskReddit/comments/15ri7a/europeans_are_often_stereotyped_as_being_feminine/,2013-01-01 07:11:13+00:00
15ri6c,"You need stuff for a party, your limit is 100 dollars, what would you buy?",0,/r/AskReddit/comments/15ri6c/you_need_stuff_for_a_party_your_limit_is_100/,2013-01-01 07:10:35+00:00
15ri5h,"Dora asks, ""What was your part of New Years Eve""",0,/r/AskReddit/comments/15ri5h/dora_asks_what_was_your_part_of_new_years_eve/,2013-01-01 07:09:45+00:00
15ri5c,Parents of Reddit - what things did your parents do that you cant believe they did?,0,/r/AskReddit/comments/15ri5c/parents_of_reddit_what_things_did_your_parents_do/,2013-01-01 07:09:34+00:00
15ri4y,"Fat people of Reddit, how do I gain weight?",0,/r/AskReddit/comments/15ri4y/fat_people_of_reddit_how_do_i_gain_weight/,2013-01-01 07:09:15+00:00
15ri4u,Happy New Year Reddit! What's your New Year's resolution?,0,/r/AskReddit/comments/15ri4u/happy_new_year_reddit_whats_your_new_years/,2013-01-01 07:09:06+00:00
15ri48,How do we know we're not in the matrix?,7,/r/AskReddit/comments/15ri48/how_do_we_know_were_not_in_the_matrix/,2013-01-01 07:08:37+00:00
15ri28,"What is your answer to ""there are two kinds of people in the world""?",8,/r/AskReddit/comments/15ri28/what_is_your_answer_to_there_are_two_kinds_of/,2013-01-01 07:07:07+00:00
15ri15,"Reddit, when do you think the ""What's your New Year's resolution?"" questions will end?",0,/r/AskReddit/comments/15ri15/reddit_when_do_you_think_the_whats_your_new_years/,2013-01-01 07:06:24+00:00
15ri02,What are the sexiest lines/themes for a woman talking dirty to her partner during sex?,0,/r/AskReddit/comments/15ri02/what_are_the_sexiest_linesthemes_for_a_woman/,2013-01-01 07:05:25+00:00
15rhzs,Redditors! What course/s of action should we take to make the World a better place?,0,/r/AskReddit/comments/15rhzs/redditors_what_courses_of_action_should_we_take/,2013-01-01 07:05:09+00:00
15rhzp,"Does the type of bed and blanket one has affect health? What's the simplest, cheapest but still healthy and sustainable way to sleep?",0,/r/AskReddit/comments/15rhzp/does_the_type_of_bed_and_blanket_one_has_affect/,2013-01-01 07:05:03+00:00
15rhzo,"What were you doing when the clock hit 12, ringing in the new year?",4,/r/AskReddit/comments/15rhzo/what_were_you_doing_when_the_clock_hit_12_ringing/,2013-01-01 07:05:02+00:00
15rhze,2013 bitches! What're your resolutions?,0,/r/AskReddit/comments/15rhze/2013_bitches_whatre_your_resolutions/,2013-01-01 07:04:46+00:00
15rhy4,How does youtube get away with placing ads on videos that are blatant copyright violations?,0,/r/AskReddit/comments/15rhy4/how_does_youtube_get_away_with_placing_ads_on/,2013-01-01 07:03:45+00:00
15rhxs,Do bitches (female dogs) have orgasms?,0,/r/AskReddit/comments/15rhxs/do_bitches_female_dogs_have_orgasms/,2013-01-01 07:03:36+00:00
15rhxl,What is your favorite / scariest Twilight Zone episode?,0,/r/AskReddit/comments/15rhxl/what_is_your_favorite_scariest_twilight_zone/,2013-01-01 07:03:32+00:00
15rhx9,"Reddit, what are some of the best placebo effects you know of?",4,/r/AskReddit/comments/15rhx9/reddit_what_are_some_of_the_best_placebo_effects/,2013-01-01 07:03:20+00:00
15rhwn,"Going off the discontinued products thread, reddit, what products do you want to see in the future?",1,/r/AskReddit/comments/15rhwn/going_off_the_discontinued_products_thread_reddit/,2013-01-01 07:02:56+00:00
15rhvx,"Redditors who stayed home this NYE, what song were you listening to when the clock turned over 00:00?",1,/r/AskReddit/comments/15rhvx/redditors_who_stayed_home_this_nye_what_song_were/,2013-01-01 07:02:31+00:00
15rhuf,What do men think of women who dye their hair red?,0,/r/AskReddit/comments/15rhuf/what_do_men_think_of_women_who_dye_their_hair_red/,2013-01-01 07:01:26+00:00
15rhu8,Found out my friends girlfriend has been cheating on him for a while what do i do?,0,/r/AskReddit/comments/15rhu8/found_out_my_friends_girlfriend_has_been_cheating/,2013-01-01 07:01:20+00:00
15rhu5,What does soccer have to change to become popular in the USA?,0,/r/AskReddit/comments/15rhu5/what_does_soccer_have_to_change_to_become_popular/,2013-01-01 07:01:15+00:00
15rhsz,"So, Reddit, how did you spend your New Years Eve?",1,/r/AskReddit/comments/15rhsz/so_reddit_how_did_you_spend_your_new_years_eve/,2013-01-01 07:00:32+00:00
15rhsw,Did anyone see any UFOs tpnight?,0,/r/AskReddit/comments/15rhsw/did_anyone_see_any_ufos_tpnight/,2013-01-01 07:00:30+00:00
15rhsr,What is your funniest text conversation?,0,/r/AskReddit/comments/15rhsr/what_is_your_funniest_text_conversation/,2013-01-01 07:00:24+00:00
15rhsf,What's the most expensive thing you destroyed? And how?,0,/r/AskReddit/comments/15rhsf/whats_the_most_expensive_thing_you_destroyed_and/,2013-01-01 07:00:12+00:00
15rhry,"Men of Reddit, what is the worst injury to the balls you've suffered? [NSFW]",32,/r/AskReddit/comments/15rhry/men_of_reddit_what_is_the_worst_injury_to_the/,2013-01-01 06:59:49+00:00
15rhrs,What should I buy my parents with my first paycheck?,0,/r/AskReddit/comments/15rhrs/what_should_i_buy_my_parents_with_my_first/,2013-01-01 06:59:41+00:00
15rhrk,My resolution is to stop others' resolutions from being accomplished. What would be the best way to do this?,0,/r/AskReddit/comments/15rhrk/my_resolution_is_to_stop_others_resolutions_from/,2013-01-01 06:59:27+00:00
15rhrd,"Alright reddit, what's your New Year's Resolutions?",0,/r/AskReddit/comments/15rhrd/alright_reddit_whats_your_new_years_resolutions/,2013-01-01 06:59:17+00:00
15rhqk,"Reddit, what is your new years resolution and how do plan to achieve it?",0,/r/AskReddit/comments/15rhqk/reddit_what_is_your_new_years_resolution_and_how/,2013-01-01 06:58:27+00:00
15rhp2,"Reddit, what is your New Year's resolution?",0,/r/AskReddit/comments/15rhp2/reddit_what_is_your_new_years_resolution/,2013-01-01 06:57:15+00:00
15rhox,"Everyone, what would you wish you'd done before you die?",0,/r/AskReddit/comments/15rhox/everyone_what_would_you_wish_youd_done_before_you/,2013-01-01 06:57:10+00:00
15rhnv,Is it alright to smoke weed after sustaining a severe head injury?,1,/r/AskReddit/comments/15rhnv/is_it_alright_to_smoke_weed_after_sustaining_a/,2013-01-01 06:56:12+00:00
15rhna,Am I weird because I don't like to go out and get drunk like society expects me to on New Year's Eve?,1,/r/AskReddit/comments/15rhna/am_i_weird_because_i_dont_like_to_go_out_and_get/,2013-01-01 06:55:45+00:00
15rhmz,What is something you enjoy that everyone else seems to hate?,5,/r/AskReddit/comments/15rhmz/what_is_something_you_enjoy_that_everyone_else/,2013-01-01 06:55:30+00:00
15rhmt,Have you ever created a successful meme?,0,/r/AskReddit/comments/15rhmt/have_you_ever_created_a_successful_meme/,2013-01-01 06:55:17+00:00
15rhm2,I just realized it was past 12 and I didn't do anything for New Years except offer my services as DD. Anyone else have a shitty night?,0,/r/AskReddit/comments/15rhm2/i_just_realized_it_was_past_12_and_i_didnt_do/,2013-01-01 06:54:45+00:00
15rhld,Are there good people in this world?,0,/r/AskReddit/comments/15rhld/are_there_good_people_in_this_world/,2013-01-01 06:54:22+00:00
15rhl4,How do you think the universe came into existence?,0,/r/AskReddit/comments/15rhl4/how_do_you_think_the_universe_came_into_existence/,2013-01-01 06:54:02+00:00
15rhi0,"Just got laid off @ 10:38 pm on New Years Eve. Reddit, whats the dirtiest thing an employers ever done to you?",2,/r/AskReddit/comments/15rhi0/just_got_laid_off_1038_pm_on_new_years_eve_reddit/,2013-01-01 06:51:35+00:00
15rhhn,What song would you want played at your funeral?,0,/r/AskReddit/comments/15rhhn/what_song_would_you_want_played_at_your_funeral/,2013-01-01 06:51:15+00:00
15rhh2,"Reddit, what is your new year's resolution?",0,/r/AskReddit/comments/15rhh2/reddit_what_is_your_new_years_resolution/,2013-01-01 06:50:51+00:00
15rhgb,What's a non-alcoholic beverage or food thats gross but yet good?,1,/r/AskReddit/comments/15rhgb/whats_a_nonalcoholic_beverage_or_food_thats_gross/,2013-01-01 06:50:17+00:00
15rhfw,"All honesty reddit, what do you think of my kids book?",0,/r/AskReddit/comments/15rhfw/all_honesty_reddit_what_do_you_think_of_my_kids/,2013-01-01 06:50:03+00:00
15rhfv,What bets have you lost this year?,0,/r/AskReddit/comments/15rhfv/what_bets_have_you_lost_this_year/,2013-01-01 06:50:03+00:00
15rhev,What's your best prank of 2012 and how will you top it?,0,/r/AskReddit/comments/15rhev/whats_your_best_prank_of_2012_and_how_will_you/,2013-01-01 06:49:21+00:00
15rhek,What is/are your New Year's Resolution(s)?,0,/r/AskReddit/comments/15rhek/what_isare_your_new_years_resolutions/,2013-01-01 06:49:08+00:00
15rhe0,Do the writers care as much for the characters in their books as their readers do?,17,/r/AskReddit/comments/15rhe0/do_the_writers_care_as_much_for_the_characters_in/,2013-01-01 06:48:38+00:00
15rhdz,"People of Reddit , did anything life changing happen to you this year?",1,/r/AskReddit/comments/15rhdz/people_of_reddit_did_anything_life_changing/,2013-01-01 06:48:37+00:00
15rhdi,"How does someone become anonymous, Online &amp; In Real Life?",0,/r/AskReddit/comments/15rhdi/how_does_someone_become_anonymous_online_in_real/,2013-01-01 06:48:14+00:00
15rhcq,What's a New Years resolution that you will actually stick to?,0,/r/AskReddit/comments/15rhcq/whats_a_new_years_resolution_that_you_will/,2013-01-01 06:47:54+00:00
15rhbs,"What's the most weirdest thing you have done in a shower, probably NSFW?",0,/r/AskReddit/comments/15rhbs/whats_the_most_weirdest_thing_you_have_done_in_a/,2013-01-01 06:47:14+00:00
15rhap,If you could travel time and do whatever you want. What would you do for fun?,7,/r/AskReddit/comments/15rhap/if_you_could_travel_time_and_do_whatever_you_want/,2013-01-01 06:46:27+00:00
15rha9,So what is everyone's new years resolution for 2013?,0,/r/AskReddit/comments/15rha9/so_what_is_everyones_new_years_resolution_for_2013/,2013-01-01 06:46:02+00:00
15rh9r,What is your New Year's resolution that you know you won't keep?,0,/r/AskReddit/comments/15rh9r/what_is_your_new_years_resolution_that_you_know/,2013-01-01 06:45:46+00:00
15rh9o,"Reddit, what is your subconscious goto statement that kinda freaks you out?",0,/r/AskReddit/comments/15rh9o/reddit_what_is_your_subconscious_goto_statement/,2013-01-01 06:45:39+00:00
15rh9g,"Reddit, why did your new years suck?",0,/r/AskReddit/comments/15rh9g/reddit_why_did_your_new_years_suck/,2013-01-01 06:45:32+00:00
15rh91,"Reddit, what products did you once enjoy that have declined in quality to the point that you no longer do?",9,/r/AskReddit/comments/15rh91/reddit_what_products_did_you_once_enjoy_that_have/,2013-01-01 06:45:17+00:00
15rh8i,"I swiped my friend's phone which is logged into Alien Blue. What are the most humiliating jokes, pictures, gifs, and videos you can think of? Happy New Year!",0,/r/AskReddit/comments/15rh8i/i_swiped_my_friends_phone_which_is_logged_into/,2013-01-01 06:44:51+00:00
15rh8d,What is your favorite conspiracy or fan theory?,0,/r/AskReddit/comments/15rh8d/what_is_your_favorite_conspiracy_or_fan_theory/,2013-01-01 06:44:40+00:00
15rh7x,"Reddit, what do you think are the typical characteristics for ""that guy/girl"" who no one likes to be around? What characteristics makes you enjoy spending time with a person?",8,/r/AskReddit/comments/15rh7x/reddit_what_do_you_think_are_the_typical/,2013-01-01 06:44:23+00:00
15rh76,What do you think of a Reddit support group?,1,/r/AskReddit/comments/15rh76/what_do_you_think_of_a_reddit_support_group/,2013-01-01 06:43:58+00:00
15rh5p,Do hot women have sex with more people that average looking and ugly women?,1,/r/AskReddit/comments/15rh5p/do_hot_women_have_sex_with_more_people_that/,2013-01-01 06:42:50+00:00
15rh4a,How would you describe your New Years in 5 words or less?,10,/r/AskReddit/comments/15rh4a/how_would_you_describe_your_new_years_in_5_words/,2013-01-01 06:42:00+00:00
15rh29,"If you were God, what would your version of life be like?",0,/r/AskReddit/comments/15rh29/if_you_were_god_what_would_your_version_of_life/,2013-01-01 06:40:00+00:00
15rh1r,Father had a massive stroke. Looking for the best way to get from PDX to MSP on a cheap flight. Where do I look Reddit?,3,/r/AskReddit/comments/15rh1r/father_had_a_massive_stroke_looking_for_the_best/,2013-01-01 06:39:38+00:00
15rh1f,Is there a website that does this?,2,/r/AskReddit/comments/15rh1f/is_there_a_website_that_does_this/,2013-01-01 06:39:28+00:00
15rh12,Has a New Years resolution ever changed your life?,1,/r/AskReddit/comments/15rh12/has_a_new_years_resolution_ever_changed_your_life/,2013-01-01 06:39:03+00:00
15rh0l,Which subreddit were you once subscribed to? Why did you leave?,2,/r/AskReddit/comments/15rh0l/which_subreddit_were_you_once_subscribed_to_why/,2013-01-01 06:38:45+00:00
15rh0d,Why is Oppa Gangnam Style so addictive?,0,/r/AskReddit/comments/15rh0d/why_is_oppa_gangnam_style_so_addictive/,2013-01-01 06:38:37+00:00
15rh0c,What 3 laetters to you put in an arcade game's high score?,0,/r/AskReddit/comments/15rh0c/what_3_laetters_to_you_put_in_an_arcade_games/,2013-01-01 06:38:33+00:00
15rh09,"Is Olivia in ""Seeking a Friend for the End of the World"" Mariska Hargitay?",1,/r/AskReddit/comments/15rh09/is_olivia_in_seeking_a_friend_for_the_end_of_the/,2013-01-01 06:38:30+00:00
15rgz5,I got a bottle of Firehouse datil pepper sauce for Christmas. What should I put it on?,0,/r/AskReddit/comments/15rgz5/i_got_a_bottle_of_firehouse_datil_pepper_sauce/,2013-01-01 06:37:48+00:00
15rgz2,Who else is working New Years Eve?,0,/r/AskReddit/comments/15rgz2/who_else_is_working_new_years_eve/,2013-01-01 06:37:46+00:00
15rgyv,What do guys find attractive in girls?,0,/r/AskReddit/comments/15rgyv/what_do_guys_find_attractive_in_girls/,2013-01-01 06:37:36+00:00
15rgy1,What is the dumbest/most ridiculous New Year's resolution you have ever heard?,1,/r/AskReddit/comments/15rgy1/what_is_the_dumbestmost_ridiculous_new_years/,2013-01-01 06:37:00+00:00
15rgvq,What's your biggest realization about you/your life that you're going to act on to make 2013 a better year?,2,/r/AskReddit/comments/15rgvq/whats_your_biggest_realization_about_youyour_life/,2013-01-01 06:35:24+00:00
15rgt1,When was the first time you saw a dead person?,22,/r/AskReddit/comments/15rgt1/when_was_the_first_time_you_saw_a_dead_person/,2013-01-01 06:33:35+00:00
15rgso,"If you were to create a personal crest based around your username and the subreddits you follow, what would it look like?",1,/r/AskReddit/comments/15rgso/if_you_were_to_create_a_personal_crest_based/,2013-01-01 06:33:21+00:00
15rgsk,What is the one thing you will regret about THIS year (2013) come Jan 1st NEXT year?,1,/r/AskReddit/comments/15rgsk/what_is_the_one_thing_you_will_regret_about_this/,2013-01-01 06:33:17+00:00
15rgs2,What is something you've done that you are both embarrassed and proud of?,0,/r/AskReddit/comments/15rgs2/what_is_something_youve_done_that_you_are_both/,2013-01-01 06:32:46+00:00
15rgrx,What is an idiom for someone who finds fault in everyone but themselves?,1,/r/AskReddit/comments/15rgrx/what_is_an_idiom_for_someone_who_finds_fault_in/,2013-01-01 06:32:37+00:00
15rgrd,Hurry! What's a cute new year pic to send to a spouse?,1,/r/AskReddit/comments/15rgrd/hurry_whats_a_cute_new_year_pic_to_send_to_a/,2013-01-01 06:32:03+00:00
15rgrb,Redding what did you do on New Year's Eve to celebrate the new year?,1,/r/AskReddit/comments/15rgrb/redding_what_did_you_do_on_new_years_eve_to/,2013-01-01 06:32:00+00:00
15rgqk,What do you think will suck in 2013?,5,/r/AskReddit/comments/15rgqk/what_do_you_think_will_suck_in_2013/,2013-01-01 06:31:31+00:00
15rgqe,What cheesy 80's movie would you like remade? And who would you cast?,1,/r/AskReddit/comments/15rgqe/what_cheesy_80s_movie_would_you_like_remade_and/,2013-01-01 06:31:22+00:00
15rgoj,"Reddit, AMC's The Walking Dead takes place in Georga, which is where Honey Boo Boo lives. What would you say the relation is?",0,/r/AskReddit/comments/15rgoj/reddit_amcs_the_walking_dead_takes_place_in/,2013-01-01 06:30:03+00:00
15rgof,What is the most badass song to play in man cave on New Year's Eve?,1,/r/AskReddit/comments/15rgof/what_is_the_most_badass_song_to_play_in_man_cave/,2013-01-01 06:29:58+00:00
15rgnm,"For a newer redditor, can someone explain what happened with SRS?",1,/r/AskReddit/comments/15rgnm/for_a_newer_redditor_can_someone_explain_what/,2013-01-01 06:29:19+00:00
15rgn9,"Drug users of Reddit(I know its probably been asked)How do you feel about non users you are ""forced"" to live, work, or play around?",1,/r/AskReddit/comments/15rgn9/drug_users_of_redditi_know_its_probably_been/,2013-01-01 06:29:06+00:00
15rgmf,Have you ever accidentally killed a pet? Whats the dumbest thing you have done because you were under the influence?,0,/r/AskReddit/comments/15rgmf/have_you_ever_accidentally_killed_a_pet_whats_the/,2013-01-01 06:28:32+00:00
15rglt,Dear reddit: What is your 2013 New Years resolution AND How do you plan to keep it?,1,/r/AskReddit/comments/15rglt/dear_reddit_what_is_your_2013_new_years/,2013-01-01 06:28:00+00:00
15rgli,Any idea on how to promote my music?,1,/r/AskReddit/comments/15rgli/any_idea_on_how_to_promote_my_music/,2013-01-01 06:27:47+00:00
15rglh,What is the most clever line you've ever heard in a song or poem?,1,/r/AskReddit/comments/15rglh/what_is_the_most_clever_line_youve_ever_heard_in/,2013-01-01 06:27:45+00:00
15rglb,What was your most memorable experience from 2012?,1,/r/AskReddit/comments/15rglb/what_was_your_most_memorable_experience_from_2012/,2013-01-01 06:27:39+00:00
15rgjx,If you could create your own reality TV show what would it be about and what would you call it?,0,/r/AskReddit/comments/15rgjx/if_you_could_create_your_own_reality_tv_show_what/,2013-01-01 06:26:35+00:00
15rgix,Any gift ideas for a friend who can not leave their home for a long time?,1,/r/AskReddit/comments/15rgix/any_gift_ideas_for_a_friend_who_can_not_leave/,2013-01-01 06:25:59+00:00
15rgi3,Can someone please buy me a month of reddit gold?,1,/r/AskReddit/comments/15rgi3/can_someone_please_buy_me_a_month_of_reddit_gold/,2013-01-01 06:25:22+00:00
15rgg0,"Happy 2013, Reddit! What are some New Years Resolutions that someone in your life has stuck to or achieved?",0,/r/AskReddit/comments/15rgg0/happy_2013_reddit_what_are_some_new_years/,2013-01-01 06:24:04+00:00
15rgem,"Reddit, have you done something ""bad"" in the name of something ""good""?",2,/r/AskReddit/comments/15rgem/reddit_have_you_done_something_bad_in_the_name_of/,2013-01-01 06:23:05+00:00
15rgec,What does someone do with there life who has everything going for them?,4,/r/AskReddit/comments/15rgec/what_does_someone_do_with_there_life_who_has/,2013-01-01 06:22:55+00:00
15rgdu,What kind of shrines do others keep? Anything interesting or,1,/r/AskReddit/comments/15rgdu/what_kind_of_shrines_do_others_keep_anything/,2013-01-01 06:22:38+00:00
15rgdc,"I'm pretty certain I'm developing pinkeye, how do I nip this in the butt before it gets bad?",1,/r/AskReddit/comments/15rgdc/im_pretty_certain_im_developing_pinkeye_how_do_i/,2013-01-01 06:22:17+00:00
15rgcn,"Reddit, I need help. How do I stop biting my nails?",0,/r/AskReddit/comments/15rgcn/reddit_i_need_help_how_do_i_stop_biting_my_nails/,2013-01-01 06:21:30+00:00
15rgcg,"Hey Reddit, how about a NYE thread?",0,/r/AskReddit/comments/15rgcg/hey_reddit_how_about_a_nye_thread/,2013-01-01 06:21:23+00:00
15rgcf,"Aside from the typical front page stuff, what are some of your favorite subreddits that you would suggest to a new Redditor?",1,/r/AskReddit/comments/15rgcf/aside_from_the_typical_front_page_stuff_what_are/,2013-01-01 06:21:23+00:00
15rg9r,"Gym owners/managers, how many people will join your gym in the next few days and how long will it take for them to cancel their membership?",1,/r/AskReddit/comments/15rg9r/gym_ownersmanagers_how_many_people_will_join_your/,2013-01-01 06:19:03+00:00
15rg8h,Why do women prefer guys without glasses?,0,/r/AskReddit/comments/15rg8h/why_do_women_prefer_guys_without_glasses/,2013-01-01 06:18:12+00:00
15rg7k,"Being in my early 20s, how do you know when you have grown up?",5,/r/AskReddit/comments/15rg7k/being_in_my_early_20s_how_do_you_know_when_you/,2013-01-01 06:17:39+00:00
15rg75,Reddit can we help my friend? His father is dying of cancer and he wants to make one last trip out to show him his granddaughter for the first/last time.,1,/r/AskReddit/comments/15rg75/reddit_can_we_help_my_friend_his_father_is_dying/,2013-01-01 06:17:14+00:00
15rg6m,"Reddit, what is your biggest 'Jackass' moment?",5,/r/AskReddit/comments/15rg6m/reddit_what_is_your_biggest_jackass_moment/,2013-01-01 06:16:52+00:00
15rg5k,"Reddit, what things are in your browser history that would be horrible for people to find?",7,/r/AskReddit/comments/15rg5k/reddit_what_things_are_in_your_browser_history/,2013-01-01 06:16:07+00:00
15rg5e,How do we differentiate times during the daylight savings time switch? (Details inside),0,/r/AskReddit/comments/15rg5e/how_do_we_differentiate_times_during_the_daylight/,2013-01-01 06:15:53+00:00
15rg59,Happy New Year's Reddit! What are some NY resolutions you have?,0,/r/AskReddit/comments/15rg59/happy_new_years_reddit_what_are_some_ny/,2013-01-01 06:15:44+00:00
15rg46,I just held my girlfriend's hair back as she vomited her way into 2013. How's everyone else doing?,10,/r/AskReddit/comments/15rg46/i_just_held_my_girlfriends_hair_back_as_she/,2013-01-01 06:14:58+00:00
15rg3m,"The CAKE DAY is a LIE. Working again on New Year's EVE, but what are you doing tonite?",1,/r/AskReddit/comments/15rg3m/the_cake_day_is_a_lie_working_again_on_new_years/,2013-01-01 06:14:37+00:00
15rg2m,Any taxi drivers on reddit got any crazy cab stories?,2,/r/AskReddit/comments/15rg2m/any_taxi_drivers_on_reddit_got_any_crazy_cab/,2013-01-01 06:13:54+00:00
15rg25,What stupid thing can't you seem to stop yourself from doing again and again?,18,/r/AskReddit/comments/15rg25/what_stupid_thing_cant_you_seem_to_stop_yourself/,2013-01-01 06:13:34+00:00
15rg0o,"Reddit, what do I say/do with what appears to be the last time seeing my aunt?",6,/r/AskReddit/comments/15rg0o/reddit_what_do_i_saydo_with_what_appears_to_be/,2013-01-01 06:12:27+00:00
15rfzb,"Hi, Reddit!!.. What new year resolutions were you able to keep from last year?",0,/r/AskReddit/comments/15rfzb/hi_reddit_what_new_year_resolutions_were_you_able/,2013-01-01 06:11:22+00:00
15rfye,"R/spacedicks: Why do they post links in all caps and say ""FAGETS"" ... back story?",0,/r/AskReddit/comments/15rfye/rspacedicks_why_do_they_post_links_in_all_caps/,2013-01-01 06:10:41+00:00
15rfxn,"Somebody's got to post it, so: Reddit, what are your new year's resolutions?",0,/r/AskReddit/comments/15rfxn/somebodys_got_to_post_it_so_reddit_what_are_your/,2013-01-01 06:10:04+00:00
15rfuo,Is there any way to tailor make a search for a reddit username?,1,/r/AskReddit/comments/15rfuo/is_there_any_way_to_tailor_make_a_search_for_a/,2013-01-01 06:08:03+00:00
15rftp,How do you make your dogs stop barking at fireworks?,0,/r/AskReddit/comments/15rftp/how_do_you_make_your_dogs_stop_barking_at/,2013-01-01 06:07:29+00:00
15rfsb,Is my wife abusive for hitting me because she thought I died?,0,/r/AskReddit/comments/15rfsb/is_my_wife_abusive_for_hitting_me_because_she/,2013-01-01 06:06:40+00:00
15rfrp,"Reddit, what was the happiest moment of your life?",5,/r/AskReddit/comments/15rfrp/reddit_what_was_the_happiest_moment_of_your_life/,2013-01-01 06:06:21+00:00
15rfrb,What is your most memorable New year's eve moment ?,0,/r/AskReddit/comments/15rfrb/what_is_your_most_memorable_new_years_eve_moment/,2013-01-01 06:06:02+00:00
15rfqr,Do you up vote the threads when you leave a comment?,0,/r/AskReddit/comments/15rfqr/do_you_up_vote_the_threads_when_you_leave_a/,2013-01-01 06:05:34+00:00
15rfq1,"Reddit, what are some of the most controversial opinions that you hold?",4,/r/AskReddit/comments/15rfq1/reddit_what_are_some_of_the_most_controversial/,2013-01-01 06:05:03+00:00
15rfp7,Have you (or someone you know) ever been attacked by a dog? What happened?,10,/r/AskReddit/comments/15rfp7/have_you_or_someone_you_know_ever_been_attacked/,2013-01-01 06:04:34+00:00
15rfor,Have you ever told a small lie that grew out of control?,2,/r/AskReddit/comments/15rfor/have_you_ever_told_a_small_lie_that_grew_out_of/,2013-01-01 06:04:09+00:00
15rfo6,What are your favorite quotes from a tv show or movie?,26,/r/AskReddit/comments/15rfo6/what_are_your_favorite_quotes_from_a_tv_show_or/,2013-01-01 06:03:49+00:00
15rfnj,What odd/unpopular feature do you find attractive in a potential mate?,9,/r/AskReddit/comments/15rfnj/what_oddunpopular_feature_do_you_find_attractive/,2013-01-01 06:03:23+00:00
15rfn3,"Now that it's the new year (for most of us), what was your best experience you had in 2012?",0,/r/AskReddit/comments/15rfn3/now_that_its_the_new_year_for_most_of_us_what_was/,2013-01-01 06:03:03+00:00
15rfm1,Stupidest thing you ever did while drunk on new years?,0,/r/AskReddit/comments/15rfm1/stupidest_thing_you_ever_did_while_drunk_on_new/,2013-01-01 06:02:19+00:00
15rflj,"If you could revisit an event from any time in 2012, how would you change how you acted during it or its outcome?",0,/r/AskReddit/comments/15rflj/if_you_could_revisit_an_event_from_any_time_in/,2013-01-01 06:01:56+00:00
15rfkt,"Here We Go: How Was Your New Years ruined? (Breakup, Fight, Arrest, Hospital, Etc.)",0,/r/AskReddit/comments/15rfkt/here_we_go_how_was_your_new_years_ruined_breakup/,2013-01-01 06:01:19+00:00
15rfiw,What do you predict will happen in 2013?,2,/r/AskReddit/comments/15rfiw/what_do_you_predict_will_happen_in_2013/,2013-01-01 05:59:56+00:00
15rfgi,What small changes can you make to improve your life as well as the lives of others?,6,/r/AskReddit/comments/15rfgi/what_small_changes_can_you_make_to_improve_your/,2013-01-01 05:58:21+00:00
15rff3,Reversed: What do you NOT regret in school?,1,/r/AskReddit/comments/15rff3/reversed_what_do_you_not_regret_in_school/,2013-01-01 05:57:17+00:00
15rff0,Can you create a Facebook status time paradox?,1,/r/AskReddit/comments/15rff0/can_you_create_a_facebook_status_time_paradox/,2013-01-01 05:57:16+00:00
15rfd6,"If you could change one aspect of your physical appearance, what would you change?",186,/r/AskReddit/comments/15rfd6/if_you_could_change_one_aspect_of_your_physical/,2013-01-01 05:55:50+00:00
15rfcn,what traditions have you been sucked into by your SO.,2,/r/AskReddit/comments/15rfcn/what_traditions_have_you_been_sucked_into_by_your/,2013-01-01 05:55:31+00:00
15rfch,"Reddit, how many new years could you celebrate in one year?",0,/r/AskReddit/comments/15rfch/reddit_how_many_new_years_could_you_celebrate_in/,2013-01-01 05:55:28+00:00
15rfbf,"Welcome to the Salty Spitoon, how tough are you?",0,/r/AskReddit/comments/15rfbf/welcome_to_the_salty_spitoon_how_tough_are_you/,2013-01-01 05:54:34+00:00
15rfad,I just told my best friend in the world how i treally feel about him and he said i shouldn't lie like that. how do i deal with this when i already have no self-asteem whatsoever ?,1,/r/AskReddit/comments/15rfad/i_just_told_my_best_friend_in_the_world_how_i/,2013-01-01 05:53:45+00:00
15rf8w,"Have you befriended someone who was looked to as a ""loner""?",1,/r/AskReddit/comments/15rf8w/have_you_befriended_someone_who_was_looked_to_as/,2013-01-01 05:52:48+00:00
15rf8r,"Well Reddit, its that time of the year again. What do you hope changes in the new year?",2,/r/AskReddit/comments/15rf8r/well_reddit_its_that_time_of_the_year_again_what/,2013-01-01 05:52:43+00:00
15rf7w,Reddit what was your most fucked up memory of 2012?,0,/r/AskReddit/comments/15rf7w/reddit_what_was_your_most_fucked_up_memory_of_2012/,2013-01-01 05:52:09+00:00
15rf7k,What is the worst pain you've ever felt in your life?,6,/r/AskReddit/comments/15rf7k/what_is_the_worst_pain_youve_ever_felt_in_your/,2013-01-01 05:51:51+00:00
15rf7j,"If you found out you had cancer and had 1 week to live, what's the first thing you would do?",2,/r/AskReddit/comments/15rf7j/if_you_found_out_you_had_cancer_and_had_1_week_to/,2013-01-01 05:51:50+00:00
15rf7a,"If you were guaranteed a spot on any TV gameshow, which one would you choose and why?",0,/r/AskReddit/comments/15rf7a/if_you_were_guaranteed_a_spot_on_any_tv_gameshow/,2013-01-01 05:51:45+00:00
15rf75,"Has everyone always been so clever and witty, or is this a recent phenomenon? Has sarcasm always been around?",8,/r/AskReddit/comments/15rf75/has_everyone_always_been_so_clever_and_witty_or/,2013-01-01 05:51:38+00:00
15rf4p,What is the single most useful thing you can own?,14,/r/AskReddit/comments/15rf4p/what_is_the_single_most_useful_thing_you_can_own/,2013-01-01 05:49:42+00:00
15rf42,What's the best thing on the Internet I can buy for 15 bucks?,1,/r/AskReddit/comments/15rf42/whats_the_best_thing_on_the_internet_i_can_buy/,2013-01-01 05:49:26+00:00
15rf41,"Reddit, pick an electronic device you own. If you were trapped inside a room and not let out until you figured out how it was made, could you?",0,/r/AskReddit/comments/15rf41/reddit_pick_an_electronic_device_you_own_if_you/,2013-01-01 05:49:25+00:00
15rf3d,"So reddit, what's the worst decision you've already made this year?",0,/r/AskReddit/comments/15rf3d/so_reddit_whats_the_worst_decision_youve_already/,2013-01-01 05:48:59+00:00
15rf3a,"I just told my SO my only surviving parent has cancer, she went to the bar anyways. What's the worst experience you've ever had?",1,/r/AskReddit/comments/15rf3a/i_just_told_my_so_my_only_surviving_parent_has/,2013-01-01 05:48:54+00:00
15rf2v,What is your biggest wish for 2013?,0,/r/AskReddit/comments/15rf2v/what_is_your_biggest_wish_for_2013/,2013-01-01 05:48:41+00:00
15rf09,What is the one thing that you could have that no one else could get,0,/r/AskReddit/comments/15rf09/what_is_the_one_thing_that_you_could_have_that_no/,2013-01-01 05:47:04+00:00
15rezb,Have you ever woken up and though you might be a gigantic nigger?,0,/r/AskReddit/comments/15rezb/have_you_ever_woken_up_and_though_you_might_be_a/,2013-01-01 05:46:28+00:00
15reyq,"Reddit, how did you rake in the New Year?",0,/r/AskReddit/comments/15reyq/reddit_how_did_you_rake_in_the_new_year/,2013-01-01 05:46:06+00:00
15rexb,"Sorry to be 'that' guy, and even though this is sure to have been asked a thousand times tonight, What is your resolution, if any?",0,/r/AskReddit/comments/15rexb/sorry_to_be_that_guy_and_even_though_this_is_sure/,2013-01-01 05:45:07+00:00
15rew9,"What are the best drinking games? (movies, shows, etc. included)",5,/r/AskReddit/comments/15rew9/what_are_the_best_drinking_games_movies_shows_etc/,2013-01-01 05:44:21+00:00
15rew3,"Camp counselors, who was the weirdest/worst/most memorable kid you ever supervised?",690,/r/AskReddit/comments/15rew3/camp_counselors_who_was_the_weirdestworstmost/,2013-01-01 05:44:16+00:00
15reso,What's the Best story you've never told?,6,/r/AskReddit/comments/15reso/whats_the_best_story_youve_never_told/,2013-01-01 05:41:53+00:00
15res3,"Reddit, what's your big mistake of 2012? NSFW",0,/r/AskReddit/comments/15res3/reddit_whats_your_big_mistake_of_2012_nsfw/,2013-01-01 05:41:35+00:00
15rery,Is anyone else spending new years alone?,6,/r/AskReddit/comments/15rery/is_anyone_else_spending_new_years_alone/,2013-01-01 05:41:25+00:00
15rera,My friends and I were talking about pubes when the year changed. What was on your mind?,0,/r/AskReddit/comments/15rera/my_friends_and_i_were_talking_about_pubes_when/,2013-01-01 05:40:51+00:00
15reqq,"Hey Reddit, what would be your dream comment to respond to?",0,/r/AskReddit/comments/15reqq/hey_reddit_what_would_be_your_dream_comment_to/,2013-01-01 05:40:32+00:00
15reqe,"Advertisers of Reddit, could my strong photography background be something I actively apply to a career in advertising if I major in it?",0,/r/AskReddit/comments/15reqe/advertisers_of_reddit_could_my_strong_photography/,2013-01-01 05:40:17+00:00
15reqa,"People who have had life changing epiphanies, what realization did you come to, how did you come to it, and/or how did it change you?",5,/r/AskReddit/comments/15reqa/people_who_have_had_life_changing_epiphanies_what/,2013-01-01 05:40:13+00:00
15req7,Can someone explain the stigma that soccer has in the USA?,5,/r/AskReddit/comments/15req7/can_someone_explain_the_stigma_that_soccer_has_in/,2013-01-01 05:40:10+00:00
15repb,What's your resolution this year?,0,/r/AskReddit/comments/15repb/whats_your_resolution_this_year/,2013-01-01 05:39:36+00:00
15rep4,"Reddit, what's your New Year's resolution?",0,/r/AskReddit/comments/15rep4/reddit_whats_your_new_years_resolution/,2013-01-01 05:39:21+00:00
15rend,"Here We Go: How was your New Years ruined? (Breakup, Fight, Arrest, Hospital, Etc)",0,/r/AskReddit/comments/15rend/here_we_go_how_was_your_new_years_ruined_breakup/,2013-01-01 05:38:11+00:00
15remr,Why do people persist in painting Jesus with blond hair and blue eyes when he was a Jew from Israel?,0,/r/AskReddit/comments/15remr/why_do_people_persist_in_painting_jesus_with/,2013-01-01 05:37:49+00:00
15rem5,"Reddit, what is the last thing you ordered online?",2,/r/AskReddit/comments/15rem5/reddit_what_is_the_last_thing_you_ordered_online/,2013-01-01 05:37:16+00:00
15relv,"What are some things to do in South America? (Specifically, hiking trails.)",0,/r/AskReddit/comments/15relv/what_are_some_things_to_do_in_south_america/,2013-01-01 05:37:07+00:00
15relq,"Reddit, what advice do you give to new Redditors for 2013 about their experience on this site?",0,/r/AskReddit/comments/15relq/reddit_what_advice_do_you_give_to_new_redditors/,2013-01-01 05:36:50+00:00
15relp,"Reddit, what is something you wish you could do but can't because of society's view on the subject?",19,/r/AskReddit/comments/15relp/reddit_what_is_something_you_wish_you_could_do/,2013-01-01 05:36:49+00:00
15rekl,"Previously incarcerated redditors, how do you spend the holidays in jail?",15,/r/AskReddit/comments/15rekl/previously_incarcerated_redditors_how_do_you/,2013-01-01 05:36:03+00:00
15rekg,"Repairmen/Contractors of Reddit, what can we do to make your lives easier?",0,/r/AskReddit/comments/15rekg/repairmencontractors_of_reddit_what_can_we_do_to/,2013-01-01 05:35:51+00:00
15reju,"Just spent the train ride home keeping pressure on a guys head, who had been glassed. Reddit, what stupid shit happened tonight for you?",0,/r/AskReddit/comments/15reju/just_spent_the_train_ride_home_keeping_pressure/,2013-01-01 05:35:20+00:00
15rejm,What was the first song you have listened to this year?,1,/r/AskReddit/comments/15rejm/what_was_the_first_song_you_have_listened_to_this/,2013-01-01 05:35:06+00:00
15rejk,"My roommate is extremely depressed. Reddit, what would you recommend for me to do to cheer her up?",1,/r/AskReddit/comments/15rejk/my_roommate_is_extremely_depressed_reddit_what/,2013-01-01 05:35:06+00:00
15rejg,what's your new years resolutions,0,/r/AskReddit/comments/15rejg/whats_your_new_years_resolutions/,2013-01-01 05:35:03+00:00
15rej2,Does Kathy Griffin know that everyone hates her?,0,/r/AskReddit/comments/15rej2/does_kathy_griffin_know_that_everyone_hates_her/,2013-01-01 05:34:47+00:00
15reiu,Reddit how legal would it be to sky dive into New Years Rocking Eve?,0,/r/AskReddit/comments/15reiu/reddit_how_legal_would_it_be_to_sky_dive_into_new/,2013-01-01 05:34:40+00:00
15rein,What was your worst situation of 2012?,3,/r/AskReddit/comments/15rein/what_was_your_worst_situation_of_2012/,2013-01-01 05:34:32+00:00
15reih,Happy New Year Reddit! So what is your New Years Resolution?,1,/r/AskReddit/comments/15reih/happy_new_year_reddit_so_what_is_your_new_years/,2013-01-01 05:34:27+00:00
15rei7,"So reddit, how's the new year going for you so far?",1,/r/AskReddit/comments/15rei7/so_reddit_hows_the_new_year_going_for_you_so_far/,2013-01-01 05:34:18+00:00
15rei6,How many times would you that a person could celebrate new years traveling to multiple timezones in one year,1,/r/AskReddit/comments/15rei6/how_many_times_would_you_that_a_person_could/,2013-01-01 05:34:17+00:00
15rei2,What simple tasks/tricks should I teach my cat to do next?,1,/r/AskReddit/comments/15rei2/what_simple_taskstricks_should_i_teach_my_cat_to/,2013-01-01 05:34:15+00:00
15regw,"Do you think the hate for Justin Beiber is legitimate, or something else?",0,/r/AskReddit/comments/15regw/do_you_think_the_hate_for_justin_beiber_is/,2013-01-01 05:33:24+00:00
15reg0,What's your New Years resolution?,1,/r/AskReddit/comments/15reg0/whats_your_new_years_resolution/,2013-01-01 05:32:48+00:00
15redp,How long would I have masturbate for the friction to create temperatures high enough to boil water? I am a male.,1,/r/AskReddit/comments/15redp/how_long_would_i_have_masturbate_for_the_friction/,2013-01-01 05:30:57+00:00
15redk,Have you ever woken up and thought you might be a gigantic nigger?,0,/r/AskReddit/comments/15redk/have_you_ever_woken_up_and_thought_you_might_be_a/,2013-01-01 05:30:51+00:00
15redf,"I'm certain this has been asked before, but I can't be the only one. Reddit, how do I follow my dreams?",1,/r/AskReddit/comments/15redf/im_certain_this_has_been_asked_before_but_i_cant/,2013-01-01 05:30:45+00:00
15reca,"If your relative/significant other/family member knew what you spent their holiday money on, how fucked would you be?",0,/r/AskReddit/comments/15reca/if_your_relativesignificant_otherfamily_member/,2013-01-01 05:30:00+00:00
15rec2,Why isn't there a New Years Eve feed live from Chicago or Dallas or somewhere else in the central time zone.,2,/r/AskReddit/comments/15rec2/why_isnt_there_a_new_years_eve_feed_live_from/,2013-01-01 05:29:48+00:00
15rebi,"If you could verbally communicate with one animal, what would it be?",9,/r/AskReddit/comments/15rebi/if_you_could_verbally_communicate_with_one_animal/,2013-01-01 05:29:31+00:00
15re9p,Is getting your wisdom teeth out as bad as I think?,6,/r/AskReddit/comments/15re9p/is_getting_your_wisdom_teeth_out_as_bad_as_i_think/,2013-01-01 05:28:19+00:00
15re9i,"What are some rituals you perform that alleviate stress, but that you're pretty sure no one else on earth does?",0,/r/AskReddit/comments/15re9i/what_are_some_rituals_you_perform_that_alleviate/,2013-01-01 05:28:10+00:00
15re8z,What does it mean to take the Lord's name in vain?,0,/r/AskReddit/comments/15re8z/what_does_it_mean_to_take_the_lords_name_in_vain/,2013-01-01 05:27:51+00:00
15re7w,What was the first song you listened to on 2013?,0,/r/AskReddit/comments/15re7w/what_was_the_first_song_you_listened_to_on_2013/,2013-01-01 05:27:04+00:00
15re7v,Will it ever be possible to move away from a capitalist society?,4,/r/AskReddit/comments/15re7v/will_it_ever_be_possible_to_move_away_from_a/,2013-01-01 05:27:04+00:00
15re7b,How much of my body can I donate without lasting damage?,5,/r/AskReddit/comments/15re7b/how_much_of_my_body_can_i_donate_without_lasting/,2013-01-01 05:26:45+00:00
15re74,"Reddit, how was your New Year's Eve?",0,/r/AskReddit/comments/15re74/reddit_how_was_your_new_years_eve/,2013-01-01 05:26:34+00:00
15re6x,"Teachers of Reddit, what is the funniest thing you've read in a student's paper?",27,/r/AskReddit/comments/15re6x/teachers_of_reddit_what_is_the_funniest_thing/,2013-01-01 05:26:30+00:00
15re6j,"Now that it's 2013, what was your best memory of 2013?",0,/r/AskReddit/comments/15re6j/now_that_its_2013_what_was_your_best_memory_of/,2013-01-01 05:26:13+00:00
15re5o,How do I watch American Horror Story Season 2 for free!?,0,/r/AskReddit/comments/15re5o/how_do_i_watch_american_horror_story_season_2_for/,2013-01-01 05:25:36+00:00
15re48,"What's the best ""when you see it"" post?",0,/r/AskReddit/comments/15re48/whats_the_best_when_you_see_it_post/,2013-01-01 05:24:24+00:00
15re1p,What's your best New Year's Eve story? I'll start.,0,/r/AskReddit/comments/15re1p/whats_your_best_new_years_eve_story_ill_start/,2013-01-01 05:22:33+00:00
15re1k,Are there separate New Year's Eve specials for the west coast (of the US)?,0,/r/AskReddit/comments/15re1k/are_there_separate_new_years_eve_specials_for_the/,2013-01-01 05:22:29+00:00
15re0f,"Alright Reddit it's a new year, did you stick with your 2012 resolution? And what's your resolution for this year?",0,/r/AskReddit/comments/15re0f/alright_reddit_its_a_new_year_did_you_stick_with/,2013-01-01 05:21:40+00:00
15rdz5,What trends are you expecting to really spread and blow up this year?,12,/r/AskReddit/comments/15rdz5/what_trends_are_you_expecting_to_really_spread/,2013-01-01 05:20:37+00:00
15rdyy,"So redditors of 2013, what are some resolutions you have made (that you have or have not stuck too!)?",1,/r/AskReddit/comments/15rdyy/so_redditors_of_2013_what_are_some_resolutions/,2013-01-01 05:20:19+00:00
15rdyu,What do you do while sitting on the toilet.,4,/r/AskReddit/comments/15rdyu/what_do_you_do_while_sitting_on_the_toilet/,2013-01-01 05:20:14+00:00
15rdyf,Yet alone this New Years - 2012. How do you celebrate it alone,0,/r/AskReddit/comments/15rdyf/yet_alone_this_new_years_2012_how_do_you/,2013-01-01 05:19:50+00:00
15rdx0,I'm going to take a survey every morning and evening of 2013. Any questions I should ask?,1,/r/AskReddit/comments/15rdx0/im_going_to_take_a_survey_every_morning_and/,2013-01-01 05:18:59+00:00
15rdwn,"Females of reddit, how do you clean your vaginas? (NSFW)",0,/r/AskReddit/comments/15rdwn/females_of_reddit_how_do_you_clean_your_vaginas/,2013-01-01 05:18:45+00:00
15rdv7,What is the sweetest gift you've ever received?,0,/r/AskReddit/comments/15rdv7/what_is_the_sweetest_gift_youve_ever_received/,2013-01-01 05:17:59+00:00
15rdv5,What poor decision altered your life the greatest?,0,/r/AskReddit/comments/15rdv5/what_poor_decision_altered_your_life_the_greatest/,2013-01-01 05:17:58+00:00
15rduf,Hey Reddit! What's the first thing you did in 2013?,0,/r/AskReddit/comments/15rduf/hey_reddit_whats_the_first_thing_you_did_in_2013/,2013-01-01 05:17:33+00:00
15rdu3,"As 2012 leaves us, tell me.... what was your favorite year and why?",1,/r/AskReddit/comments/15rdu3/as_2012_leaves_us_tell_me_what_was_your_favorite/,2013-01-01 05:17:19+00:00
15rdtz,"Dear Reddit, What are your New Years resolutions?",0,/r/AskReddit/comments/15rdtz/dear_reddit_what_are_your_new_years_resolutions/,2013-01-01 05:17:18+00:00
15rdtw,"To the atheists of reddit: how do you respond to the argument, ""absence of evidence is not evidence of absence""?",0,/r/AskReddit/comments/15rdtw/to_the_atheists_of_reddit_how_do_you_respond_to/,2013-01-01 05:17:15+00:00
15rdto,"What are your thoughts on Lil Wayne, Tyga, YMCMB, and all of those rappers.",0,/r/AskReddit/comments/15rdto/what_are_your_thoughts_on_lil_wayne_tyga_ymcmb/,2013-01-01 05:17:08+00:00
15rdtd,"As consumer electronics loss value as new ones are released, do you have a strategy to minimize money spending when renewing equipment or devices?",0,/r/AskReddit/comments/15rdtd/as_consumer_electronics_loss_value_as_new_ones/,2013-01-01 05:16:56+00:00
15rds7,How do I unlock this bedroom door?,12,/r/AskReddit/comments/15rds7/how_do_i_unlock_this_bedroom_door/,2013-01-01 05:16:16+00:00
15rdr7,"What is one product that you wish existed and could be easily manufactured, but isn't?",5,/r/AskReddit/comments/15rdr7/what_is_one_product_that_you_wish_existed_and/,2013-01-01 05:15:36+00:00
15rdr2,What's your favorite party game?,0,/r/AskReddit/comments/15rdr2/whats_your_favorite_party_game/,2013-01-01 05:15:30+00:00
15rdqw,Hello Reddit! Happy New Year! Do you have any New Year's resolutions that actually prevailed in the past?,6,/r/AskReddit/comments/15rdqw/hello_reddit_happy_new_year_do_you_have_any_new/,2013-01-01 05:15:21+00:00
15rdqc,What is the most fucked up dream you had that you actually remember?,14,/r/AskReddit/comments/15rdqc/what_is_the_most_fucked_up_dream_you_had_that_you/,2013-01-01 05:14:59+00:00
15rdp8,"For the redditors who bought ""something"" last week: What did you end up receiving?",0,/r/AskReddit/comments/15rdp8/for_the_redditors_who_bought_something_last_week/,2013-01-01 05:14:10+00:00
15rdom,What are some unusual or creative ways you have made money?,7,/r/AskReddit/comments/15rdom/what_are_some_unusual_or_creative_ways_you_have/,2013-01-01 05:13:38+00:00
15rdne,"first day of class when the teacher says ""say something interesting about yourself""",1,/r/AskReddit/comments/15rdne/first_day_of_class_when_the_teacher_says_say/,2013-01-01 05:12:49+00:00
15rdn4,"Reddit, whats your new years resolution that you know you won't follow through on?",3,/r/AskReddit/comments/15rdn4/reddit_whats_your_new_years_resolution_that_you/,2013-01-01 05:12:39+00:00
15rdmq,Was Jenny McCarthy just forced by popular vote to kiss a guy with a huge cold sore at the New Years celebration?,0,/r/AskReddit/comments/15rdmq/was_jenny_mccarthy_just_forced_by_popular_vote_to/,2013-01-01 05:12:23+00:00
15rdmg,What is a four letter complete sentence that may never have been spoken. I'll start...,0,/r/AskReddit/comments/15rdmg/what_is_a_four_letter_complete_sentence_that_may/,2013-01-01 05:12:13+00:00
15rdm4,Posting from boring wine and cheese party... What are you doing for NYE?,1,/r/AskReddit/comments/15rdm4/posting_from_boring_wine_and_cheese_party_what/,2013-01-01 05:12:02+00:00
15rdly,"Alright Reddit, what's your new years resolution.",2,/r/AskReddit/comments/15rdly/alright_reddit_whats_your_new_years_resolution/,2013-01-01 05:11:59+00:00
15rdkb,What new years resolution have you already broken?,2,/r/AskReddit/comments/15rdkb/what_new_years_resolution_have_you_already_broken/,2013-01-01 05:11:04+00:00
15rdjw,what does it mean to be a citizen in your country?,0,/r/AskReddit/comments/15rdjw/what_does_it_mean_to_be_a_citizen_in_your_country/,2013-01-01 05:10:54+00:00
15rdjr,Have you ever had a near death experience?,0,/r/AskReddit/comments/15rdjr/have_you_ever_had_a_near_death_experience/,2013-01-01 05:10:47+00:00
15rdjl,What is your New Years tradition? Do you find them worthwhile or silly?,0,/r/AskReddit/comments/15rdjl/what_is_your_new_years_tradition_do_you_find_them/,2013-01-01 05:10:43+00:00
15rdjb,Happy New Year Reddit! What was the first thing said to you this year???,1,/r/AskReddit/comments/15rdjb/happy_new_year_reddit_what_was_the_first_thing/,2013-01-01 05:10:28+00:00
15rdis,"Reddit we heard about the funniest instances of ragequitting. Now, what are the fanciest calm exits people have pulled off?",0,/r/AskReddit/comments/15rdis/reddit_we_heard_about_the_funniest_instances_of/,2013-01-01 05:10:11+00:00
15rdi9,"What, in the past 50 years, do you think was the most awe inspiring moment?",0,/r/AskReddit/comments/15rdi9/what_in_the_past_50_years_do_you_think_was_the/,2013-01-01 05:09:49+00:00
15rdi3,"contrary to the 'best story' thread, if you could blow any historical figure from 1989 (june through january only) why would it be and who?",0,/r/AskReddit/comments/15rdi3/contrary_to_the_best_story_thread_if_you_could/,2013-01-01 05:09:46+00:00
15rdh2,"If you were a robot and I knew and you didn't, would you want me to tell you?",1,/r/AskReddit/comments/15rdh2/if_you_were_a_robot_and_i_knew_and_you_didnt/,2013-01-01 05:09:08+00:00
15rdh0,Why does hearing a Saxaphone automatically make you think of Porn Music?,4,/r/AskReddit/comments/15rdh0/why_does_hearing_a_saxaphone_automatically_make/,2013-01-01 05:09:08+00:00
15rdgu,"Reddit, what do you think next generation's major rights/action movement will be and why?",8,/r/AskReddit/comments/15rdgu/reddit_what_do_you_think_next_generations_major/,2013-01-01 05:09:03+00:00
15rdgr,What are the best things you've seen change in life as year passes into year?,2,/r/AskReddit/comments/15rdgr/what_are_the_best_things_youve_seen_change_in/,2013-01-01 05:09:01+00:00
15rdge,I just spent my midnight taking a poop and reading the top post of 2012. How was yours?,1,/r/AskReddit/comments/15rdge/i_just_spent_my_midnight_taking_a_poop_and/,2013-01-01 05:08:47+00:00
15rdfx,How to program on a microprocessor?,0,/r/AskReddit/comments/15rdfx/how_to_program_on_a_microprocessor/,2013-01-01 05:08:28+00:00
15rdf2,"Reddit, what is one thing people do to you that really pisses you off?",1,/r/AskReddit/comments/15rdf2/reddit_what_is_one_thing_people_do_to_you_that/,2013-01-01 05:07:51+00:00
15rddm,When was the first time you saw a dead person? (Possibly NSFW),2,/r/AskReddit/comments/15rddm/when_was_the_first_time_you_saw_a_dead_person/,2013-01-01 05:06:57+00:00
15rdck,"My girlfriends brother just walked into his sleeping sisters room to yell ""HAPPY FUCKING NEW YEAR"". Reddit, how are you celebrating tonight?",0,/r/AskReddit/comments/15rdck/my_girlfriends_brother_just_walked_into_his/,2013-01-01 05:06:21+00:00
15rdb7,Pretend you are on your death bed. What is your final revelation?,1,/r/AskReddit/comments/15rdb7/pretend_you_are_on_your_death_bed_what_is_your/,2013-01-01 05:05:40+00:00
15rd8a,"Ladies, cyber sex. Do you want to have some?",1,/r/AskReddit/comments/15rd8a/ladies_cyber_sex_do_you_want_to_have_some/,2013-01-01 05:03:53+00:00
15rd83,What would you do to deal/avoid the fiscal cliff?,0,/r/AskReddit/comments/15rd83/what_would_you_do_to_dealavoid_the_fiscal_cliff/,2013-01-01 05:03:48+00:00
15rd6g,I think 2012 will be remembered as the year when internet ads became acceptable. What else do you think 2012 will be remembered for?,0,/r/AskReddit/comments/15rd6g/i_think_2012_will_be_remembered_as_the_year_when/,2013-01-01 05:02:42+00:00
15rd64,It's 2013 in the East Coast. How did you spend your New Years?,1,/r/AskReddit/comments/15rd64/its_2013_in_the_east_coast_how_did_you_spend_your/,2013-01-01 05:02:33+00:00
15rd49,Hey Redditors! What is one thing that puts a smile on your face?,9,/r/AskReddit/comments/15rd49/hey_redditors_what_is_one_thing_that_puts_a_smile/,2013-01-01 05:01:42+00:00
15rd3p,"Reddit, what is your new years resolution?",0,/r/AskReddit/comments/15rd3p/reddit_what_is_your_new_years_resolution/,2013-01-01 05:01:25+00:00
15rd32,What was the first song you listened to in 2013?,0,/r/AskReddit/comments/15rd32/what_was_the_first_song_you_listened_to_in_2013/,2013-01-01 05:01:02+00:00
15rd31,Have you ever had an ethical dilemma that resulted in you violating your personal code of ethics?,0,/r/AskReddit/comments/15rd31/have_you_ever_had_an_ethical_dilemma_that/,2013-01-01 05:01:01+00:00
15rd28,What has been the lowest point of your life?,4,/r/AskReddit/comments/15rd28/what_has_been_the_lowest_point_of_your_life/,2013-01-01 05:00:37+00:00
15rd1j,"Without context, what were your first words of the new year?",0,/r/AskReddit/comments/15rd1j/without_context_what_were_your_first_words_of_the/,2013-01-01 05:00:14+00:00
15rd1g,"What would Reddit Nominate as ""Discovery of the Year"" for 2012?",0,/r/AskReddit/comments/15rd1g/what_would_reddit_nominate_as_discovery_of_the/,2013-01-01 05:00:13+00:00
15rd1c,AskReddit... What was the worst pain you have ever experienced?,5,/r/AskReddit/comments/15rd1c/askreddit_what_was_the_worst_pain_you_have_ever/,2013-01-01 05:00:12+00:00
15rczz,"Reddit, what is that one New Years Resolution that you never keep?",0,/r/AskReddit/comments/15rczz/reddit_what_is_that_one_new_years_resolution_that/,2013-01-01 04:59:41+00:00
15rczw,"Is the stereotype of Asians taking pictures of everything deserved? If so, why is that part of their culture?",0,/r/AskReddit/comments/15rczw/is_the_stereotype_of_asians_taking_pictures_of/,2013-01-01 04:59:37+00:00
15rczo,Happy New Year! What is one crazy thing you want to accomplish this year?,0,/r/AskReddit/comments/15rczo/happy_new_year_what_is_one_crazy_thing_you_want/,2013-01-01 04:59:30+00:00
15rczn,"I now live near the Rocky Mountains, and have never heard a siren similar to REO Speedwagon's ""Riding the Storm Out"". Where does one go to hear this?",1,/r/AskReddit/comments/15rczn/i_now_live_near_the_rocky_mountains_and_have/,2013-01-01 04:59:29+00:00
15rcz5,What is the best Immigration story you've heard?,8,/r/AskReddit/comments/15rcz5/what_is_the_best_immigration_story_youve_heard/,2013-01-01 04:59:08+00:00
15rcz0,"Reddit, whats the first thing you will do/did in 2013?",10,/r/AskReddit/comments/15rcz0/reddit_whats_the_first_thing_you_will_dodid_in/,2013-01-01 04:59:03+00:00
15rcyk,What is your New Year's resolution that'll never be realized?,0,/r/AskReddit/comments/15rcyk/what_is_your_new_years_resolution_thatll_never_be/,2013-01-01 04:58:46+00:00
15rcyc,What would you change about your past if you had the chance?,2,/r/AskReddit/comments/15rcyc/what_would_you_change_about_your_past_if_you_had/,2013-01-01 04:58:35+00:00
15rcx3,How do you feel about these last two minutes before 2013?,0,/r/AskReddit/comments/15rcx3/how_do_you_feel_about_these_last_two_minutes/,2013-01-01 04:57:54+00:00
15rcwb,Who else is alone for new years,1,/r/AskReddit/comments/15rcwb/who_else_is_alone_for_new_years/,2013-01-01 04:57:19+00:00
15rcvq,Why do we usually celebrate holidays like Christmas and new years the day before but we celebrate our birthdays on the day of,0,/r/AskReddit/comments/15rcvq/why_do_we_usually_celebrate_holidays_like/,2013-01-01 04:57:01+00:00
15rcvh,"Reddit, what behaviors or superstitions (non-religious) do you have that would appear silly or meaningless to others?",0,/r/AskReddit/comments/15rcvh/reddit_what_behaviors_or_superstitions/,2013-01-01 04:56:53+00:00
15rcv6,"If you're home alone for New Years Eve, what will you be doing?",2,/r/AskReddit/comments/15rcv6/if_youre_home_alone_for_new_years_eve_what_will/,2013-01-01 04:56:37+00:00
15rcv3,What's your New Year's resolution?,0,/r/AskReddit/comments/15rcv3/whats_your_new_years_resolution/,2013-01-01 04:56:34+00:00
15rcv1,"Wife's going out tonight while i stay home with the kid, where did i go wrong?",2,/r/AskReddit/comments/15rcv1/wifes_going_out_tonight_while_i_stay_home_with/,2013-01-01 04:56:32+00:00
15rcv0,If I was your boyfriend I'd never let you go?,0,/r/AskReddit/comments/15rcv0/if_i_was_your_boyfriend_id_never_let_you_go/,2013-01-01 04:56:31+00:00
15rcuw,"Reddit, what is your favorite moment of 2012?",1,/r/AskReddit/comments/15rcuw/reddit_what_is_your_favorite_moment_of_2012/,2013-01-01 04:56:29+00:00
15rcuv,"What old logos were much better than the new logos for junk foods, companies, television shows or other, Reddit?",1,/r/AskReddit/comments/15rcuv/what_old_logos_were_much_better_than_the_new/,2013-01-01 04:56:27+00:00
15rcum,"You're stranded on and island, you must live with three other people. They have to be celebrities, and there must be at least one male and one female. Who do you choose? Why?",1,/r/AskReddit/comments/15rcum/youre_stranded_on_and_island_you_must_live_with/,2013-01-01 04:56:17+00:00
15rcuh,"Reddit, How cool are you with your boss? What's your story for gaining his/her trust?",6,/r/AskReddit/comments/15rcuh/reddit_how_cool_are_you_with_your_boss_whats_your/,2013-01-01 04:56:14+00:00
15rctu,What's your story that nobody believes?,0,/r/AskReddit/comments/15rctu/whats_your_story_that_nobody_believes/,2013-01-01 04:55:46+00:00
15rctb,Is there any image or meme related to reddit that you don't understand?,1,/r/AskReddit/comments/15rctb/is_there_any_image_or_meme_related_to_reddit_that/,2013-01-01 04:55:27+00:00
15rcta,"Reddit, if the military industrial complex provides free labor, what/for who is the labor being done?",0,/r/AskReddit/comments/15rcta/reddit_if_the_military_industrial_complex/,2013-01-01 04:55:26+00:00
15rcrr,What are you looking to get out of this new year?,22,/r/AskReddit/comments/15rcrr/what_are_you_looking_to_get_out_of_this_new_year/,2013-01-01 04:54:26+00:00
15rcrh,What pop culture trends are you looking forward to seeing disappear in 2013 ?,3,/r/AskReddit/comments/15rcrh/what_pop_culture_trends_are_you_looking_forward/,2013-01-01 04:54:13+00:00
15rcoy,What do you do in your daily activities that keeps you feeling like a kid?,6,/r/AskReddit/comments/15rcoy/what_do_you_do_in_your_daily_activities_that/,2013-01-01 04:52:28+00:00
15rcox,Whats the thing that annoys you the most in black ops,0,/r/AskReddit/comments/15rcox/whats_the_thing_that_annoys_you_the_most_in_black/,2013-01-01 04:52:26+00:00
15rco3,What is the oddest name you have ever heard?,0,/r/AskReddit/comments/15rco3/what_is_the_oddest_name_you_have_ever_heard/,2013-01-01 04:51:45+00:00
15rco0,"Reddit, I just spent today writing a 12 page history paper due at midnight. What have you done on New Year's Eve that's made you want a refund?",1,/r/AskReddit/comments/15rco0/reddit_i_just_spent_today_writing_a_12_page/,2013-01-01 04:51:42+00:00
15rcmh,"This just recommended for 2013: get Taylor Swift to write a break-up song about me... So Reddit, what bright ideas do your friends have for you?",0,/r/AskReddit/comments/15rcmh/this_just_recommended_for_2013_get_taylor_swift/,2013-01-01 04:50:35+00:00
15rcm7,Are there any athletic brands that don't put their workers through horrible conditions?,1,/r/AskReddit/comments/15rcm7/are_there_any_athletic_brands_that_dont_put_their/,2013-01-01 04:50:19+00:00
15rclx,How can I politely suggest my mom to stop posting Myspace-esque images on Facebook?,0,/r/AskReddit/comments/15rclx/how_can_i_politely_suggest_my_mom_to_stop_posting/,2013-01-01 04:50:08+00:00
15rclm,"Gay Redditors, do you/have you had a crush on an actor of the opposite sex?",1,/r/AskReddit/comments/15rclm/gay_redditors_do_youhave_you_had_a_crush_on_an/,2013-01-01 04:49:53+00:00
15rck6,What words do you find to sound offensive?,2,/r/AskReddit/comments/15rck6/what_words_do_you_find_to_sound_offensive/,2013-01-01 04:48:52+00:00
15rcjd,"Hey Reddit, let's be positive. What are you excited for in 2013?",0,/r/AskReddit/comments/15rcjd/hey_reddit_lets_be_positive_what_are_you_excited/,2013-01-01 04:48:23+00:00
15rcjb,I can't log in to my google account. Anyone know what the issue is?,1,/r/AskReddit/comments/15rcjb/i_cant_log_in_to_my_google_account_anyone_know/,2013-01-01 04:48:22+00:00
15rciz,What's something popular that has a huge following but you are now just getting into?,1,/r/AskReddit/comments/15rciz/whats_something_popular_that_has_a_huge_following/,2013-01-01 04:48:13+00:00
15rciq,SkyDrive or Google Drive. Which one is right for you?,0,/r/AskReddit/comments/15rciq/skydrive_or_google_drive_which_one_is_right_for/,2013-01-01 04:48:04+00:00
15rci8,"Musicians of Reddit, do you ever get tired of singing your songs over and over again?",1,/r/AskReddit/comments/15rci8/musicians_of_reddit_do_you_ever_get_tired_of/,2013-01-01 04:47:47+00:00
15rcht,What 2012 pop culture event are you proud you did not participate in?,5,/r/AskReddit/comments/15rcht/what_2012_pop_culture_event_are_you_proud_you_did/,2013-01-01 04:47:31+00:00
15rce6,Has anyone ever gone into a restaurant for the first time and told them to surprise you? What kind of place was it wand what did you get?,0,/r/AskReddit/comments/15rce6/has_anyone_ever_gone_into_a_restaurant_for_the/,2013-01-01 04:45:08+00:00
15rcdq,What would you do if you got locked inside an airport with no chance of being discovered?,0,/r/AskReddit/comments/15rcdq/what_would_you_do_if_you_got_locked_inside_an/,2013-01-01 04:44:52+00:00
15rcc8,"My little sister's birthday is coming up and I'd like to get her tickets to One Direction or Justin Bieber this summer, any ideas or help?",1,/r/AskReddit/comments/15rcc8/my_little_sisters_birthday_is_coming_up_and_id/,2013-01-01 04:43:50+00:00
15rcb9,What's the worse sickness that you have survived without any doctors?,1,/r/AskReddit/comments/15rcb9/whats_the_worse_sickness_that_you_have_survived/,2013-01-01 04:43:20+00:00
15rc9o,"What accomplishments, disappointments, tragedies and blessings do you expect to happen in the year 2013?",0,/r/AskReddit/comments/15rc9o/what_accomplishments_disappointments_tragedies/,2013-01-01 04:42:17+00:00
15rc9i,Can astronauts see fireworks from space?,2,/r/AskReddit/comments/15rc9i/can_astronauts_see_fireworks_from_space/,2013-01-01 04:42:10+00:00
15rc8p,Are you also dimming/turning off your visible main floor lights so your neighbours don't know you stayed in (like them) for NYE?,1,/r/AskReddit/comments/15rc8p/are_you_also_dimmingturning_off_your_visible_main/,2013-01-01 04:41:36+00:00
15rc7o,"What's your best ""The Aristocrats!"" joke?",0,/r/AskReddit/comments/15rc7o/whats_your_best_the_aristocrats_joke/,2013-01-01 04:40:47+00:00
15rc76,What are your 2013 resolutions Reddit?,0,/r/AskReddit/comments/15rc76/what_are_your_2013_resolutions_reddit/,2013-01-01 04:40:28+00:00
15rc5s,"Reddit, what is the most idiotic thing you have ever posted on a social media site?",0,/r/AskReddit/comments/15rc5s/reddit_what_is_the_most_idiotic_thing_you_have/,2013-01-01 04:39:18+00:00
15rc4p,"what is the food that you ate once, that once you ate it felt that you were going to have a heart attack",0,/r/AskReddit/comments/15rc4p/what_is_the_food_that_you_ate_once_that_once_you/,2013-01-01 04:38:40+00:00
15rc1z,What is the BEST purchase you have made all year?,5,/r/AskReddit/comments/15rc1z/what_is_the_best_purchase_you_have_made_all_year/,2013-01-01 04:37:00+00:00
15rc10,Reddit i need help i love my fiance and old bff who just got back into my life,0,/r/AskReddit/comments/15rc10/reddit_i_need_help_i_love_my_fiance_and_old_bff/,2013-01-01 04:36:19+00:00
15rc0t,SkyDrive or Google Drive? What to use?,1,/r/AskReddit/comments/15rc0t/skydrive_or_google_drive_what_to_use/,2013-01-01 04:36:08+00:00
15rc0m,"So I invited my friend and his girlfriend to chill out with me this NYE. So Reddit, what decisions are you regretting this fine New Year's Eve?",2,/r/AskReddit/comments/15rc0m/so_i_invited_my_friend_and_his_girlfriend_to/,2013-01-01 04:35:56+00:00
15rc0j,What is the closest you've ever come to death?,13,/r/AskReddit/comments/15rc0j/what_is_the_closest_youve_ever_come_to_death/,2013-01-01 04:35:51+00:00
15rbza,How do you know when it's time to end a relationship?,17,/r/AskReddit/comments/15rbza/how_do_you_know_when_its_time_to_end_a/,2013-01-01 04:35:14+00:00
15rbyk,What are some of your favorite documentaries?,1,/r/AskReddit/comments/15rbyk/what_are_some_of_your_favorite_documentaries/,2013-01-01 04:34:41+00:00
15rbyg,"Waiters and cooks of reddit, what do you do/ what does it feel like to have food sent back for whatever reason?",6,/r/AskReddit/comments/15rbyg/waiters_and_cooks_of_reddit_what_do_you_do_what/,2013-01-01 04:34:36+00:00
15rbws,"Reddit, can you invent a new meme?",0,/r/AskReddit/comments/15rbws/reddit_can_you_invent_a_new_meme/,2013-01-01 04:33:24+00:00
15rbw9,What is the most UN-Romantic thing you have ever said to your SO,10,/r/AskReddit/comments/15rbw9/what_is_the_most_unromantic_thing_you_have_ever/,2013-01-01 04:33:02+00:00
15rbv9,Why do people celebrate the new year?,0,/r/AskReddit/comments/15rbv9/why_do_people_celebrate_the_new_year/,2013-01-01 04:32:13+00:00
15rbv4,"Where does the ""Jeez Mom"" pics come from?",0,/r/AskReddit/comments/15rbv4/where_does_the_jeez_mom_pics_come_from/,2013-01-01 04:32:08+00:00
15rbu5,Anyone who has made a marriage pact with someone: Did you guys follow through with it? How did it turn out?,0,/r/AskReddit/comments/15rbu5/anyone_who_has_made_a_marriage_pact_with_someone/,2013-01-01 04:31:29+00:00
15rbtu,What's the best or biggest prank you have ever pulled off?,5,/r/AskReddit/comments/15rbtu/whats_the_best_or_biggest_prank_you_have_ever/,2013-01-01 04:31:13+00:00
15rbtc,"So Reddit, where is an awesome honeymoon location within the continental US?",2,/r/AskReddit/comments/15rbtc/so_reddit_where_is_an_awesome_honeymoon_location/,2013-01-01 04:30:56+00:00
15rbta,"In the walking dead, why do they care so much about winter when they live in Georgia?",1,/r/AskReddit/comments/15rbta/in_the_walking_dead_why_do_they_care_so_much/,2013-01-01 04:30:54+00:00
15rbsr,"So reddit, did you keep your resolutions?",0,/r/AskReddit/comments/15rbsr/so_reddit_did_you_keep_your_resolutions/,2013-01-01 04:30:24+00:00
15rbsj,What's the most amount of time you've spent on a single thread on reddit?,0,/r/AskReddit/comments/15rbsj/whats_the_most_amount_of_time_youve_spent_on_a/,2013-01-01 04:30:16+00:00
15rbs7,What is the dumbest rumor you have heard about yourself?,10,/r/AskReddit/comments/15rbs7/what_is_the_dumbest_rumor_you_have_heard_about/,2013-01-01 04:30:02+00:00
15rbs6,What are the weirdest things you have dealt with in your customer service job?,8,/r/AskReddit/comments/15rbs6/what_are_the_weirdest_things_you_have_dealt_with/,2013-01-01 04:29:59+00:00
15rbru,"If you could summon anyone from any universe to have sex, who would you summon? I'll start, Mulan.",0,/r/AskReddit/comments/15rbru/if_you_could_summon_anyone_from_any_universe_to/,2013-01-01 04:29:37+00:00
15rbqs,Reddit....what is the all time greatest honky tonk...... Rap song.......ever?,1,/r/AskReddit/comments/15rbqs/redditwhat_is_the_all_time_greatest_honky_tonk/,2013-01-01 04:28:45+00:00
15rbqe,What was the best prank / practical joke you ever pulled?,2,/r/AskReddit/comments/15rbqe/what_was_the_best_prank_practical_joke_you_ever/,2013-01-01 04:28:17+00:00
15rbq0,"Violence de-escalation stories/wisdom? Martial artists, people who work where violence is common, everybody.",2,/r/AskReddit/comments/15rbq0/violence_deescalation_storieswisdom_martial/,2013-01-01 04:28:05+00:00
15rbpr,"Just had sex 3 times today. Reddit, what's the most amount of times you have done it in a day? Also, explain the details on how tiring/fun/painful it was!",0,/r/AskReddit/comments/15rbpr/just_had_sex_3_times_today_reddit_whats_the_most/,2013-01-01 04:27:51+00:00
15rbpl,"What subreddit do I go to if I, say, want to just start a 'I'd like to talk to someone as the new year rolls in' kind of convo?",3,/r/AskReddit/comments/15rbpl/what_subreddit_do_i_go_to_if_i_say_want_to_just/,2013-01-01 04:27:44+00:00
15rbnq,"I'm (m,20) slowly losing my hair. It's crushing my already low self esteem. How can I come to terms with this and be happy with myself again?",1,/r/AskReddit/comments/15rbnq/im_m20_slowly_losing_my_hair_its_crushing_my/,2013-01-01 04:26:28+00:00
15rbng,"Just broke my tibia (shin) and I should be out for most of the season. Reddit, what's your worst fall/injury?",0,/r/AskReddit/comments/15rbng/just_broke_my_tibia_shin_and_i_should_be_out_for/,2013-01-01 04:26:18+00:00
15rbmw,"College students of Reddit,where do you sell your textbooks for maximum profit?",1,/r/AskReddit/comments/15rbmw/college_students_of_redditwhere_do_you_sell_your/,2013-01-01 04:25:50+00:00
15rblv,What piece of technology would you love to see in your home in the near future?,8,/r/AskReddit/comments/15rblv/what_piece_of_technology_would_you_love_to_see_in/,2013-01-01 04:25:03+00:00
15rblf,How do you explain Reddit to people?,0,/r/AskReddit/comments/15rblf/how_do_you_explain_reddit_to_people/,2013-01-01 04:24:50+00:00
15rbke,Does your hair fall out when you run your fingers thru your hair?,1,/r/AskReddit/comments/15rbke/does_your_hair_fall_out_when_you_run_your_fingers/,2013-01-01 04:24:12+00:00
15rbju,"Reddit, what is the greatest sacrifice that you have made so that others could be happy?",2,/r/AskReddit/comments/15rbju/reddit_what_is_the_greatest_sacrifice_that_you/,2013-01-01 04:23:49+00:00
15rbia,How would you meet girls in Boston?,0,/r/AskReddit/comments/15rbia/how_would_you_meet_girls_in_boston/,2013-01-01 04:22:54+00:00
15rbi0,"Adopted people of Reddit, how do you feel towards any siblings/half siblings your biological parents kept?",0,/r/AskReddit/comments/15rbi0/adopted_people_of_reddit_how_do_you_feel_towards/,2013-01-01 04:22:47+00:00
15rbht,What's the most overused sentence on reddit?,43,/r/AskReddit/comments/15rbht/whats_the_most_overused_sentence_on_reddit/,2013-01-01 04:22:42+00:00
15rbh1,Looking back at 2012 what is your biggest achievement(s) or strives that you have done.,1,/r/AskReddit/comments/15rbh1/looking_back_at_2012_what_is_your_biggest/,2013-01-01 04:22:19+00:00
15rbfu,"Bartenders of Reddit, whats the weirdest thing someone has ever done in your bar?",0,/r/AskReddit/comments/15rbfu/bartenders_of_reddit_whats_the_weirdest_thing/,2013-01-01 04:21:45+00:00
15rbfp,"So I'm stuck on New Years Eve at home. I'm bored and kind of feel lonely so entertain me, and give me ideas on what to do in the next 40 minutes.",1,/r/AskReddit/comments/15rbfp/so_im_stuck_on_new_years_eve_at_home_im_bored_and/,2013-01-01 04:21:38+00:00
15rbfq,Just finished watching LOST..can someone explain what happened? I'm beginning to thing there wasn't anything. Just a bunch of acting to make the audience wonder,1,/r/AskReddit/comments/15rbfq/just_finished_watching_lostcan_someone_explain/,2013-01-01 04:21:38+00:00
15rbet,"I got mooned on a subway today so I thought I would ask. Reddit, what is the oddest thing that has happened to you on a subway?",0,/r/AskReddit/comments/15rbet/i_got_mooned_on_a_subway_today_so_i_thought_i/,2013-01-01 04:21:13+00:00
15rbdn,"So I'm half in the bag and it's New Year's Eve, who wants an upbote-fest?",0,/r/AskReddit/comments/15rbdn/so_im_half_in_the_bag_and_its_new_years_eve_who/,2013-01-01 04:20:30+00:00
15rbcu,"Band members of Reddit, what are some things that happened which you didn't expect?",0,/r/AskReddit/comments/15rbcu/band_members_of_reddit_what_are_some_things_that/,2013-01-01 04:19:59+00:00
15rbci,"What food do you always excited about eating, yet upon eating are always disappointed?",2,/r/AskReddit/comments/15rbci/what_food_do_you_always_excited_about_eating_yet/,2013-01-01 04:19:47+00:00
15rbc4,Why wait for a number to change in the date to change something in your life? If you really want to change something in your life just do it.,0,/r/AskReddit/comments/15rbc4/why_wait_for_a_number_to_change_in_the_date_to/,2013-01-01 04:19:32+00:00
15rbbv,What do New Year's Eve partiers in Times Square do when they need a bathroom?,0,/r/AskReddit/comments/15rbbv/what_do_new_years_eve_partiers_in_times_square_do/,2013-01-01 04:19:19+00:00
15rbb6,How do I create and upload a digital signature?,1,/r/AskReddit/comments/15rbb6/how_do_i_create_and_upload_a_digital_signature/,2013-01-01 04:18:49+00:00
15rbay,I've never been on an airplane before. Next week I'm flying cross-country. What should I know?,3,/r/AskReddit/comments/15rbay/ive_never_been_on_an_airplane_before_next_week_im/,2013-01-01 04:18:31+00:00
15rbah,What's the most attractive female body shape/type? (maybe NSFW),1,/r/AskReddit/comments/15rbah/whats_the_most_attractive_female_body_shapetype/,2013-01-01 04:18:10+00:00
15rbae,Think you're sober enough to drive on NYE?,0,/r/AskReddit/comments/15rbae/think_youre_sober_enough_to_drive_on_nye/,2013-01-01 04:18:02+00:00
15rbaa,"Reddit, what is the strangest combination of things you have done whilst multitasking?",0,/r/AskReddit/comments/15rbaa/reddit_what_is_the_strangest_combination_of/,2013-01-01 04:18:00+00:00
15rb9v,Which celebrities do you think will die in 2013?,0,/r/AskReddit/comments/15rb9v/which_celebrities_do_you_think_will_die_in_2013/,2013-01-01 04:17:38+00:00
15rb9u,Perfect description of getting kicked in the balls?,1,/r/AskReddit/comments/15rb9u/perfect_description_of_getting_kicked_in_the_balls/,2013-01-01 04:17:36+00:00
15rb8o,What is your best purchase of the year?,1,/r/AskReddit/comments/15rb8o/what_is_your_best_purchase_of_the_year/,2013-01-01 04:16:55+00:00
15rb7z,"Reddit, what is your biggest nerd rage moment that involved the destruction of something?",3,/r/AskReddit/comments/15rb7z/reddit_what_is_your_biggest_nerd_rage_moment_that/,2013-01-01 04:16:23+00:00
15rb4q,"That pizza was far spiceier than it had any right to be. I don't want to suffer this come tomorrow. Reddit, what should I do?!",0,/r/AskReddit/comments/15rb4q/that_pizza_was_far_spiceier_than_it_had_any_right/,2013-01-01 04:14:13+00:00
15rb35,What cartoon character turns you on the most?,1,/r/AskReddit/comments/15rb35/what_cartoon_character_turns_you_on_the_most/,2013-01-01 04:12:58+00:00
15rb2w,"Citizens of the Eastern Hemisphere, what is 2013 like?",1,/r/AskReddit/comments/15rb2w/citizens_of_the_eastern_hemisphere_what_is_2013/,2013-01-01 04:12:50+00:00
15rb2u,Where can I find very classical/classy lock and key?,1,/r/AskReddit/comments/15rb2u/where_can_i_find_very_classicalclassy_lock_and_key/,2013-01-01 04:12:48+00:00
15rb2r,Anybody else NOT at a party tonight? How are you celebrating the New Year?,3,/r/AskReddit/comments/15rb2r/anybody_else_not_at_a_party_tonight_how_are_you/,2013-01-01 04:12:45+00:00
15rb11,Reddit what are your worst experiences with your family and board games,8,/r/AskReddit/comments/15rb11/reddit_what_are_your_worst_experiences_with_your/,2013-01-01 04:11:30+00:00
15rb10,This might be a throwaway thing...but does anyone have any good stories of sleeping with their roommates?,2,/r/AskReddit/comments/15rb10/this_might_be_a_throwaway_thingbut_does_anyone/,2013-01-01 04:11:29+00:00
15rb0n,What's the best and worst thing that happened to you in 2012?,5,/r/AskReddit/comments/15rb0n/whats_the_best_and_worst_thing_that_happened_to/,2013-01-01 04:11:15+00:00
15rb0m,what procedures must one take to sue attorney for ineffective assistance?,1,/r/AskReddit/comments/15rb0m/what_procedures_must_one_take_to_sue_attorney_for/,2013-01-01 04:11:14+00:00
15rb0c,"Reddit, what's something bad that happened that you didn't get blamed for, but in the back of your mind you feel guilty/responsible?",0,/r/AskReddit/comments/15rb0c/reddit_whats_something_bad_that_happened_that_you/,2013-01-01 04:11:01+00:00
15rb00,What is the best game on steam for 7 dollars?,2,/r/AskReddit/comments/15rb00/what_is_the_best_game_on_steam_for_7_dollars/,2013-01-01 04:10:43+00:00
15rayp,Fuckups of Reddit: What Advice Would You Give to the Youth of Today?,0,/r/AskReddit/comments/15rayp/fuckups_of_reddit_what_advice_would_you_give_to/,2013-01-01 04:09:45+00:00
15rayi,"What is the most regrettable way you've ever told someone ""No""?",0,/r/AskReddit/comments/15rayi/what_is_the_most_regrettable_way_youve_ever_told/,2013-01-01 04:09:39+00:00
15rayg,Has anyone ever donated bone marrow? What was your experience and why did you do it?,1,/r/AskReddit/comments/15rayg/has_anyone_ever_donated_bone_marrow_what_was_your/,2013-01-01 04:09:36+00:00
15raxf,"Think back to this time last year. Which New Year's resolutions have you succeeded in keeping, Reddit?",1,/r/AskReddit/comments/15raxf/think_back_to_this_time_last_year_which_new_years/,2013-01-01 04:08:53+00:00
15rawq,Reddit what should I do with my semester off?,1,/r/AskReddit/comments/15rawq/reddit_what_should_i_do_with_my_semester_off/,2013-01-01 04:08:31+00:00
15rawh,When did you realize you were colorblind?,0,/r/AskReddit/comments/15rawh/when_did_you_realize_you_were_colorblind/,2013-01-01 04:08:23+00:00
15rawd,If You Could Run Away With Any Fictional Character (no strings attached) Who would it be?,1,/r/AskReddit/comments/15rawd/if_you_could_run_away_with_any_fictional/,2013-01-01 04:08:16+00:00
15rav8,"Reddit, what're you drinking tonight?",0,/r/AskReddit/comments/15rav8/reddit_whatre_you_drinking_tonight/,2013-01-01 04:07:45+00:00
15rav2,"I jus turn 17, wat can i do to be sucsesful in life?",0,/r/AskReddit/comments/15rav2/i_jus_turn_17_wat_can_i_do_to_be_sucsesful_in_life/,2013-01-01 04:07:39+00:00
15rauo,Why don't people get a designated driver or call for a cab?,3,/r/AskReddit/comments/15rauo/why_dont_people_get_a_designated_driver_or_call/,2013-01-01 04:07:28+00:00
15raui,"What ""imperfections"" are you actually attracted to in a romantic partner?",10,/r/AskReddit/comments/15raui/what_imperfections_are_you_actually_attracted_to/,2013-01-01 04:07:24+00:00
15ratw,Do you remember the reason why you joined Reddit?,1,/r/AskReddit/comments/15ratw/do_you_remember_the_reason_why_you_joined_reddit/,2013-01-01 04:06:58+00:00
15rat4,"Whats a good , inexpensive website to buy xxx dvds from?",0,/r/AskReddit/comments/15rat4/whats_a_good_inexpensive_website_to_buy_xxx_dvds/,2013-01-01 04:06:32+00:00
15rasx,Have you known someone personally that has been in the news for committing a criminal act (not extremely minor)?,1,/r/AskReddit/comments/15rasx/have_you_known_someone_personally_that_has_been/,2013-01-01 04:06:24+00:00
15rast,"What is the worst, dumbest, or best death scene in a movie that you have ever seen?",1,/r/AskReddit/comments/15rast/what_is_the_worst_dumbest_or_best_death_scene_in/,2013-01-01 04:06:22+00:00
15rary,"Reddit, what is your best New Years Eve party story?",1,/r/AskReddit/comments/15rary/reddit_what_is_your_best_new_years_eve_party_story/,2013-01-01 04:05:42+00:00
15rarx,how do you get rid of these fools?,0,/r/AskReddit/comments/15rarx/how_do_you_get_rid_of_these_fools/,2013-01-01 04:05:42+00:00
15rare,Am I getting rick rolled if I have to watch my gf dance to it on Just Dance 4?,1,/r/AskReddit/comments/15rare/am_i_getting_rick_rolled_if_i_have_to_watch_my_gf/,2013-01-01 04:05:19+00:00
15rar5,What superpowers have you invented Reddit?,0,/r/AskReddit/comments/15rar5/what_superpowers_have_you_invented_reddit/,2013-01-01 04:05:03+00:00
15raqr,"Reddit, what do you do when you have lost complete faith in people?",0,/r/AskReddit/comments/15raqr/reddit_what_do_you_do_when_you_have_lost_complete/,2013-01-01 04:04:47+00:00
15raqn,What small change in historical events would have dramatically altered our lives today?,0,/r/AskReddit/comments/15raqn/what_small_change_in_historical_events_would_have/,2013-01-01 04:04:44+00:00
15raql,In light of the New Year what is the best toast to give?,3,/r/AskReddit/comments/15raql/in_light_of_the_new_year_what_is_the_best_toast/,2013-01-01 04:04:42+00:00
15rapa,"Why has there been a surge of ""OP is a fag"" posting?",0,/r/AskReddit/comments/15rapa/why_has_there_been_a_surge_of_op_is_a_fag_posting/,2013-01-01 04:03:40+00:00
15raos,"Hey Reddit! For those of you not celebrating NYE for whatever reason, what are you doing tonight?",0,/r/AskReddit/comments/15raos/hey_reddit_for_those_of_you_not_celebrating_nye/,2013-01-01 04:03:20+00:00
15ramu,What's something you did for the first time EVER in 2012?,1,/r/AskReddit/comments/15ramu/whats_something_you_did_for_the_first_time_ever/,2013-01-01 04:01:43+00:00
15ralu,What could cause this? My dog just farted and it smelled literally like roses.,1,/r/AskReddit/comments/15ralu/what_could_cause_this_my_dog_just_farted_and_it/,2013-01-01 04:01:06+00:00
15ralb,What age did you start drinking alcohol? Do you have any good stories?,0,/r/AskReddit/comments/15ralb/what_age_did_you_start_drinking_alcohol_do_you/,2013-01-01 04:00:51+00:00
15rala,What glorious prank did a boss play on the staff?,0,/r/AskReddit/comments/15rala/what_glorious_prank_did_a_boss_play_on_the_staff/,2013-01-01 04:00:48+00:00
15rakj,What happened on your craziest new year,0,/r/AskReddit/comments/15rakj/what_happened_on_your_craziest_new_year/,2013-01-01 04:00:25+00:00
15rak1,What was your best day ever reddit?,0,/r/AskReddit/comments/15rak1/what_was_your_best_day_ever_reddit/,2013-01-01 04:00:06+00:00
15raja,"People of Reddit, because almost no one asks: ""How was your day?""",0,/r/AskReddit/comments/15raja/people_of_reddit_because_almost_no_one_asks_how/,2013-01-01 03:59:39+00:00
15rai2,Does your cat know when you're drunk?,0,/r/AskReddit/comments/15rai2/does_your_cat_know_when_youre_drunk/,2013-01-01 03:58:53+00:00
15rai0,How much dick could a woodchick lick if a woodchick could lick dick?,0,/r/AskReddit/comments/15rai0/how_much_dick_could_a_woodchick_lick_if_a/,2013-01-01 03:58:52+00:00
15rahy,Times Square NYE veterans: Do you just pee where you stand when you need to?,3,/r/AskReddit/comments/15rahy/times_square_nye_veterans_do_you_just_pee_where/,2013-01-01 03:58:51+00:00
15raha,"How has 2012 been for you, reddit?",0,/r/AskReddit/comments/15raha/how_has_2012_been_for_you_reddit/,2013-01-01 03:58:30+00:00
15rah2,What's one thing you like see left in 2012?,0,/r/AskReddit/comments/15rah2/whats_one_thing_you_like_see_left_in_2012/,2013-01-01 03:58:27+00:00
15rafn,I do it. You do it. How do we know if we're being monitored? (Personal Innerweb Use @ Work),2,/r/AskReddit/comments/15rafn/i_do_it_you_do_it_how_do_we_know_if_were_being/,2013-01-01 03:57:27+00:00
15rael,"Reddit, I know you can go to five guys for it, but does anyone know another place to find orange coca cola??",0,/r/AskReddit/comments/15rael/reddit_i_know_you_can_go_to_five_guys_for_it_but/,2013-01-01 03:56:34+00:00
15radm,"What, if anything, are you going to be doing differently in 2013?",7,/r/AskReddit/comments/15radm/what_if_anything_are_you_going_to_be_doing/,2013-01-01 03:55:48+00:00
15rad8,"Redditors, what are some of your favorite documentary or quasi-documentary series that lend themselves well to kicking back and watching a marathon?",2,/r/AskReddit/comments/15rad8/redditors_what_are_some_of_your_favorite/,2013-01-01 03:55:36+00:00
15racn,I have a roach problem due to my neighbors and am getting the apartment bombed this weekend. What lie can I say to my mom about any other reason than roaches of why I have to leave for the weekend?,0,/r/AskReddit/comments/15racn/i_have_a_roach_problem_due_to_my_neighbors_and_am/,2013-01-01 03:55:12+00:00
15rabv,My girlfriend and I are both rather awkward and I am not sure how to ask her to go on birth control,2,/r/AskReddit/comments/15rabv/my_girlfriend_and_i_are_both_rather_awkward_and_i/,2013-01-01 03:54:49+00:00
15rab7,"Gamers of reddit, what is the most brilliantly crafted insult you have heard in a Call of Duty lobby?",1,/r/AskReddit/comments/15rab7/gamers_of_reddit_what_is_the_most_brilliantly/,2013-01-01 03:54:17+00:00
15raag,What do Canadians think of Stephen Harper?,0,/r/AskReddit/comments/15raag/what_do_canadians_think_of_stephen_harper/,2013-01-01 03:53:44+00:00
15ra98,How would you bring back the dead?,0,/r/AskReddit/comments/15ra98/how_would_you_bring_back_the_dead/,2013-01-01 03:52:52+00:00
15ra90,"Why am I afraid of rich/wealthy people, particularly rich white men?",0,/r/AskReddit/comments/15ra90/why_am_i_afraid_of_richwealthy_people/,2013-01-01 03:52:43+00:00
15ra8s,What's the funniest Q-A joke you've ever heard?,0,/r/AskReddit/comments/15ra8s/whats_the_funniest_qa_joke_youve_ever_heard/,2013-01-01 03:52:37+00:00
15ra7o,When your post gets on the front page,0,/r/AskReddit/comments/15ra7o/when_your_post_gets_on_the_front_page/,2013-01-01 03:51:42+00:00
15ra77,How is a Dick Clark special possible without Dick Clark?,8,/r/AskReddit/comments/15ra77/how_is_a_dick_clark_special_possible_without_dick/,2013-01-01 03:51:16+00:00
15ra66,What's a decent free video editing program?,0,/r/AskReddit/comments/15ra66/whats_a_decent_free_video_editing_program/,2013-01-01 03:50:37+00:00
15ra60,What is the best thing that has happened to you in 2012?,0,/r/AskReddit/comments/15ra60/what_is_the_best_thing_that_has_happened_to_you/,2013-01-01 03:50:26+00:00
15ra5l,If a person dies do their diseases die too?,0,/r/AskReddit/comments/15ra5l/if_a_person_dies_do_their_diseases_die_too/,2013-01-01 03:50:03+00:00
15ra44,"Hey Reddit, how do they celebrate the December Holiday season in your town?",2,/r/AskReddit/comments/15ra44/hey_reddit_how_do_they_celebrate_the_december/,2013-01-01 03:48:59+00:00
15ra3q,How often do you lie to yourself ?,3,/r/AskReddit/comments/15ra3q/how_often_do_you_lie_to_yourself/,2013-01-01 03:48:43+00:00
15ra3m,"For those who ported their number to Google Voice, was it better? If not, why?",0,/r/AskReddit/comments/15ra3m/for_those_who_ported_their_number_to_google_voice/,2013-01-01 03:48:39+00:00
15ra3l,What is the most patriotic picture you have ever seen?,3,/r/AskReddit/comments/15ra3l/what_is_the_most_patriotic_picture_you_have_ever/,2013-01-01 03:48:39+00:00
15ra2n,"Just realized the Domino's Pizza logo is an actual dominoes game piece. Now that I feel like an idiot, what seemingly obvious things have flew over your head for years?",0,/r/AskReddit/comments/15ra2n/just_realized_the_dominos_pizza_logo_is_an_actual/,2013-01-01 03:47:59+00:00
15ra14,What's the most cost-efficient way to send gifts overseas?,0,/r/AskReddit/comments/15ra14/whats_the_most_costefficient_way_to_send_gifts/,2013-01-01 03:47:00+00:00
15r9ze,What can I do to make making dinner every night less of a hassle?,13,/r/AskReddit/comments/15r9ze/what_can_i_do_to_make_making_dinner_every_night/,2013-01-01 03:46:04+00:00
15r9zd,"If everybody only pooped once in their lifetime, do you think it would be a celebrated moment or would people dread it?",0,/r/AskReddit/comments/15r9zd/if_everybody_only_pooped_once_in_their_lifetime/,2013-01-01 03:46:04+00:00
15r9z2,"Reddit, it's New Years and I don't have any friends to celebrate with. Can you please give me some reasons to not feel depressed?",1,/r/AskReddit/comments/15r9z2/reddit_its_new_years_and_i_dont_have_any_friends/,2013-01-01 03:45:53+00:00
15r9yd,any professional youtube background artists?,1,/r/AskReddit/comments/15r9yd/any_professional_youtube_background_artists/,2013-01-01 03:45:28+00:00
15r9va,where do vegetarians/vegans stand on killing zombies?,0,/r/AskReddit/comments/15r9va/where_do_vegetariansvegans_stand_on_killing/,2013-01-01 03:43:24+00:00
15r9uz,The Wadsworth Principle states that the first 30% of any video has nothing of interest. What videos do you know of that disprove this theory?,0,/r/AskReddit/comments/15r9uz/the_wadsworth_principle_states_that_the_first_30/,2013-01-01 03:43:15+00:00
15r9tq,Credit dropped ~200 points; is this fixable/reversable within a year or two?,0,/r/AskReddit/comments/15r9tq/credit_dropped_200_points_is_this/,2013-01-01 03:42:28+00:00
15r9tm,Hi &amp; Happy New Year. What would you recommend for one piece of inexpensive exercise equipment (under $500)? Thanks,1,/r/AskReddit/comments/15r9tm/hi_happy_new_year_what_would_you_recommend_for/,2013-01-01 03:42:19+00:00
15r9sy,How do you determine if a person has an age-appropriate maturity level?,0,/r/AskReddit/comments/15r9sy/how_do_you_determine_if_a_person_has_an/,2013-01-01 03:41:54+00:00
15r9sc,What to do on New Years Eve alone?,1,/r/AskReddit/comments/15r9sc/what_to_do_on_new_years_eve_alone/,2013-01-01 03:41:31+00:00
15r9s2,"Reddit, what are your New Years resolutions?",0,/r/AskReddit/comments/15r9s2/reddit_what_are_your_new_years_resolutions/,2013-01-01 03:41:22+00:00
15r9s0,What's the most embarrassing way you have injured yourself?,161,/r/AskReddit/comments/15r9s0/whats_the_most_embarrassing_way_you_have_injured/,2013-01-01 03:41:18+00:00
15r9ro,So I just walked into a masquerade party that is all gay men. As a straight male this was kinda awkward. Reddit..most awkward party youve been to?,1,/r/AskReddit/comments/15r9ro/so_i_just_walked_into_a_masquerade_party_that_is/,2013-01-01 03:41:04+00:00
15r9rh,"Reddit, what would happen if everyone in the world spontaneously switched genders?",0,/r/AskReddit/comments/15r9rh/reddit_what_would_happen_if_everyone_in_the_world/,2013-01-01 03:40:58+00:00
15r9r0,"Taxi drivers of Reddit, what are some of the scariest incidents you've been in because of a customer?",0,/r/AskReddit/comments/15r9r0/taxi_drivers_of_reddit_what_are_some_of_the/,2013-01-01 03:40:36+00:00
15r9pg,"reddit, when you are feeling down, how do you pick yourself back up?",2,/r/AskReddit/comments/15r9pg/reddit_when_you_are_feeling_down_how_do_you_pick/,2013-01-01 03:39:24+00:00
15r9pa,"Redditors, what are you going to do to change your life in 2013 ?",0,/r/AskReddit/comments/15r9pa/redditors_what_are_you_going_to_do_to_change_your/,2013-01-01 03:39:11+00:00
15r9ow,How do they make swirly string cheese?,1,/r/AskReddit/comments/15r9ow/how_do_they_make_swirly_string_cheese/,2013-01-01 03:38:44+00:00
15r9ov,Ok reddit. It's the end of another year. Share your story of a successful new years resolution and how it changed your life.,0,/r/AskReddit/comments/15r9ov/ok_reddit_its_the_end_of_another_year_share_your/,2013-01-01 03:38:42+00:00
15r9o9,Nail bitters. I can't open any cans. How short are your nails?,1,/r/AskReddit/comments/15r9o9/nail_bitters_i_cant_open_any_cans_how_short_are/,2013-01-01 03:38:24+00:00
15r9o2,Reddit is the reason an old friend of mine was able to find me after 7 years. What crazy and/or awesome things has Reddit done for you?,1,/r/AskReddit/comments/15r9o2/reddit_is_the_reason_an_old_friend_of_mine_was/,2013-01-01 03:38:21+00:00
15r9n5,Does anyone outside the US actually watch the ball drop in Times Square on New Years Eve?,1,/r/AskReddit/comments/15r9n5/does_anyone_outside_the_us_actually_watch_the/,2013-01-01 03:37:37+00:00
15r9m1,What other psychedelic subreddits do you know about that are like /r/woahdude?,1,/r/AskReddit/comments/15r9m1/what_other_psychedelic_subreddits_do_you_know/,2013-01-01 03:36:51+00:00
15r9l9,What's the single craziest thing you've ever done?,9,/r/AskReddit/comments/15r9l9/whats_the_single_craziest_thing_youve_ever_done/,2013-01-01 03:36:22+00:00
15r9kz,What obscure technology or concept in its infancy today will sweep over the world in the next 20 years the way the Internet and cellphones have in the last 20 years?,1,/r/AskReddit/comments/15r9kz/what_obscure_technology_or_concept_in_its_infancy/,2013-01-01 03:36:05+00:00
15r9kk,"Reddit, who are some so-called 'legends' that really just aren't all that good?",1,/r/AskReddit/comments/15r9kk/reddit_who_are_some_socalled_legends_that_really/,2013-01-01 03:35:51+00:00
15r9jg,What New Years resolution did you actually stick with and fulfill?,0,/r/AskReddit/comments/15r9jg/what_new_years_resolution_did_you_actually_stick/,2013-01-01 03:35:14+00:00
15r9h4,"Hot cousin is asleep, what should I do?q",1,/r/AskReddit/comments/15r9h4/hot_cousin_is_asleep_what_should_i_doq/,2013-01-01 03:33:48+00:00
15r9gb,"Me and my brother want to become good at airsoft, we are going to buy guns. How can we train and what guns should we get?",0,/r/AskReddit/comments/15r9gb/me_and_my_brother_want_to_become_good_at_airsoft/,2013-01-01 03:33:27+00:00
15r9ew,"Reddit, I like to be prepared for anything-what should I keep in the trunk of my car without making it cluttered?",1,/r/AskReddit/comments/15r9ew/reddit_i_like_to_be_prepared_for_anythingwhat/,2013-01-01 03:32:33+00:00
15r9e8,"Reddit, if you were able to change one thing about your past, what would it be?",1,/r/AskReddit/comments/15r9e8/reddit_if_you_were_able_to_change_one_thing_about/,2013-01-01 03:31:55+00:00
15r9d1,So how was Reddit's New Years Eve?,0,/r/AskReddit/comments/15r9d1/so_how_was_reddits_new_years_eve/,2013-01-01 03:31:01+00:00
15r9c2,"Reddit, When did you wish you had said ""I'm sorry""?",1,/r/AskReddit/comments/15r9c2/reddit_when_did_you_wish_you_had_said_im_sorry/,2013-01-01 03:30:28+00:00
15r9bq,Why dont they install gates that block the platform from a subway that go up and down as the train arrives/goes?,2,/r/AskReddit/comments/15r9bq/why_dont_they_install_gates_that_block_the/,2013-01-01 03:30:09+00:00
15r9b4,"Have you ever overheard someone talking trash in another language they assumed none would understand, but you did?",1,/r/AskReddit/comments/15r9b4/have_you_ever_overheard_someone_talking_trash_in/,2013-01-01 03:29:39+00:00
15r997,"Reddit, what are the things that make your state suck?",3,/r/AskReddit/comments/15r997/reddit_what_are_the_things_that_make_your_state/,2013-01-01 03:28:16+00:00
15r959,"If you had to have sex with any cartoon character, who would it be and why?",0,/r/AskReddit/comments/15r959/if_you_had_to_have_sex_with_any_cartoon_character/,2013-01-01 03:25:48+00:00
15r957,What's the biggest lie you've told and did it catch up to you?,0,/r/AskReddit/comments/15r957/whats_the_biggest_lie_youve_told_and_did_it_catch/,2013-01-01 03:25:46+00:00
15r94a,"Reddit, what's the one physical aspect that keeps you back from feeling good about yourself?",11,/r/AskReddit/comments/15r94a/reddit_whats_the_one_physical_aspect_that_keeps/,2013-01-01 03:25:10+00:00
15r93v,"Reddit, did something ever happen to you that wasn't your fault, but you blame yourself for it still?",0,/r/AskReddit/comments/15r93v/reddit_did_something_ever_happen_to_you_that/,2013-01-01 03:24:53+00:00
15r93h,What do you think will be the future of cursive writing?,0,/r/AskReddit/comments/15r93h/what_do_you_think_will_be_the_future_of_cursive/,2013-01-01 03:24:40+00:00
15r93f,Why are bottles of liquor from the UK 700ml where bottles are 750ml in the US,0,/r/AskReddit/comments/15r93f/why_are_bottles_of_liquor_from_the_uk_700ml_where/,2013-01-01 03:24:38+00:00
15r92p,"With the media's diarrhea of their mouth(s) over the ""fiscal cliff"" line... I can't help but ask what more important domestic/world events we have been distracted from",0,/r/AskReddit/comments/15r92p/with_the_medias_diarrhea_of_their_mouths_over_the/,2013-01-01 03:24:24+00:00
15r92o,how do you color out names in facebook posts,1,/r/AskReddit/comments/15r92o/how_do_you_color_out_names_in_facebook_posts/,2013-01-01 03:24:23+00:00
15r922,"We've already discussed which unknown subreddits were really snobby, do you know of any not well known subreddits that are helpful or interesting?",1,/r/AskReddit/comments/15r922/weve_already_discussed_which_unknown_subreddits/,2013-01-01 03:23:54+00:00
15r91m,"Maids of Reddit, what's the worst room you've ever seen?",67,/r/AskReddit/comments/15r91m/maids_of_reddit_whats_the_worst_room_youve_ever/,2013-01-01 03:23:34+00:00
15r90l,What will you be drinking tonight?,1,/r/AskReddit/comments/15r90l/what_will_you_be_drinking_tonight/,2013-01-01 03:22:56+00:00
15r90k,"Male Redditors, when you shave your ass, do your farts sound horribly wet...",1,/r/AskReddit/comments/15r90k/male_redditors_when_you_shave_your_ass_do_your/,2013-01-01 03:22:54+00:00
15r902,What were your New Year's Resolutions at the end of 2011? Did you accomplish your goals?,1,/r/AskReddit/comments/15r902/what_were_your_new_years_resolutions_at_the_end/,2013-01-01 03:22:38+00:00
15r8yz,AskReddit: Feeling safe again after broken-in &amp; trashed apartment?,1,/r/AskReddit/comments/15r8yz/askreddit_feeling_safe_again_after_brokenin/,2013-01-01 03:21:49+00:00
15r8yx,"As consumer electronics loss value new ones are released, do you have a strategy to minimize money spending when renewing equipment or devices?",1,/r/AskReddit/comments/15r8yx/as_consumer_electronics_loss_value_new_ones_are/,2013-01-01 03:21:47+00:00
15r8yl,"Cashiers of reddit, what is the smallest thing you've seen a customer overreact about?",43,/r/AskReddit/comments/15r8yl/cashiers_of_reddit_what_is_the_smallest_thing/,2013-01-01 03:21:39+00:00
15r8ye,"Reddit, what were the WORST ASKREDDIT questions of 2012?",1,/r/AskReddit/comments/15r8ye/reddit_what_were_the_worst_askreddit_questions_of/,2013-01-01 03:21:34+00:00
15r8xs,"Should I wash my hair every time I shower? I'm looking for tips for my MILDLY thinning hair (not enough to worry, just taking precautions)",0,/r/AskReddit/comments/15r8xs/should_i_wash_my_hair_every_time_i_shower_im/,2013-01-01 03:21:10+00:00
15r8xl,For any Redditors that have learned or practice kyusho jitsu or ninjitsu is it worth it? And has it ever come into play in the real world?,0,/r/AskReddit/comments/15r8xl/for_any_redditors_that_have_learned_or_practice/,2013-01-01 03:21:01+00:00
15r8x6,How has your life changed since you've started using reddit?,8,/r/AskReddit/comments/15r8x6/how_has_your_life_changed_since_youve_started/,2013-01-01 03:20:50+00:00
15r8wt,What is the most efficient way to log in and reply to a post when you've scrolled really far down in RES and aren't logged in?,0,/r/AskReddit/comments/15r8wt/what_is_the_most_efficient_way_to_log_in_and/,2013-01-01 03:20:34+00:00
15r8wm,If you were murderd would you wish that the same happened to the murder?,2,/r/AskReddit/comments/15r8wm/if_you_were_murderd_would_you_wish_that_the_same/,2013-01-01 03:20:28+00:00
15r8vv,When was the first time you remember raging at a video game?,1,/r/AskReddit/comments/15r8vv/when_was_the_first_time_you_remember_raging_at_a/,2013-01-01 03:20:02+00:00
15r8vt,"After watching the Amazing Spider-man the crane part had restored a small part of humanity in me, so Reddit I ask you what movie had help restore a part of humanity for you.",1,/r/AskReddit/comments/15r8vt/after_watching_the_amazing_spiderman_the_crane/,2013-01-01 03:20:00+00:00
15r8vs,Do sheets with high thread counts give you guys boners?,0,/r/AskReddit/comments/15r8vs/do_sheets_with_high_thread_counts_give_you_guys/,2013-01-01 03:19:58+00:00
15r8v9,What's your New Year's Resolution?,0,/r/AskReddit/comments/15r8v9/whats_your_new_years_resolution/,2013-01-01 03:19:32+00:00
15r8uy,Have you ever overheard someone talking trash in another language they assumed none would understand?,1,/r/AskReddit/comments/15r8uy/have_you_ever_overheard_someone_talking_trash_in/,2013-01-01 03:19:16+00:00
15r8u5,"Children of Reddit, what is the weirdest thing you've walked in on your parents doing?",2,/r/AskReddit/comments/15r8u5/children_of_reddit_what_is_the_weirdest_thing/,2013-01-01 03:18:44+00:00
15r8ts,"Redditors, What other stuff can you describe in a Doc Brown way aka logorrheic?",0,/r/AskReddit/comments/15r8ts/redditors_what_other_stuff_can_you_describe_in_a/,2013-01-01 03:18:32+00:00
15r8tj,"In a few sentences, what's your best story that starts wild but really fizzles out quickly? I'll start...",1,/r/AskReddit/comments/15r8tj/in_a_few_sentences_whats_your_best_story_that/,2013-01-01 03:18:22+00:00
15r8t1,"Reddit, what are some great movies? Not talking favorites, I'm talking GOOD, high quality movies.",0,/r/AskReddit/comments/15r8t1/reddit_what_are_some_great_movies_not_talking/,2013-01-01 03:18:06+00:00
15r8sc,Anyone else stuck in the airport for New Years Eve?,2,/r/AskReddit/comments/15r8sc/anyone_else_stuck_in_the_airport_for_new_years_eve/,2013-01-01 03:17:29+00:00
15r8rz,Reddit what excites you about 2013?,0,/r/AskReddit/comments/15r8rz/reddit_what_excites_you_about_2013/,2013-01-01 03:17:11+00:00
15r8r8,"Redditors who have been stranded anywhere, be it an island or in a forest, how long were you stranded for? How did you survive?",0,/r/AskReddit/comments/15r8r8/redditors_who_have_been_stranded_anywhere_be_it/,2013-01-01 03:16:45+00:00
15r8qv,"Regardless of the ""rules,"" how do you justify giving an upvote or a downvote?",0,/r/AskReddit/comments/15r8qv/regardless_of_the_rules_how_do_you_justify_giving/,2013-01-01 03:16:30+00:00
15r8qg,The thrill is gone Reddit. How do I inject some excitement into my masturbation life?,0,/r/AskReddit/comments/15r8qg/the_thrill_is_gone_reddit_how_do_i_inject_some/,2013-01-01 03:16:19+00:00
15r8px,"Redditors, What is the most Gory thing you have ever seen in real life?",0,/r/AskReddit/comments/15r8px/redditors_what_is_the_most_gory_thing_you_have/,2013-01-01 03:15:57+00:00
15r8pn,"Reddit, what is your worst first kiss story?",0,/r/AskReddit/comments/15r8pn/reddit_what_is_your_worst_first_kiss_story/,2013-01-01 03:15:42+00:00
15r8ov,"What happened when you said to your significant other ""I love you"" for the first time, Reddit?",0,/r/AskReddit/comments/15r8ov/what_happened_when_you_said_to_your_significant/,2013-01-01 03:15:07+00:00
15r8oi,"If you could have one material possession, regardless of availability or price, what would it be?",0,/r/AskReddit/comments/15r8oi/if_you_could_have_one_material_possession/,2013-01-01 03:14:52+00:00
15r8of,"Reddit what is a good advice to give my 11 Years old, ""know it all"" twin brothers?",0,/r/AskReddit/comments/15r8of/reddit_what_is_a_good_advice_to_give_my_11_years/,2013-01-01 03:14:44+00:00
15r8o4,Submitting The Women's Image Awards link ...why and wheres,0,/r/AskReddit/comments/15r8o4/submitting_the_womens_image_awards_link_why_and/,2013-01-01 03:14:24+00:00
15r8nh,What percentage of posts tonight will be deleted tomorrow morning?,0,/r/AskReddit/comments/15r8nh/what_percentage_of_posts_tonight_will_be_deleted/,2013-01-01 03:13:57+00:00
15r8n7,How hard is it to actually drop out of school and become a musician/artist/something of that respect?,0,/r/AskReddit/comments/15r8n7/how_hard_is_it_to_actually_drop_out_of_school_and/,2013-01-01 03:13:44+00:00
15r8n0,What is your New Year's resolution one-liner?,0,/r/AskReddit/comments/15r8n0/what_is_your_new_years_resolution_oneliner/,2013-01-01 03:13:36+00:00
15r8ma,"Ladies of Reddit, how do/would you feel about your SO giving you jewelry with synthetic (lab-created) gemstones as a birthday/anniversary/whatever gift?",2,/r/AskReddit/comments/15r8ma/ladies_of_reddit_how_dowould_you_feel_about_your/,2013-01-01 03:13:16+00:00
15r8ld,"Reddit, is there any artist (band, director, writer or musician) that you can honestly say saved your life?",1,/r/AskReddit/comments/15r8ld/reddit_is_there_any_artist_band_director_writer/,2013-01-01 03:12:54+00:00
15r8kb,"Who's hotter, Jennifer Aniston or Angelina Jolie?",0,/r/AskReddit/comments/15r8kb/whos_hotter_jennifer_aniston_or_angelina_jolie/,2013-01-01 03:12:12+00:00
15r8jy,$2.77 on a rebate card that expires tonight: what should I get?,1,/r/AskReddit/comments/15r8jy/277_on_a_rebate_card_that_expires_tonight_what/,2013-01-01 03:11:59+00:00
15r8jb,Hello reddit should i return to university?,1,/r/AskReddit/comments/15r8jb/hello_reddit_should_i_return_to_university/,2013-01-01 03:11:35+00:00
15r8iy,Who else is getting drunk alone tonight? What are you drinking?,1,/r/AskReddit/comments/15r8iy/who_else_is_getting_drunk_alone_tonight_what_are/,2013-01-01 03:11:24+00:00
15r8id,"Hey Reddit, Last minute request: What are the best 2013 calendars you've seen?",0,/r/AskReddit/comments/15r8id/hey_reddit_last_minute_request_what_are_the_best/,2013-01-01 03:11:04+00:00
15r8ic,how do i make a text link short,0,/r/AskReddit/comments/15r8ic/how_do_i_make_a_text_link_short/,2013-01-01 03:11:03+00:00
15r8h3,How will you change your life in 2013?,3,/r/AskReddit/comments/15r8h3/how_will_you_change_your_life_in_2013/,2013-01-01 03:09:52+00:00
15r8fx,"Reddit, What things do you want to do before you die?",14,/r/AskReddit/comments/15r8fx/reddit_what_things_do_you_want_to_do_before_you/,2013-01-01 03:08:59+00:00
15r8el,Anxious urination in certain situations - advice needed?,1,/r/AskReddit/comments/15r8el/anxious_urination_in_certain_situations_advice/,2013-01-01 03:08:10+00:00
15r8eg,What book or video game would you like made into a movie,9,/r/AskReddit/comments/15r8eg/what_book_or_video_game_would_you_like_made_into/,2013-01-01 03:08:03+00:00
15r8dk,"what does ""once-in-a-civilization mean?",1,/r/AskReddit/comments/15r8dk/what_does_onceinacivilization_mean/,2013-01-01 03:07:27+00:00
15r8ay,"If you could have sex with a dinosaur, which dino would you choose ?",1,/r/AskReddit/comments/15r8ay/if_you_could_have_sex_with_a_dinosaur_which_dino/,2013-01-01 03:05:33+00:00
15r8ai,"What is a certain idea, belief, or interest of yours that changed in 2012?",0,/r/AskReddit/comments/15r8ai/what_is_a_certain_idea_belief_or_interest_of/,2013-01-01 03:05:17+00:00
15r89k,Can you help me find something?,0,/r/AskReddit/comments/15r89k/can_you_help_me_find_something/,2013-01-01 03:04:29+00:00
15r89d,"Many of us have been the victims of bullying, but I think just as many of us have been the bully. Why were you the bully?",3,/r/AskReddit/comments/15r89d/many_of_us_have_been_the_victims_of_bullying_but/,2013-01-01 03:04:20+00:00
15r89a,"Old kickstarter campaign for a clear glass container for holding red wine after the bottle had been opened, anyone know?",0,/r/AskReddit/comments/15r89a/old_kickstarter_campaign_for_a_clear_glass/,2013-01-01 03:04:16+00:00
15r88k,"Reddit, sometimes things around me fall for no reason. Like a coat will fall off of the rack or a book off of a shelf. Is this normal? And if so, what causes it?",0,/r/AskReddit/comments/15r88k/reddit_sometimes_things_around_me_fall_for_no/,2013-01-01 03:03:38+00:00
15r87c,"Reddit, what are some things you wish you could receive closure from?",1,/r/AskReddit/comments/15r87c/reddit_what_are_some_things_you_wish_you_could/,2013-01-01 03:02:57+00:00
15r86u,"Hello Reddit, I'm working night shift alone at a hotel that has 2 people checked in. What are you doing alone on NYE, and where do you want to be?",1,/r/AskReddit/comments/15r86u/hello_reddit_im_working_night_shift_alone_at_a/,2013-01-01 03:02:38+00:00
15r86k,Help making friends in college?,0,/r/AskReddit/comments/15r86k/help_making_friends_in_college/,2013-01-01 03:02:24+00:00
15r86g,What do you think was the most amazing thing about 2012?,0,/r/AskReddit/comments/15r86g/what_do_you_think_was_the_most_amazing_thing/,2013-01-01 03:02:20+00:00
15r859,Why do people feel incredibly more lonely around the holidays?,0,/r/AskReddit/comments/15r859/why_do_people_feel_incredibly_more_lonely_around/,2013-01-01 03:01:29+00:00
15r84x,"Gun-owning Redditors, have you ever actually used your firearm to stop an armed criminal?",1,/r/AskReddit/comments/15r84x/gunowning_redditors_have_you_ever_actually_used/,2013-01-01 03:01:11+00:00
15r84e,What are your 2013 New Years resolutions?,0,/r/AskReddit/comments/15r84e/what_are_your_2013_new_years_resolutions/,2013-01-01 03:00:51+00:00
15r83x,Was 2012 a good year or a bad year for you?,1,/r/AskReddit/comments/15r83x/was_2012_a_good_year_or_a_bad_year_for_you/,2013-01-01 03:00:36+00:00
15r83t,"Redditors, have any of you actually slept with a friends parent? If so does your friend know?",2,/r/AskReddit/comments/15r83t/redditors_have_any_of_you_actually_slept_with_a/,2013-01-01 03:00:29+00:00
15r83k,What notable coincidences have you personally come across?,1,/r/AskReddit/comments/15r83k/what_notable_coincidences_have_you_personally/,2013-01-01 03:00:18+00:00
15r837,"If you could have sex with any video game figure, who would it be?",0,/r/AskReddit/comments/15r837/if_you_could_have_sex_with_any_video_game_figure/,2013-01-01 03:00:07+00:00
15r80d,"Reddit, what is the worst nickname you or a friend ever had?",2,/r/AskReddit/comments/15r80d/reddit_what_is_the_worst_nickname_you_or_a_friend/,2013-01-01 02:57:59+00:00
15r7z4,"Reddit, what's the first thing you do on New Year's day?",0,/r/AskReddit/comments/15r7z4/reddit_whats_the_first_thing_you_do_on_new_years/,2013-01-01 02:57:10+00:00
15r7yk,"Redditors of the world, how is New Year's Eve celebrated at your country?",0,/r/AskReddit/comments/15r7yk/redditors_of_the_world_how_is_new_years_eve/,2013-01-01 02:56:50+00:00
15r7yc,"What a year reddit! What would you say was your personal favorite/most despised moment, experience, or incident that happened to you this year.",1,/r/AskReddit/comments/15r7yc/what_a_year_reddit_what_would_you_say_was_your/,2013-01-01 02:56:42+00:00
15r7xp,"Reddit, what is your best Amazon purchase?",1,/r/AskReddit/comments/15r7xp/reddit_what_is_your_best_amazon_purchase/,2013-01-01 02:56:19+00:00
15r7xa,Umm... is 4chan trolling r/music?,1,/r/AskReddit/comments/15r7xa/umm_is_4chan_trolling_rmusic/,2013-01-01 02:56:02+00:00
15r7x5,What single accomplishment in 2012 are you most proud of?,2,/r/AskReddit/comments/15r7x5/what_single_accomplishment_in_2012_are_you_most/,2013-01-01 02:55:58+00:00
15r7x1,How many gigs of porn do you have on your hard drive(s)?,1,/r/AskReddit/comments/15r7x1/how_many_gigs_of_porn_do_you_have_on_your_hard/,2013-01-01 02:55:49+00:00
15r7wz,Guys of Reddit: Would you EVER hit a woman?,1,/r/AskReddit/comments/15r7wz/guys_of_reddit_would_you_ever_hit_a_woman/,2013-01-01 02:55:47+00:00
15r7wg,"I'm having twin boys, maybe tonight. What should I name them?",1,/r/AskReddit/comments/15r7wg/im_having_twin_boys_maybe_tonight_what_should_i/,2013-01-01 02:55:26+00:00
15r7wf,what subreddits help you at work?,0,/r/AskReddit/comments/15r7wf/what_subreddits_help_you_at_work/,2013-01-01 02:55:26+00:00
15r7vm,What is the most absurd category you've found on reddit?,2,/r/AskReddit/comments/15r7vm/what_is_the_most_absurd_category_youve_found_on/,2013-01-01 02:54:48+00:00
15r7v0,Whats the to do on New Years for a 20 year old?,1,/r/AskReddit/comments/15r7v0/whats_the_to_do_on_new_years_for_a_20_year_old/,2013-01-01 02:54:27+00:00
15r7uk,"In a few sentences, what's your best story that starts wild but really fizzles out quickly? I'll start: The cops were called to my apt...",2,/r/AskReddit/comments/15r7uk/in_a_few_sentences_whats_your_best_story_that/,2013-01-01 02:54:07+00:00
15r7ue,Has anyone here been able to repair their relationship after an infidelity?,0,/r/AskReddit/comments/15r7ue/has_anyone_here_been_able_to_repair_their/,2013-01-01 02:53:59+00:00
15r7sr,The movie Iron Man ruined Black Sabbath's song for me. Any commercials or movies ruin some of your favorite songs?,0,/r/AskReddit/comments/15r7sr/the_movie_iron_man_ruined_black_sabbaths_song_for/,2013-01-01 02:52:51+00:00
15r7r3,"Hey Reddit, do you guys have any before and after puberty pictures? Could you guys share?",1,/r/AskReddit/comments/15r7r3/hey_reddit_do_you_guys_have_any_before_and_after/,2013-01-01 02:51:43+00:00
15r7q8,How many Reddit accounts do you have?,1,/r/AskReddit/comments/15r7q8/how_many_reddit_accounts_do_you_have/,2013-01-01 02:51:13+00:00
15r7q7,When did you know you loved your significant other?,0,/r/AskReddit/comments/15r7q7/when_did_you_know_you_loved_your_significant_other/,2013-01-01 02:51:12+00:00
15r7q0,"If you could send a gift to your ""younger self"" through a time machine, what would you send?",5,/r/AskReddit/comments/15r7q0/if_you_could_send_a_gift_to_your_younger_self/,2013-01-01 02:51:08+00:00
15r7po,What is your best New Years Eve Story?,0,/r/AskReddit/comments/15r7po/what_is_your_best_new_years_eve_story/,2013-01-01 02:51:00+00:00
15r7oq,What time is it at your current location?,2,/r/AskReddit/comments/15r7oq/what_time_is_it_at_your_current_location/,2013-01-01 02:50:21+00:00
15r7o6,"Reddit, how have you influenced your family and friends in a positive way?",0,/r/AskReddit/comments/15r7o6/reddit_how_have_you_influenced_your_family_and/,2013-01-01 02:49:57+00:00
15r7o2,What is the most heroic thing you have ever done or witnessed?,3,/r/AskReddit/comments/15r7o2/what_is_the_most_heroic_thing_you_have_ever_done/,2013-01-01 02:49:52+00:00
15r7nq,"Pro-death penalty Redditors, what kind of crimes do you think deserve the death penalty?",0,/r/AskReddit/comments/15r7nq/prodeath_penalty_redditors_what_kind_of_crimes_do/,2013-01-01 02:49:42+00:00
15r7nj,"Redditors who have been or are in Times Square on New Year's Eve, is it all its cracked up to be?",0,/r/AskReddit/comments/15r7nj/redditors_who_have_been_or_are_in_times_square_on/,2013-01-01 02:49:39+00:00
15r7ng,"My New Years started off great apart from being punched in the side of the face, reddit how did your New Years go?",0,/r/AskReddit/comments/15r7ng/my_new_years_started_off_great_apart_from_being/,2013-01-01 02:49:38+00:00
15r7n0,What is the most creative apocalyptic scenario?,0,/r/AskReddit/comments/15r7n0/what_is_the_most_creative_apocalyptic_scenario/,2013-01-01 02:49:22+00:00
15r7kw,"Reddit my manager just sent me home on NYE, Story inside, Is there anything I can do?",0,/r/AskReddit/comments/15r7kw/reddit_my_manager_just_sent_me_home_on_nye_story/,2013-01-01 02:48:10+00:00
15r7ke,seagrams 7 recipes for girls that like fruity drinks?,0,/r/AskReddit/comments/15r7ke/seagrams_7_recipes_for_girls_that_like_fruity/,2013-01-01 02:47:46+00:00
15r7jx,"Honestly, how is your New Years Eve?",1,/r/AskReddit/comments/15r7jx/honestly_how_is_your_new_years_eve/,2013-01-01 02:47:27+00:00
15r7jq,"As a ninth grader, what can I do to get more involved in school?",0,/r/AskReddit/comments/15r7jq/as_a_ninth_grader_what_can_i_do_to_get_more/,2013-01-01 02:47:14+00:00
15r7jn,What is your view right now while you browse Reddit?,2,/r/AskReddit/comments/15r7jn/what_is_your_view_right_now_while_you_browse/,2013-01-01 02:47:11+00:00
15r7jm,Has anyone had a shoulder fusion? I had one in August and would love to talk to others who have had one...http://instagr.am/p/ROj7eHxIbg/,1,/r/AskReddit/comments/15r7jm/has_anyone_had_a_shoulder_fusion_i_had_one_in/,2013-01-01 02:47:10+00:00
15r7j2,What was your New Year resolution last year?,0,/r/AskReddit/comments/15r7j2/what_was_your_new_year_resolution_last_year/,2013-01-01 02:46:45+00:00
15r7hy,What's your most unregretful purchase of 2012?,0,/r/AskReddit/comments/15r7hy/whats_your_most_unregretful_purchase_of_2012/,2013-01-01 02:45:54+00:00
15r7hn,Users of Reddit. What is your New Years Resolution??,1,/r/AskReddit/comments/15r7hn/users_of_reddit_what_is_your_new_years_resolution/,2013-01-01 02:45:45+00:00
15r7ez,What is your favorite corny joke?,11,/r/AskReddit/comments/15r7ez/what_is_your_favorite_corny_joke/,2013-01-01 02:44:01+00:00
15r7c1,"Hey reddit, can someone explain eat potatoes &amp; love longer?",0,/r/AskReddit/comments/15r7c1/hey_reddit_can_someone_explain_eat_potatoes_love/,2013-01-01 02:42:23+00:00
15r7aj,How split the cost of wedding presents?,1,/r/AskReddit/comments/15r7aj/how_split_the_cost_of_wedding_presents/,2013-01-01 02:41:29+00:00
15r79r,Reddit if you have morals what exactly do they stand for?,0,/r/AskReddit/comments/15r79r/reddit_if_you_have_morals_what_exactly_do_they/,2013-01-01 02:41:03+00:00
15r770,"How do I force my husband to make friends? Should I just say ""either create a social life or we're going to break up""?",0,/r/AskReddit/comments/15r770/how_do_i_force_my_husband_to_make_friends_should/,2013-01-01 02:39:06+00:00
15r76d,"Reddit,what's that one thing you've been meaning to do but always put off or never get the chance to?",0,/r/AskReddit/comments/15r76d/redditwhats_that_one_thing_youve_been_meaning_to/,2013-01-01 02:38:44+00:00
15r75t,So what if your house was ACTUALLY going to burn down. What would you grab/do?,5,/r/AskReddit/comments/15r75t/so_what_if_your_house_was_actually_going_to_burn/,2013-01-01 02:38:19+00:00
15r75p,"Taxi Drivers of Reddit, what's the craziest thing that's happened to you on the job?",0,/r/AskReddit/comments/15r75p/taxi_drivers_of_reddit_whats_the_craziest_thing/,2013-01-01 02:38:16+00:00
15r71k,What would happen if the United States legalized Marijuana?,0,/r/AskReddit/comments/15r71k/what_would_happen_if_the_united_states_legalized/,2013-01-01 02:35:26+00:00
15r71c,Do you keep any mementos/trophies from tragic or traumatic life events? Why? What do they mean to you?,1,/r/AskReddit/comments/15r71c/do_you_keep_any_mementostrophies_from_tragic_or/,2013-01-01 02:35:19+00:00
15r70r,What's a best stream site to see the NY ball drop?,2,/r/AskReddit/comments/15r70r/whats_a_best_stream_site_to_see_the_ny_ball_drop/,2013-01-01 02:34:56+00:00
15r6zx,What are some New Years Resolutions that are just doomed to fail?,1,/r/AskReddit/comments/15r6zx/what_are_some_new_years_resolutions_that_are_just/,2013-01-01 02:34:22+00:00
15r6ym,Have you ever hooked up with somebody you met through Reddit? How did it go?,0,/r/AskReddit/comments/15r6ym/have_you_ever_hooked_up_with_somebody_you_met/,2013-01-01 02:33:32+00:00
15r6y8,"Reddit, I'm bored. Will you entertain me?",0,/r/AskReddit/comments/15r6y8/reddit_im_bored_will_you_entertain_me/,2013-01-01 02:33:13+00:00
15r6xx,Is reddit becoming a multi-account circle jerk?,0,/r/AskReddit/comments/15r6xx/is_reddit_becoming_a_multiaccount_circle_jerk/,2013-01-01 02:33:01+00:00
15r6v4,"Hey Reddit, what were your New Year's Resolutions for 2012 and did you achieve them?",0,/r/AskReddit/comments/15r6v4/hey_reddit_what_were_your_new_years_resolutions/,2013-01-01 02:31:02+00:00
15r6ul,What's your opinion on tattoos.,0,/r/AskReddit/comments/15r6ul/whats_your_opinion_on_tattoos/,2013-01-01 02:30:40+00:00
15r6te,What is the craziest New Year's Resolution that you've ever heard/made?,1,/r/AskReddit/comments/15r6te/what_is_the_craziest_new_years_resolution_that/,2013-01-01 02:29:53+00:00
15r6sz,"Whoever is staying in tonight with themselves, what do you plan on doing while everyone else is getting drunk and partying?",1,/r/AskReddit/comments/15r6sz/whoever_is_staying_in_tonight_with_themselves/,2013-01-01 02:29:37+00:00
15r6sx,What was your first time like? (Throwaways might be in order),0,/r/AskReddit/comments/15r6sx/what_was_your_first_time_like_throwaways_might_be/,2013-01-01 02:29:37+00:00
15r6sa,"If another animal had acquired self-awareness and intelligence like humans (before we had), what do you think their society would be like? What would the world be like?",15,/r/AskReddit/comments/15r6sa/if_another_animal_had_acquired_selfawareness_and/,2013-01-01 02:29:15+00:00
15r6rf,If you could have sex with a song anthropomorphized which song would it be?,1,/r/AskReddit/comments/15r6rf/if_you_could_have_sex_with_a_song/,2013-01-01 02:28:42+00:00
15r6r5,"So if you have to form a literal blood pact with someone, where is the best place to cut yourself with the knife?",1,/r/AskReddit/comments/15r6r5/so_if_you_have_to_form_a_literal_blood_pact_with/,2013-01-01 02:28:31+00:00
15r6oz,Clarification on DDosing please?,0,/r/AskReddit/comments/15r6oz/clarification_on_ddosing_please/,2013-01-01 02:27:07+00:00
15r6o0,"reddit: my wife and I are planning a trip to Europe in 2013, we want to stay in a Castle. Can you help us find one?",1,/r/AskReddit/comments/15r6o0/reddit_my_wife_and_i_are_planning_a_trip_to/,2013-01-01 02:26:27+00:00
15r6ny,Parents of Reddit. What advice do you have for us wannabe/gonnabe parents?,10,/r/AskReddit/comments/15r6ny/parents_of_reddit_what_advice_do_you_have_for_us/,2013-01-01 02:26:26+00:00
15r6np,"I'm an idiot: How do I move a Printer from ""Devices"" to ""Printers and Faxes""",1,/r/AskReddit/comments/15r6np/im_an_idiot_how_do_i_move_a_printer_from_devices/,2013-01-01 02:26:15+00:00
15r6nn,"What was your minor in college? Did it ever pay off, or were those just wasted credits?",0,/r/AskReddit/comments/15r6nn/what_was_your_minor_in_college_did_it_ever_pay/,2013-01-01 02:26:13+00:00
15r6lw,"Hey Reddit, what are some issues you face in your day-to-day life that you would pay for a solution to?",16,/r/AskReddit/comments/15r6lw/hey_reddit_what_are_some_issues_you_face_in_your/,2013-01-01 02:25:06+00:00
15r6lj,What is the best thing you have bought on Amazon for $100 or less?,0,/r/AskReddit/comments/15r6lj/what_is_the_best_thing_you_have_bought_on_amazon/,2013-01-01 02:24:47+00:00
15r6l8,What is your favorite hairstyle/haircut for the opposite sex?,0,/r/AskReddit/comments/15r6l8/what_is_your_favorite_hairstylehaircut_for_the/,2013-01-01 02:24:38+00:00
15r6l2,Hey Reddit! How about this as a 27 y/o guys first tattoo?,0,/r/AskReddit/comments/15r6l2/hey_reddit_how_about_this_as_a_27_yo_guys_first/,2013-01-01 02:24:34+00:00
15r6kn,"What is the hardest hypothetical ""would you rather..."" choice you have had to make?",0,/r/AskReddit/comments/15r6kn/what_is_the_hardest_hypothetical_would_you_rather/,2013-01-01 02:24:20+00:00
15r6k1,"In a horrible mood , but wanna have fun this NYE. Can someone please help cheer me up?",0,/r/AskReddit/comments/15r6k1/in_a_horrible_mood_but_wanna_have_fun_this_nye/,2013-01-01 02:24:02+00:00
15r6je,Reddit: At what age should someone be to have their own cell phone? What are your thoughts about this mother's list of rules?,42,/r/AskReddit/comments/15r6je/reddit_at_what_age_should_someone_be_to_have/,2013-01-01 02:23:43+00:00
15r6j8,"GF on BFs account here. Please tell my BF how to properly wear a condom so that cum doesn't leak out the bottom, because apparently he hasn't learned his lesson even after the 3re morning after pill..",0,/r/AskReddit/comments/15r6j8/gf_on_bfs_account_here_please_tell_my_bf_how_to/,2013-01-01 02:23:37+00:00
15r6hw,What has happened that no one would believe if you told them?,0,/r/AskReddit/comments/15r6hw/what_has_happened_that_no_one_would_believe_if/,2013-01-01 02:22:59+00:00
15r6ht,Why do americans eat salad before meals?,0,/r/AskReddit/comments/15r6ht/why_do_americans_eat_salad_before_meals/,2013-01-01 02:22:56+00:00
15r6h8,"Reddit, what OCD things do you do during your day?",2,/r/AskReddit/comments/15r6h8/reddit_what_ocd_things_do_you_do_during_your_day/,2013-01-01 02:22:32+00:00
15r6gl,Are there any tv-shows featuring people born in the 1975-1980 range and focusing on coming of age type issues?,1,/r/AskReddit/comments/15r6gl/are_there_any_tvshows_featuring_people_born_in/,2013-01-01 02:22:09+00:00
15r6ga,What is the best way to stop my asshole from burning after eating spicy food and taking a shit?,0,/r/AskReddit/comments/15r6ga/what_is_the_best_way_to_stop_my_asshole_from/,2013-01-01 02:21:53+00:00
15r6f8,What's your resolution for 2013?,0,/r/AskReddit/comments/15r6f8/whats_your_resolution_for_2013/,2013-01-01 02:21:24+00:00
15r6et,Reddit...what would you do to sell yourself as Jesus in 2013?,1,/r/AskReddit/comments/15r6et/redditwhat_would_you_do_to_sell_yourself_as_jesus/,2013-01-01 02:21:09+00:00
15r6ea,What's your worst experience in driving a vehicle?,1,/r/AskReddit/comments/15r6ea/whats_your_worst_experience_in_driving_a_vehicle/,2013-01-01 02:20:51+00:00
15r6dn,What's the funniest clean joke you've heard?,1662,/r/AskReddit/comments/15r6dn/whats_the_funniest_clean_joke_youve_heard/,2013-01-01 02:20:32+00:00
15r6dh,"Dear Reddit, if you were a super-hero/villain, and it was reflective on your personality, what would your name, origin, and powers be?",1,/r/AskReddit/comments/15r6dh/dear_reddit_if_you_were_a_superherovillain_and_it/,2013-01-01 02:20:20+00:00
15r6db,Has anyone used a craigslist ad for a hookup? How was that experience?,0,/r/AskReddit/comments/15r6db/has_anyone_used_a_craigslist_ad_for_a_hookup_how/,2013-01-01 02:20:15+00:00
15r6da,Happy New Year's Day from the UK! What's your New Years resolution?,1,/r/AskReddit/comments/15r6da/happy_new_years_day_from_the_uk_whats_your_new/,2013-01-01 02:20:13+00:00
15r6cx,Just saw the staff at Chipotle give a homeless person free food and say Happy New Year. What random act of kindness have you witnessed?,1,/r/AskReddit/comments/15r6cx/just_saw_the_staff_at_chipotle_give_a_homeless/,2013-01-01 02:19:58+00:00
15r6bt,what kind of job/career is good for someone that knows how to piss off just about anyone?,0,/r/AskReddit/comments/15r6bt/what_kind_of_jobcareer_is_good_for_someone_that/,2013-01-01 02:19:15+00:00
15r6b5,What are the reasons you downvote something?,0,/r/AskReddit/comments/15r6b5/what_are_the_reasons_you_downvote_something/,2013-01-01 02:18:47+00:00
15r6ay,Why do we celebrate new years on January 1st?,0,/r/AskReddit/comments/15r6ay/why_do_we_celebrate_new_years_on_january_1st/,2013-01-01 02:18:38+00:00
15r6as,does anybody ever feel worried that we live in such an unstable universe that we don't know much about and that the slightest even could wipe us out?,0,/r/AskReddit/comments/15r6as/does_anybody_ever_feel_worried_that_we_live_in/,2013-01-01 02:18:35+00:00
15r6ap,"Today (New years eve) I almost Died. If you were close to dying once, What did you think about? Were you Scared?",0,/r/AskReddit/comments/15r6ap/today_new_years_eve_i_almost_died_if_you_were/,2013-01-01 02:18:31+00:00
15r69m,"Reddit, What is one thing you wont miss about 2012?",2,/r/AskReddit/comments/15r69m/reddit_what_is_one_thing_you_wont_miss_about_2012/,2013-01-01 02:17:56+00:00
15r69d,"Reddit, is there any possible wat of increasing iq? If so, how can it be done?",0,/r/AskReddit/comments/15r69d/reddit_is_there_any_possible_wat_of_increasing_iq/,2013-01-01 02:17:46+00:00
15r69b,"Bartenders of Reddit, what is the craziest thing you have seen on New Years?",0,/r/AskReddit/comments/15r69b/bartenders_of_reddit_what_is_the_craziest_thing/,2013-01-01 02:17:44+00:00
15r697,Do you believe in the paranormal? Why or why not?,0,/r/AskReddit/comments/15r697/do_you_believe_in_the_paranormal_why_or_why_not/,2013-01-01 02:17:38+00:00
15r68m,who's the one that got away? are you over her?,8,/r/AskReddit/comments/15r68m/whos_the_one_that_got_away_are_you_over_her/,2013-01-01 02:17:10+00:00
15r68d,What is the strangest book you've ever read?,0,/r/AskReddit/comments/15r68d/what_is_the_strangest_book_youve_ever_read/,2013-01-01 02:17:02+00:00
15r68a,"What do you consider a ""Bestfriend""?",0,/r/AskReddit/comments/15r68a/what_do_you_consider_a_bestfriend/,2013-01-01 02:16:57+00:00
15r67p,Anyone else self-conscience about their amount of jizz?,1,/r/AskReddit/comments/15r67p/anyone_else_selfconscience_about_their_amount_of/,2013-01-01 02:16:41+00:00
15r66u,What are the prompts for the Pitzer Undergraduate application?,0,/r/AskReddit/comments/15r66u/what_are_the_prompts_for_the_pitzer_undergraduate/,2013-01-01 02:16:11+00:00
15r66j,How does that makeout session occur?,0,/r/AskReddit/comments/15r66j/how_does_that_makeout_session_occur/,2013-01-01 02:16:04+00:00
15r66a,Do you ever get a feeling out of no where of pure euphoria and you feel like super confident and awesome?,1,/r/AskReddit/comments/15r66a/do_you_ever_get_a_feeling_out_of_no_where_of_pure/,2013-01-01 02:16:01+00:00
15r65w,What did you do with your time before you discovered Reddit?,0,/r/AskReddit/comments/15r65w/what_did_you_do_with_your_time_before_you/,2013-01-01 02:15:48+00:00
15r659,Which celebrity that you previously disliked recently redeemed themselves for you?,1,/r/AskReddit/comments/15r659/which_celebrity_that_you_previously_disliked/,2013-01-01 02:15:22+00:00
15r657,"Reddit, after about 9pm on the reg, my boyfriend shuts down and won't have sex cause he's too tired. Is this normal? Wouldn't you forsake sleep to get some pussy?",0,/r/AskReddit/comments/15r657/reddit_after_about_9pm_on_the_reg_my_boyfriend/,2013-01-01 02:15:19+00:00
15r650,"Evil Masterminds of Reddit, how did your dastardly scheme go awry and what would you do differently next time?",0,/r/AskReddit/comments/15r650/evil_masterminds_of_reddit_how_did_your_dastardly/,2013-01-01 02:15:14+00:00
15r64t,Is there any redditors who use the drug Adderall ?,1,/r/AskReddit/comments/15r64t/is_there_any_redditors_who_use_the_drug_adderall/,2013-01-01 02:15:10+00:00
15r634,What was the last thing that truly made you laugh in 2012?,1,/r/AskReddit/comments/15r634/what_was_the_last_thing_that_truly_made_you_laugh/,2013-01-01 02:14:00+00:00
15r624,what's the worst porn fetish you can come up with?,0,/r/AskReddit/comments/15r624/whats_the_worst_porn_fetish_you_can_come_up_with/,2013-01-01 02:13:25+00:00
15r5wv,What is the worst thing you have ever done?,0,/r/AskReddit/comments/15r5wv/what_is_the_worst_thing_you_have_ever_done/,2013-01-01 02:10:15+00:00
15r5wq,Reddit I have a problem with a prank caller I can you help me get the ultamite revenge?,0,/r/AskReddit/comments/15r5wq/reddit_i_have_a_problem_with_a_prank_caller_i_can/,2013-01-01 02:10:14+00:00
15r5wf,If you could influence (or witness) any event in history what would it be?,0,/r/AskReddit/comments/15r5wf/if_you_could_influence_or_witness_any_event_in/,2013-01-01 02:09:59+00:00
15r5vc,"If you could have any particular skill, what would you choose?",3,/r/AskReddit/comments/15r5vc/if_you_could_have_any_particular_skill_what_would/,2013-01-01 02:09:20+00:00
15r5uy,What is the best thing you've bought from amazon for $100 or less.,1,/r/AskReddit/comments/15r5uy/what_is_the_best_thing_youve_bought_from_amazon/,2013-01-01 02:09:07+00:00
15r5uu,How do I manage my time better?,0,/r/AskReddit/comments/15r5uu/how_do_i_manage_my_time_better/,2013-01-01 02:09:03+00:00
15r5us,Hi Reddit. Why are you alone this New Year's?,5,/r/AskReddit/comments/15r5us/hi_reddit_why_are_you_alone_this_new_years/,2013-01-01 02:09:00+00:00
15r5tx,Reddit.....have you ever contacted a friend from elementary school? Maybe an old flame. How did it turn out?,1,/r/AskReddit/comments/15r5tx/reddithave_you_ever_contacted_a_friend_from/,2013-01-01 02:08:30+00:00
15r5o2,Whats the most valuable item in your house?,1,/r/AskReddit/comments/15r5o2/whats_the_most_valuable_item_in_your_house/,2013-01-01 02:05:16+00:00
15r5nn,Should indigenous peoples be allowed to hunt endangered species in their native area?,3,/r/AskReddit/comments/15r5nn/should_indigenous_peoples_be_allowed_to_hunt/,2013-01-01 02:04:56+00:00
15r5n8,What do you all think about WikiLeaks?,0,/r/AskReddit/comments/15r5n8/what_do_you_all_think_about_wikileaks/,2013-01-01 02:04:34+00:00
15r5lk,What differences (if any) would there be in the structure of a government and military for a nation with a population of upwards of a trillion people?,0,/r/AskReddit/comments/15r5lk/what_differences_if_any_would_there_be_in_the/,2013-01-01 02:03:34+00:00
15r5ku,"You must fight a three headed dragon, with each head possessing a different trait. Do you attack the wise, the cunning, or the devious one first, and why?",0,/r/AskReddit/comments/15r5ku/you_must_fight_a_three_headed_dragon_with_each/,2013-01-01 02:02:54+00:00
15r5jl,What is your favorite purchase of 2012?,2,/r/AskReddit/comments/15r5jl/what_is_your_favorite_purchase_of_2012/,2013-01-01 02:02:13+00:00
15r5ik,Do your parents have extremely different (genetically-influenced) appearances? How did you end up? Photos encouraged,0,/r/AskReddit/comments/15r5ik/do_your_parents_have_extremely_different/,2013-01-01 02:01:44+00:00
15r5h9,"What are some of the made up games you play with your kids (doesn't matter how stupid they seem)? Or, what was your favorite made up game you played when you were a kid?",1,/r/AskReddit/comments/15r5h9/what_are_some_of_the_made_up_games_you_play_with/,2013-01-01 02:00:54+00:00
15r5gf,I think my boyfriend followed through. How do I broach the issue?,0,/r/AskReddit/comments/15r5gf/i_think_my_boyfriend_followed_through_how_do_i/,2013-01-01 02:00:28+00:00
15r5ge,"This question has been plaguing me for as long as I can remember: When you bathe, how thoroughly do you clean you're asshole, if at all?",2,/r/AskReddit/comments/15r5ge/this_question_has_been_plaguing_me_for_as_long_as/,2013-01-01 02:00:27+00:00
15r5ez,What are some things you consistently do incorrectly or consistently misunderstand?,11,/r/AskReddit/comments/15r5ez/what_are_some_things_you_consistently_do/,2013-01-01 01:59:27+00:00
15r5eg,"Oil field workers of Reddit, in your opinion, is fracking good or bad and why?",3,/r/AskReddit/comments/15r5eg/oil_field_workers_of_reddit_in_your_opinion_is/,2013-01-01 01:59:03+00:00
15r5e7,"If laser guns were to become real, such as those in star wars, what color would the laser be? Red, white, green? Why?",0,/r/AskReddit/comments/15r5e7/if_laser_guns_were_to_become_real_such_as_those/,2013-01-01 01:58:44+00:00
15r5dt,"Reddit, When did you start feeling old, or like a grown up",1,/r/AskReddit/comments/15r5dt/reddit_when_did_you_start_feeling_old_or_like_a/,2013-01-01 01:58:26+00:00
15r5cy,What is your favorite part of 2012?,0,/r/AskReddit/comments/15r5cy/what_is_your_favorite_part_of_2012/,2013-01-01 01:57:58+00:00
15r5co,"How much money would it take to buy every account on Reddit, Reddit gold?",10,/r/AskReddit/comments/15r5co/how_much_money_would_it_take_to_buy_every_account/,2013-01-01 01:57:50+00:00
15r5bw,What is the weirdest thing you have ever seen going on in another car while driving?,2,/r/AskReddit/comments/15r5bw/what_is_the_weirdest_thing_you_have_ever_seen/,2013-01-01 01:57:12+00:00
15r5bn,"Ladies, what do you think of male nose piercings?",0,/r/AskReddit/comments/15r5bn/ladies_what_do_you_think_of_male_nose_piercings/,2013-01-01 01:57:04+00:00
15r5aq,How can some people jump out of one relationship and right into another?,3,/r/AskReddit/comments/15r5aq/how_can_some_people_jump_out_of_one_relationship/,2013-01-01 01:56:26+00:00
15r59r,"If the everyone in the World was blind for a day, how would you spend that day?",0,/r/AskReddit/comments/15r59r/if_the_everyone_in_the_world_was_blind_for_a_day/,2013-01-01 01:55:47+00:00
15r59o,How do I tell my mom that I'm going to be a dad?,4,/r/AskReddit/comments/15r59o/how_do_i_tell_my_mom_that_im_going_to_be_a_dad/,2013-01-01 01:55:44+00:00
15r58j,"If Facebook added a ""Don't Like"" click spot tomorrow, how would Facebook change in 2013? Would you use it and downvote friends and family?",0,/r/AskReddit/comments/15r58j/if_facebook_added_a_dont_like_click_spot_tomorrow/,2013-01-01 01:55:10+00:00
15r575,"Hey Reddit, have any of you ever actually fulfilled your new years' resolution? How did it turn out? What kept you going?",1,/r/AskReddit/comments/15r575/hey_reddit_have_any_of_you_ever_actually/,2013-01-01 01:54:03+00:00
15r54l,Who do you think is the most underrated character in a tv show or film ?,6,/r/AskReddit/comments/15r54l/who_do_you_think_is_the_most_underrated_character/,2013-01-01 01:52:44+00:00
15r539,"Reddit, what is your biggest regret and why?",15,/r/AskReddit/comments/15r539/reddit_what_is_your_biggest_regret_and_why/,2013-01-01 01:51:57+00:00
15r52u,What are your best New Years stories?,2,/r/AskReddit/comments/15r52u/what_are_your_best_new_years_stories/,2013-01-01 01:51:42+00:00
15r52p,In what way(s) are you superstitious?,1,/r/AskReddit/comments/15r52p/in_what_ways_are_you_superstitious/,2013-01-01 01:51:37+00:00
15r50w,What are some essential things know during a medical emergency,2,/r/AskReddit/comments/15r50w/what_are_some_essential_things_know_during_a/,2013-01-01 01:50:29+00:00
15r4zu,What would you do if your parents found your fake ID?,0,/r/AskReddit/comments/15r4zu/what_would_you_do_if_your_parents_found_your_fake/,2013-01-01 01:49:48+00:00
15r4z9,How do you think the internet will be like in 40 years?,1,/r/AskReddit/comments/15r4z9/how_do_you_think_the_internet_will_be_like_in_40/,2013-01-01 01:49:24+00:00
15r4ya,What's a bad habit of yours that you have no intention of quitting?,15,/r/AskReddit/comments/15r4ya/whats_a_bad_habit_of_yours_that_you_have_no/,2013-01-01 01:48:47+00:00
15r4xn,Why are there so many damn racists on Reddit now?,0,/r/AskReddit/comments/15r4xn/why_are_there_so_many_damn_racists_on_reddit_now/,2013-01-01 01:48:22+00:00
15r4x5,What life tips have you picked up from non-informational movies and TV shows that have happened to become very useful?,2,/r/AskReddit/comments/15r4x5/what_life_tips_have_you_picked_up_from/,2013-01-01 01:48:11+00:00
15r4wy,How small would a dick have to be to not rupture a hymen?,0,/r/AskReddit/comments/15r4wy/how_small_would_a_dick_have_to_be_to_not_rupture/,2013-01-01 01:48:07+00:00
15r4uk,Does sex feel as good after having a child? Or does it feel worse because you pussy is stretched?,0,/r/AskReddit/comments/15r4uk/does_sex_feel_as_good_after_having_a_child_or/,2013-01-01 01:46:41+00:00
15r4si,"What is something that has happened to you that was so amazing, if you told the story no one would believe you?",0,/r/AskReddit/comments/15r4si/what_is_something_that_has_happened_to_you_that/,2013-01-01 01:45:47+00:00
15r4rr,What is something positive about the United States?,699,/r/AskReddit/comments/15r4rr/what_is_something_positive_about_the_united_states/,2013-01-01 01:45:23+00:00
15r4qg,"Girls of reddit, if you use a toilet at a guys house and the seat is up, do you put it back up after you use it?",0,/r/AskReddit/comments/15r4qg/girls_of_reddit_if_you_use_a_toilet_at_a_guys/,2013-01-01 01:44:34+00:00
15r4ps,What are you most looking forward to in 2013?,0,/r/AskReddit/comments/15r4ps/what_are_you_most_looking_forward_to_in_2013/,2013-01-01 01:44:15+00:00
15r4pk,What is the oddest talent your kid has?,0,/r/AskReddit/comments/15r4pk/what_is_the_oddest_talent_your_kid_has/,2013-01-01 01:44:09+00:00
15r4pd,What is the most SFW story you can tell by using NSFW gifs?,0,/r/AskReddit/comments/15r4pd/what_is_the_most_sfw_story_you_can_tell_by_using/,2013-01-01 01:44:03+00:00
15r4oz,Parents of Reddit - What lies do you tell your children to avoid doing things you don't want to?,0,/r/AskReddit/comments/15r4oz/parents_of_reddit_what_lies_do_you_tell_your/,2013-01-01 01:43:50+00:00
15r4on,My brother is having these symptoms and I just want to ask reddit what it might be...,1,/r/AskReddit/comments/15r4on/my_brother_is_having_these_symptoms_and_i_just/,2013-01-01 01:43:36+00:00
15r4nb,"Reddit, what phase/word, when used incorectly, turns you into an outright grammar Nazi?",7,/r/AskReddit/comments/15r4nb/reddit_what_phaseword_when_used_incorectly_turns/,2013-01-01 01:42:49+00:00
15r4mv,"Reddit, what was your first time having sex like, what did you do and what should I know? NSFW",8,/r/AskReddit/comments/15r4mv/reddit_what_was_your_first_time_having_sex_like/,2013-01-01 01:42:33+00:00
15r4mq,What is your best holiday memory?,1,/r/AskReddit/comments/15r4mq/what_is_your_best_holiday_memory/,2013-01-01 01:42:28+00:00
15r4mi,What was your biggest achievement in 2012?,6,/r/AskReddit/comments/15r4mi/what_was_your_biggest_achievement_in_2012/,2013-01-01 01:42:23+00:00
15r4lj,"""Don't you dare sit next to me."" As an introvert stuck at a NYE party, what exacts thoughts have you caught yourself thinking tonight?",0,/r/AskReddit/comments/15r4lj/dont_you_dare_sit_next_to_me_as_an_introvert/,2013-01-01 01:41:49+00:00
15r4lg,"Reddit, what's your favorite Anti-Joke?",0,/r/AskReddit/comments/15r4lg/reddit_whats_your_favorite_antijoke/,2013-01-01 01:41:46+00:00
15r4l7,Can you guys think of any household items containing metal gauze???,0,/r/AskReddit/comments/15r4l7/can_you_guys_think_of_any_household_items/,2013-01-01 01:41:33+00:00
15r4l0,Reddit what cell phone have you owned that you consider to be your favorite.,6,/r/AskReddit/comments/15r4l0/reddit_what_cell_phone_have_you_owned_that_you/,2013-01-01 01:41:27+00:00
15r4k1,What were the three most unexpected things that happened in your life in 2012?,1,/r/AskReddit/comments/15r4k1/what_were_the_three_most_unexpected_things_that/,2013-01-01 01:40:46+00:00
15r4jh,"Redditors who are going out tonight, can you post a picture of you in your ""going out outfit""?",1,/r/AskReddit/comments/15r4jh/redditors_who_are_going_out_tonight_can_you_post/,2013-01-01 01:40:26+00:00
15r4jc,What song plays in your head during your fantasies?,1,/r/AskReddit/comments/15r4jc/what_song_plays_in_your_head_during_your_fantasies/,2013-01-01 01:40:22+00:00
15r4in,What are some good conversation starters you use at parties where you don't know very many people?,1,/r/AskReddit/comments/15r4in/what_are_some_good_conversation_starters_you_use/,2013-01-01 01:39:52+00:00
15r4hj,What would you do if you had chance to make a phone call to the past or future and talk to anyone in existence. Who would it be and why?,11,/r/AskReddit/comments/15r4hj/what_would_you_do_if_you_had_chance_to_make_a/,2013-01-01 01:39:13+00:00
15r4hd,Current and past U.S. military veterans...What happens to conscientious objectors?,4,/r/AskReddit/comments/15r4hd/current_and_past_us_military_veteranswhat_happens/,2013-01-01 01:39:11+00:00
15r4hb,What are some things you do with food that other people think are weird?,23,/r/AskReddit/comments/15r4hb/what_are_some_things_you_do_with_food_that_other/,2013-01-01 01:39:10+00:00
15r4gt,"If your 2012 could be described by a song, what would it be?",1,/r/AskReddit/comments/15r4gt/if_your_2012_could_be_described_by_a_song_what/,2013-01-01 01:38:56+00:00
15r4gp,"Parents of Reddit, what are some things you have caught your kids doing without them being aware of you?",0,/r/AskReddit/comments/15r4gp/parents_of_reddit_what_are_some_things_you_have/,2013-01-01 01:38:51+00:00
15r4gi,"If you had 1 million dollars and could only buy one thing with it, what would you buy?",3,/r/AskReddit/comments/15r4gi/if_you_had_1_million_dollars_and_could_only_buy/,2013-01-01 01:38:45+00:00
15r4gh,"Redditors, what have been your craziest/weirdest New Year's celebration/party experiences?",2,/r/AskReddit/comments/15r4gh/redditors_what_have_been_your_craziestweirdest/,2013-01-01 01:38:45+00:00
15r4g7,Who successfully completed their 2012 New Years resolution and what was it?,3,/r/AskReddit/comments/15r4g7/who_successfully_completed_their_2012_new_years/,2013-01-01 01:38:37+00:00
15r4fz,"Reddit, what's the worst airport/travel story you have?",4,/r/AskReddit/comments/15r4fz/reddit_whats_the_worst_airporttravel_story_you/,2013-01-01 01:38:35+00:00
15r4fe,Why is there such a large amount of social pressure to be going out with friends every night?,0,/r/AskReddit/comments/15r4fe/why_is_there_such_a_large_amount_of_social/,2013-01-01 01:38:25+00:00
15r4ef,If your life was a film what song would play over the end credits?,3,/r/AskReddit/comments/15r4ef/if_your_life_was_a_film_what_song_would_play_over/,2013-01-01 01:37:56+00:00
15r4eg,"If karma is a bitch, then why do we use karmas on reddit?",0,/r/AskReddit/comments/15r4eg/if_karma_is_a_bitch_then_why_do_we_use_karmas_on/,2013-01-01 01:37:56+00:00
15r4co,"Reddit, who do you think is the most misunderstood person or group on earth today?",20,/r/AskReddit/comments/15r4co/reddit_who_do_you_think_is_the_most_misunderstood/,2013-01-01 01:36:53+00:00
15r4cl,"Does unnatural colored hair (pink, blue, etc) really give off a bad image to the general public?",3,/r/AskReddit/comments/15r4cl/does_unnatural_colored_hair_pink_blue_etc_really/,2013-01-01 01:36:52+00:00
15r4c4,How do you know you are marrying the right person?,2,/r/AskReddit/comments/15r4c4/how_do_you_know_you_are_marrying_the_right_person/,2013-01-01 01:36:40+00:00
15r4bq,Why do people shoot guns in the air to ring in the new years?,0,/r/AskReddit/comments/15r4bq/why_do_people_shoot_guns_in_the_air_to_ring_in/,2013-01-01 01:36:29+00:00
15r4b9,Martial Artists of Reddit: What are some good basic takedowns/techniques that a normal person can learn to prevent potentially life threatening situations.,1,/r/AskReddit/comments/15r4b9/martial_artists_of_reddit_what_are_some_good/,2013-01-01 01:36:11+00:00
15r4ap,Reddit why are you alone on New Years?,7,/r/AskReddit/comments/15r4ap/reddit_why_are_you_alone_on_new_years/,2013-01-01 01:35:53+00:00
15r49z,"I know a lot of members of anonymous were arrested, but were any proven guilty, and if so what punishment are they serving?",2,/r/AskReddit/comments/15r49z/i_know_a_lot_of_members_of_anonymous_were/,2013-01-01 01:35:30+00:00
15r49p,"Reddit, what's something unusual that you like about your country of residence/origin?",8,/r/AskReddit/comments/15r49p/reddit_whats_something_unusual_that_you_like/,2013-01-01 01:35:18+00:00
15r49l,My friend was refused into a club because his ID showed he was diabetic. Is this right? (UK),1,/r/AskReddit/comments/15r49l/my_friend_was_refused_into_a_club_because_his_id/,2013-01-01 01:35:16+00:00
15r49b,"Parents of Reddit what's your best""kids say the darnedest things""moment?",4,/r/AskReddit/comments/15r49b/parents_of_reddit_whats_your_bestkids_say_the/,2013-01-01 01:35:11+00:00
15r493,What is the harshest practical joke you have played on someone?,7,/r/AskReddit/comments/15r493/what_is_the_harshest_practical_joke_you_have/,2013-01-01 01:35:02+00:00
15r490,What are some key things that make a dating relationship last?,1,/r/AskReddit/comments/15r490/what_are_some_key_things_that_make_a_dating/,2013-01-01 01:34:55+00:00
15r47o,"Reddit, is it racist to not find certain races attractive?",2,/r/AskReddit/comments/15r47o/reddit_is_it_racist_to_not_find_certain_races/,2013-01-01 01:34:12+00:00
15r46o,What memory would you use to help you cast the patronus charm?,0,/r/AskReddit/comments/15r46o/what_memory_would_you_use_to_help_you_cast_the/,2013-01-01 01:33:36+00:00
15r429,Trying to get my wife back into what she used to be into (prob nsfw)?,0,/r/AskReddit/comments/15r429/trying_to_get_my_wife_back_into_what_she_used_to/,2013-01-01 01:31:08+00:00
15r41b,Any good (free) programs for OSX that embed subtitles?,0,/r/AskReddit/comments/15r41b/any_good_free_programs_for_osx_that_embed/,2013-01-01 01:30:30+00:00
15r411,What is the scariest shit that has gone down in your town?,9,/r/AskReddit/comments/15r411/what_is_the_scariest_shit_that_has_gone_down_in/,2013-01-01 01:30:22+00:00
15r40w,My buddy is finishing up a one year resolution to go pornless. In 3 hours he will watch his first porn in a year. What video should be his first?,1,/r/AskReddit/comments/15r40w/my_buddy_is_finishing_up_a_one_year_resolution_to/,2013-01-01 01:30:20+00:00
15r40u,"Redditors who are going out tonight, post a picture of you in your outfit",1,/r/AskReddit/comments/15r40u/redditors_who_are_going_out_tonight_post_a/,2013-01-01 01:30:18+00:00
15r3zw,"Reddit,what's your New Years resolution?",0,/r/AskReddit/comments/15r3zw/redditwhats_your_new_years_resolution/,2013-01-01 01:29:47+00:00
15r3wg,How do I convince tech support I'm not an idiot?,8,/r/AskReddit/comments/15r3wg/how_do_i_convince_tech_support_im_not_an_idiot/,2013-01-01 01:27:58+00:00
15r3vs,What are some fun things to do on New Year's Eve with just my girlfriend and I?,2,/r/AskReddit/comments/15r3vs/what_are_some_fun_things_to_do_on_new_years_eve/,2013-01-01 01:27:36+00:00
15r3vo,"Parents of Reddit, what have you caught your kids doing without them noticing you?",1,/r/AskReddit/comments/15r3vo/parents_of_reddit_what_have_you_caught_your_kids/,2013-01-01 01:27:34+00:00
15r3tc,What would you like to happen to you on Reddit?,0,/r/AskReddit/comments/15r3tc/what_would_you_like_to_happen_to_you_on_reddit/,2013-01-01 01:26:19+00:00
15r3t5,Bill Murray just bought our whole corner of the bar some tater tots. What strange things have you actually seen celebrities do?,0,/r/AskReddit/comments/15r3t5/bill_murray_just_bought_our_whole_corner_of_the/,2013-01-01 01:26:14+00:00
15r3rl,What is the best drunk driving PSA?,0,/r/AskReddit/comments/15r3rl/what_is_the_best_drunk_driving_psa/,2013-01-01 01:25:34+00:00
15r3rb,Why don't most flatliners or people with near-death experiences remember crazy hallucinations?,0,/r/AskReddit/comments/15r3rb/why_dont_most_flatliners_or_people_with_neardeath/,2013-01-01 01:25:20+00:00
15r3qh,Have you personally met someone famous before the fame or do you think anyone you know now has potential for future fame?,1,/r/AskReddit/comments/15r3qh/have_you_personally_met_someone_famous_before_the/,2013-01-01 01:24:50+00:00
15r3pw,"Ok Reddit, Why aren't you going out tonight for New years eve?",4,/r/AskReddit/comments/15r3pw/ok_reddit_why_arent_you_going_out_tonight_for_new/,2013-01-01 01:24:32+00:00
15r3pn,What is your funniest limerick?,2,/r/AskReddit/comments/15r3pn/what_is_your_funniest_limerick/,2013-01-01 01:24:26+00:00
15r3p7,I have been taking 325mg of tylenol twice a day for three days now. I took one dose at 10am today. Can I have a few drinks tonight without liver damage?,2,/r/AskReddit/comments/15r3p7/i_have_been_taking_325mg_of_tylenol_twice_a_day/,2013-01-01 01:24:15+00:00
15r3m4,Is it bad that I just want to go to sleep?,0,/r/AskReddit/comments/15r3m4/is_it_bad_that_i_just_want_to_go_to_sleep/,2013-01-01 01:22:41+00:00
15r3lo,So I think my good friends flaked on me for NYE. Why shouldn't I kill myself?,0,/r/AskReddit/comments/15r3lo/so_i_think_my_good_friends_flaked_on_me_for_nye/,2013-01-01 01:22:22+00:00
15r3k4,How much FPS will I get on Black Ops 2?,1,/r/AskReddit/comments/15r3k4/how_much_fps_will_i_get_on_black_ops_2/,2013-01-01 01:21:21+00:00
15r3i0,Why is the music much louder than the dialog in a majority of movies?,127,/r/AskReddit/comments/15r3i0/why_is_the_music_much_louder_than_the_dialog_in_a/,2013-01-01 01:20:17+00:00
15r3hm,Why doesn't the calendar year end on the winter solstice?,1,/r/AskReddit/comments/15r3hm/why_doesnt_the_calendar_year_end_on_the_winter/,2013-01-01 01:20:06+00:00
15r3hi,"Redditors in your forties and beyond, what are/were the best and worst aspects of your forties?",0,/r/AskReddit/comments/15r3hi/redditors_in_your_forties_and_beyond_what_arewere/,2013-01-01 01:20:04+00:00
15r3h6,"When a product says ""Always use [Associated Brand] accessories with..."" do you? What are instances where it actually matters?",0,/r/AskReddit/comments/15r3h6/when_a_product_says_always_use_associated_brand/,2013-01-01 01:19:57+00:00
15r3gv,Will I be able to buy health insurance in 2013?,1,/r/AskReddit/comments/15r3gv/will_i_be_able_to_buy_health_insurance_in_2013/,2013-01-01 01:19:48+00:00
15r3gi,"One word term for ideas, beliefs or norms that are so sacrosanct that challenging them is likely to result in immediate negative political, social or economic negative consequences?",1,/r/AskReddit/comments/15r3gi/one_word_term_for_ideas_beliefs_or_norms_that_are/,2013-01-01 01:19:37+00:00
15r3ds,"If you could change one thing from 2012, what would it be?",5,/r/AskReddit/comments/15r3ds/if_you_could_change_one_thing_from_2012_what/,2013-01-01 01:17:55+00:00
15r3db,"What will be the ""classic"" movie when we are all older? What will be the famous quotes that every one will know?",7,/r/AskReddit/comments/15r3db/what_will_be_the_classic_movie_when_we_are_all/,2013-01-01 01:17:42+00:00
15r3bp,"Reddit, what is one insignificant instance that you wish you had done differently?",2,/r/AskReddit/comments/15r3bp/reddit_what_is_one_insignificant_instance_that/,2013-01-01 01:16:49+00:00
15r3bk,As my New Years resolution I have decided to read more often. What are some Non-fiction books you could recommend to me?,2,/r/AskReddit/comments/15r3bk/as_my_new_years_resolution_i_have_decided_to_read/,2013-01-01 01:16:43+00:00
15r3ad,"For those of you who always thought older women are more mature and a better fit for you, did they even catch up?",2,/r/AskReddit/comments/15r3ad/for_those_of_you_who_always_thought_older_women/,2013-01-01 01:16:10+00:00
15r3ab,"With the clock counting down the minutes left in 2012, Reddit, what were you accomplishments/failures for this year?",1,/r/AskReddit/comments/15r3ab/with_the_clock_counting_down_the_minutes_left_in/,2013-01-01 01:16:09+00:00
15r395,"Recently my next door neighbors moved, what should I do with the house?",0,/r/AskReddit/comments/15r395/recently_my_next_door_neighbors_moved_what_should/,2013-01-01 01:15:38+00:00
15r37x,What is the funniest Haiku you have ever heard?,6,/r/AskReddit/comments/15r37x/what_is_the_funniest_haiku_you_have_ever_heard/,2013-01-01 01:14:55+00:00
15r37w,"In your opinion, what was the best thing about 2012?",2,/r/AskReddit/comments/15r37w/in_your_opinion_what_was_the_best_thing_about_2012/,2013-01-01 01:14:53+00:00
15r378,"To the International Community of Reddit, what is your opinion of the United States?",1,/r/AskReddit/comments/15r378/to_the_international_community_of_reddit_what_is/,2013-01-01 01:14:35+00:00
15r371,"Reddit, what's your new years resolution?",0,/r/AskReddit/comments/15r371/reddit_whats_your_new_years_resolution/,2013-01-01 01:14:31+00:00
15r36t,"New Years resolutions, what are yours?",0,/r/AskReddit/comments/15r36t/new_years_resolutions_what_are_yours/,2013-01-01 01:14:22+00:00
15r36b,"Reddit, what's an idea that could create a completely new facet of our society, in a similar way that sending information wirelessly has?",0,/r/AskReddit/comments/15r36b/reddit_whats_an_idea_that_could_create_a/,2013-01-01 01:14:09+00:00
15r35t,"Dear Reddit, Where is the oddest place you have ever masturbated?",1,/r/AskReddit/comments/15r35t/dear_reddit_where_is_the_oddest_place_you_have/,2013-01-01 01:13:54+00:00
15r35f,What is YOUR new years resolution?,1,/r/AskReddit/comments/15r35f/what_is_your_new_years_resolution/,2013-01-01 01:13:45+00:00
15r34x,How many more people would there be on this planet if there was never one abortion?,0,/r/AskReddit/comments/15r34x/how_many_more_people_would_there_be_on_this/,2013-01-01 01:13:23+00:00
15r34l,How do you post to Reddit in general without specifying a subreddit? Please don't upvote.,3,/r/AskReddit/comments/15r34l/how_do_you_post_to_reddit_in_general_without/,2013-01-01 01:13:15+00:00
15r34i,What is the most expensive thing that you accidentally destroyed that wasn't yours?,4,/r/AskReddit/comments/15r34i/what_is_the_most_expensive_thing_that_you/,2013-01-01 01:13:14+00:00
15r33h,"Reddit, does your body have any weird quirks that you don't think anyone else's has?",3,/r/AskReddit/comments/15r33h/reddit_does_your_body_have_any_weird_quirks_that/,2013-01-01 01:12:32+00:00
15r32q,"What gifts does your company give to long-time employees on milestones (i.e. 5 years, 10 years, etc)?",1,/r/AskReddit/comments/15r32q/what_gifts_does_your_company_give_to_longtime/,2013-01-01 01:12:15+00:00
15r32e,What is the most profound thing you have ever been told or realised yourself?,0,/r/AskReddit/comments/15r32e/what_is_the_most_profound_thing_you_have_ever/,2013-01-01 01:12:02+00:00
15r325,"before we hit 12:00 am wherever you are, what are your new years resolutions and how do you plan on making it happen?",0,/r/AskReddit/comments/15r325/before_we_hit_1200_am_wherever_you_are_what_are/,2013-01-01 01:11:51+00:00
15r304,"I found a backpack with a journal and laptop in it. I called the number on the journal, but no answer. Would you crack into the laptop to try and find more contact info?",2,/r/AskReddit/comments/15r304/i_found_a_backpack_with_a_journal_and_laptop_in/,2013-01-01 01:10:44+00:00
15r302,What would your best friend say the worst decision you've ever made was?,4,/r/AskReddit/comments/15r302/what_would_your_best_friend_say_the_worst/,2013-01-01 01:10:42+00:00
15r2yp,"Reddit, what was your favorite moment of 2012 in your life?",1,/r/AskReddit/comments/15r2yp/reddit_what_was_your_favorite_moment_of_2012_in/,2013-01-01 01:09:55+00:00
15r2x0,Where can I find a streaming link to the ball drop?,2,/r/AskReddit/comments/15r2x0/where_can_i_find_a_streaming_link_to_the_ball_drop/,2013-01-01 01:09:03+00:00
15r2wt,"Pet owners of Reddit, how many animals have you had at one time, and what were they?",1,/r/AskReddit/comments/15r2wt/pet_owners_of_reddit_how_many_animals_have_you/,2013-01-01 01:08:56+00:00
15r2w7,"What was your biggest ""brain blank"" moment?",9,/r/AskReddit/comments/15r2w7/what_was_your_biggest_brain_blank_moment/,2013-01-01 01:08:37+00:00
15r2w2,Does anyone know why the new day starts at midnight instead of when the sun rises?,6,/r/AskReddit/comments/15r2w2/does_anyone_know_why_the_new_day_starts_at/,2013-01-01 01:08:32+00:00
15r2uy,Any tips for creating a resume? Any specific online guides that are ideal to follow?,2,/r/AskReddit/comments/15r2uy/any_tips_for_creating_a_resume_any_specific/,2013-01-01 01:07:49+00:00
15r2tg,What do YOU think that'll be the highlight of year 2013?,3,/r/AskReddit/comments/15r2tg/what_do_you_think_thatll_be_the_highlight_of_year/,2013-01-01 01:06:55+00:00
15r2t4,"Reddit, what do you dare to do if things doesn't go the way you wanted it go?",0,/r/AskReddit/comments/15r2t4/reddit_what_do_you_dare_to_do_if_things_doesnt_go/,2013-01-01 01:06:44+00:00
15r2r6,"if you could only have one sense (sight,hearing,taste,smell,touch) which one would you have?",1,/r/AskReddit/comments/15r2r6/if_you_could_only_have_one_sense/,2013-01-01 01:05:40+00:00
15r2qw,what is the most aww story you have,1,/r/AskReddit/comments/15r2qw/what_is_the_most_aww_story_you_have/,2013-01-01 01:05:34+00:00
15r2qb,What would you do if you were the opposite gender for an entire month?,28,/r/AskReddit/comments/15r2qb/what_would_you_do_if_you_were_the_opposite_gender/,2013-01-01 01:05:17+00:00
15r2q8,Women: Does having sex while on your period help with cramps?,1,/r/AskReddit/comments/15r2q8/women_does_having_sex_while_on_your_period_help/,2013-01-01 01:05:15+00:00
15r2os,"How do i ""black list"" Cats and ""AWW"" from the front page?",0,/r/AskReddit/comments/15r2os/how_do_i_black_list_cats_and_aww_from_the_front/,2013-01-01 01:04:34+00:00
15r2of,What is something about you or a habit that you have that would be strange to someone you just met.,3,/r/AskReddit/comments/15r2of/what_is_something_about_you_or_a_habit_that_you/,2013-01-01 01:04:28+00:00
15r2nh,"Reddit, who wants to play a game? (details inside)",4,/r/AskReddit/comments/15r2nh/reddit_who_wants_to_play_a_game_details_inside/,2013-01-01 01:04:02+00:00
15r2ng,What is one thing you will never forget from 2012?,0,/r/AskReddit/comments/15r2ng/what_is_one_thing_you_will_never_forget_from_2012/,2013-01-01 01:04:01+00:00
15r2mk,What is an opinion of yours that would instantly get downvoted?,5,/r/AskReddit/comments/15r2mk/what_is_an_opinion_of_yours_that_would_instantly/,2013-01-01 01:03:34+00:00
15r2kw,"In a horror movie sense, could someone ""over-inflate"" lungs and pop them?",0,/r/AskReddit/comments/15r2kw/in_a_horror_movie_sense_could_someone_overinflate/,2013-01-01 01:02:30+00:00
15r2k7,"It's that time again Reddit, what do you hope to have achieved by this time next year?",0,/r/AskReddit/comments/15r2k7/its_that_time_again_reddit_what_do_you_hope_to/,2013-01-01 01:02:10+00:00
15r2jx,Why do some posts show up on my main reddit account and not on my throwaway?,1,/r/AskReddit/comments/15r2jx/why_do_some_posts_show_up_on_my_main_reddit/,2013-01-01 01:02:04+00:00
15r2jn,What funny/crazy things have your elders done that shows they know nothing about today's technology?,1,/r/AskReddit/comments/15r2jn/what_funnycrazy_things_have_your_elders_done_that/,2013-01-01 01:01:54+00:00
15r2ji,What was your most memorable experience of 2012?,4,/r/AskReddit/comments/15r2ji/what_was_your_most_memorable_experience_of_2012/,2013-01-01 01:01:50+00:00
15r2j5,People who have severe allergies how did you find out about your condition,1,/r/AskReddit/comments/15r2j5/people_who_have_severe_allergies_how_did_you_find/,2013-01-01 01:01:37+00:00
15r2gq,What is the best way to approach a women in a library?,3,/r/AskReddit/comments/15r2gq/what_is_the_best_way_to_approach_a_women_in_a/,2013-01-01 01:00:30+00:00
15r2fg,What are good options if your college doesn't offer substance-free dorms/floors?,3,/r/AskReddit/comments/15r2fg/what_are_good_options_if_your_college_doesnt/,2013-01-01 00:59:48+00:00
15r2ff,There's an electronic cigarette sub reddit.... I can't find it. Anyone know the name?,0,/r/AskReddit/comments/15r2ff/theres_an_electronic_cigarette_sub_reddit_i_cant/,2013-01-01 00:59:47+00:00
15r2dx,"If you had to spend NYE, in a log cabin deep in the forest, snowed in, a fireplace and some whiskey. Who would it be and why? What would you do ring in the new year?",0,/r/AskReddit/comments/15r2dx/if_you_had_to_spend_nye_in_a_log_cabin_deep_in/,2013-01-01 00:58:48+00:00
15r2dh,"Reddit, what's an idea that could create an entirely new facet in our culture society?",1,/r/AskReddit/comments/15r2dh/reddit_whats_an_idea_that_could_create_an/,2013-01-01 00:58:40+00:00
15r2da,Who cleans up the confetti in Times Square on New Year's and how big/effective of an effort is it?,9,/r/AskReddit/comments/15r2da/who_cleans_up_the_confetti_in_times_square_on_new/,2013-01-01 00:58:35+00:00
15r2cn,"Non-Americans of reddit with noticeable accents, when you talk do you hear yourself talking in an accent or does it sound normal?",3,/r/AskReddit/comments/15r2cn/nonamericans_of_reddit_with_noticeable_accents/,2013-01-01 00:58:08+00:00
15r2cj,How will having drug and alcohol related offenses effect my future?,1,/r/AskReddit/comments/15r2cj/how_will_having_drug_and_alcohol_related_offenses/,2013-01-01 00:58:05+00:00
15r2bm,What should I know before going to Sweden?,2,/r/AskReddit/comments/15r2bm/what_should_i_know_before_going_to_sweden/,2013-01-01 00:57:26+00:00
15r27s,Lets have a recap. What was the best part of the last year for you?,0,/r/AskReddit/comments/15r27s/lets_have_a_recap_what_was_the_best_part_of_the/,2013-01-01 00:55:15+00:00
15r27q,"What technologies or teaching methods helped you understand a challenging concept in school, or otherwise...",0,/r/AskReddit/comments/15r27q/what_technologies_or_teaching_methods_helped_you/,2013-01-01 00:55:12+00:00
15r26s,How would elections change in the U.S. if voting was mandatory for all citizens? In what way would the results be different?,3,/r/AskReddit/comments/15r26s/how_would_elections_change_in_the_us_if_voting/,2013-01-01 00:54:37+00:00
15r263,"Redditors, what New Year's resolutions have you all successfully accomplished?",0,/r/AskReddit/comments/15r263/redditors_what_new_years_resolutions_have_you_all/,2013-01-01 00:54:15+00:00
15r23v,Have ye ever been lost in the Haar?,0,/r/AskReddit/comments/15r23v/have_ye_ever_been_lost_in_the_haar/,2013-01-01 00:53:12+00:00
15r23b,Can anyone identify this bite?,1,/r/AskReddit/comments/15r23b/can_anyone_identify_this_bite/,2013-01-01 00:52:48+00:00
15r237,Reddit eht are you doing for new years?,1,/r/AskReddit/comments/15r237/reddit_eht_are_you_doing_for_new_years/,2013-01-01 00:52:45+00:00
15r21i,"Hey Reddit. I love sarcasm, especially on the internet. Is there a decent subreddit that deals with sarcasm??",2,/r/AskReddit/comments/15r21i/hey_reddit_i_love_sarcasm_especially_on_the/,2013-01-01 00:51:51+00:00
15r21h,mY mawmy seNt me 2 gEt apPle ciDurr bUtt i axcidentzLy gaWt apPle SPiDer!!! R theY deADly!?!?,0,/r/AskReddit/comments/15r21h/my_mawmy_sent_me_2_get_apple_cidurr_butt_i/,2013-01-01 00:51:51+00:00
15r219,"What is something difficult you can do, but think nothing of it yet everyone else is amazed?",2,/r/AskReddit/comments/15r219/what_is_something_difficult_you_can_do_but_think/,2013-01-01 00:51:45+00:00
15r214,Why do people with vision impairment get free public transport?,0,/r/AskReddit/comments/15r214/why_do_people_with_vision_impairment_get_free/,2013-01-01 00:51:38+00:00
15r1zu,Should gun sellers/clerks have to be licensed?,0,/r/AskReddit/comments/15r1zu/should_gun_sellersclerks_have_to_be_licensed/,2013-01-01 00:50:53+00:00
15r1zi,"To those Redditors who relocated after college, what % of your friends are ""work friends""?",1,/r/AskReddit/comments/15r1zi/to_those_redditors_who_relocated_after_college/,2013-01-01 00:50:44+00:00
15r1z9,"If the creators of some of your favorite fiction were YOU, would you change anything about them, and why?",0,/r/AskReddit/comments/15r1z9/if_the_creators_of_some_of_your_favorite_fiction/,2013-01-01 00:50:37+00:00
15r1ya,When have you heard an awkward pause followed up with an even more awkward statement?,0,/r/AskReddit/comments/15r1ya/when_have_you_heard_an_awkward_pause_followed_up/,2013-01-01 00:50:07+00:00
15r1xm,Anyone else alone for New Years?,0,/r/AskReddit/comments/15r1xm/anyone_else_alone_for_new_years/,2013-01-01 00:49:44+00:00
15r1xk,Aren't New Year resolutions unnecessary?,0,/r/AskReddit/comments/15r1xk/arent_new_year_resolutions_unnecessary/,2013-01-01 00:49:42+00:00
15r1x9,"If you had to pick a song to play in the final moments before an asteroid to obliterates Earth, what would it be?",2,/r/AskReddit/comments/15r1x9/if_you_had_to_pick_a_song_to_play_in_the_final/,2013-01-01 00:49:28+00:00
15r1ww,What funny events happened on your NYE?,1,/r/AskReddit/comments/15r1ww/what_funny_events_happened_on_your_nye/,2013-01-01 00:49:19+00:00
15r1vl,What was your favorite comment or post of 2012?,0,/r/AskReddit/comments/15r1vl/what_was_your_favorite_comment_or_post_of_2012/,2013-01-01 00:48:31+00:00
15r1v7,"Reddit, what is your favorite quote from literature?",0,/r/AskReddit/comments/15r1v7/reddit_what_is_your_favorite_quote_from_literature/,2013-01-01 00:48:20+00:00
15r1uo,What's your new year resolution ?,0,/r/AskReddit/comments/15r1uo/whats_your_new_year_resolution/,2013-01-01 00:48:04+00:00
15r1ua,Anyone else have a diminished sense of humor from being on the internet too much?,2,/r/AskReddit/comments/15r1ua/anyone_else_have_a_diminished_sense_of_humor_from/,2013-01-01 00:47:53+00:00
15r1tu,"If you had to spend NYE with just one person, in a log cabin, snowed in, whiskey and a fireplace, who would it be, why?",1,/r/AskReddit/comments/15r1tu/if_you_had_to_spend_nye_with_just_one_person_in_a/,2013-01-01 00:47:44+00:00
15r1tl,Whats your best advice for the new year Reddit?,1,/r/AskReddit/comments/15r1tl/whats_your_best_advice_for_the_new_year_reddit/,2013-01-01 00:47:35+00:00
15r1s8,Land lord is trying to rip me off for last months rent... and she is threatening to sue. Any words of wisdom from reddit?,0,/r/AskReddit/comments/15r1s8/land_lord_is_trying_to_rip_me_off_for_last_months/,2013-01-01 00:46:51+00:00
15r1q9,"Reddit, what kind of spider is this?",0,/r/AskReddit/comments/15r1q9/reddit_what_kind_of_spider_is_this/,2013-01-01 00:45:59+00:00
15r1q6,"Reddit, I am trying to remember a poem I saw in San Francisco on a sidewalk...can you help me?",0,/r/AskReddit/comments/15r1q6/reddit_i_am_trying_to_remember_a_poem_i_saw_in/,2013-01-01 00:45:58+00:00
15r1q1,How are you spending/spent new years eve/day?,1,/r/AskReddit/comments/15r1q1/how_are_you_spendingspent_new_years_eveday/,2013-01-01 00:45:51+00:00
15r1ob,Happy new year reddit! What are you guy's gonna do to make this year the best one yet?,0,/r/AskReddit/comments/15r1ob/happy_new_year_reddit_what_are_you_guys_gonna_do/,2013-01-01 00:45:01+00:00
15r1o9,What were some of the weirdest dreams you remember?,2,/r/AskReddit/comments/15r1o9/what_were_some_of_the_weirdest_dreams_you_remember/,2013-01-01 00:44:59+00:00
15r1ny,"When I was 10 years old, I had an unforgettable dream where an old homeless lady tickled me so hard that my limbs fell off. What is the most surreal, or ""wtf just happened"" dream that you have had?",1,/r/AskReddit/comments/15r1ny/when_i_was_10_years_old_i_had_an_unforgettable/,2013-01-01 00:44:49+00:00
15r1n6,"Male redditors: if your SO woke you up before you had to go to work and offered you fellatio, how would you react? (NSFW)",0,/r/AskReddit/comments/15r1n6/male_redditors_if_your_so_woke_you_up_before_you/,2013-01-01 00:44:17+00:00
15r1m6,What should I do if my girlfriend is still hung up on her ex?,3,/r/AskReddit/comments/15r1m6/what_should_i_do_if_my_girlfriend_is_still_hung/,2013-01-01 00:43:35+00:00
15r1ln,"I'm a college student. I pay 300 dollars a month for rent. My room consists of a bed, a desk and a shelf. What essentials should I buy to make my room feel more ""room"" like?",1,/r/AskReddit/comments/15r1ln/im_a_college_student_i_pay_300_dollars_a_month/,2013-01-01 00:43:14+00:00
15r1lh,Have you ever faced discrimination for being attractive?,0,/r/AskReddit/comments/15r1lh/have_you_ever_faced_discrimination_for_being/,2013-01-01 00:43:07+00:00
15r1l4,"What is the happiest you have felt in 2012? Nonsexual and having a baby related, cause those always win. Today is my day. I overcame a string of terrifying panic attacks. What is yours?",1,/r/AskReddit/comments/15r1l4/what_is_the_happiest_you_have_felt_in_2012/,2013-01-01 00:42:54+00:00
15r1jw,Which celebrity do you think should come out of the closet as part of their New Years resolution for 2013?,2,/r/AskReddit/comments/15r1jw/which_celebrity_do_you_think_should_come_out_of/,2013-01-01 00:42:27+00:00
15r1jb,"What the best ""hook-up"" you have given your friends when they come your place of work?",2,/r/AskReddit/comments/15r1jb/what_the_best_hookup_you_have_given_your_friends/,2013-01-01 00:42:15+00:00
15r1iw,"To make myself feel better (or worse), what is the worst way anyone has ever rung in the new year?",0,/r/AskReddit/comments/15r1iw/to_make_myself_feel_better_or_worse_what_is_the/,2013-01-01 00:42:03+00:00
15r1hx,What have you done to r/Music?!?!,0,/r/AskReddit/comments/15r1hx/what_have_you_done_to_rmusic/,2013-01-01 00:41:25+00:00
15r1gz,"Now I know this question is coming out of nowhere, but what is your New Year's resolution?",1,/r/AskReddit/comments/15r1gz/now_i_know_this_question_is_coming_out_of_nowhere/,2013-01-01 00:40:56+00:00
15r1fk,Does anyone else find it disturbing that Reddit has been so overwhelmingly pro-gun in the wake of the Newtown Shooting?,0,/r/AskReddit/comments/15r1fk/does_anyone_else_find_it_disturbing_that_reddit/,2013-01-01 00:40:12+00:00
15r1ce,What do you most regret about school?,528,/r/AskReddit/comments/15r1ce/what_do_you_most_regret_about_school/,2013-01-01 00:38:33+00:00
15r1ca,"If you were to spend your New Years' Eve party with a room full of suspendered, cigar-chomping ""1 percent"" types, how would you break the ice?",2,/r/AskReddit/comments/15r1ca/if_you_were_to_spend_your_new_years_eve_party/,2013-01-01 00:38:31+00:00
15r1bk,What jobs make you question the moral or mental integrity of the employee?,103,/r/AskReddit/comments/15r1bk/what_jobs_make_you_question_the_moral_or_mental/,2013-01-01 00:38:04+00:00
15r1b7,"So Reddit, what is your drink of choice for New Year's Eve?",2,/r/AskReddit/comments/15r1b7/so_reddit_what_is_your_drink_of_choice_for_new/,2013-01-01 00:37:54+00:00
15r1ar,What advice would you give to 18-year-old you?,0,/r/AskReddit/comments/15r1ar/what_advice_would_you_give_to_18yearold_you/,2013-01-01 00:37:41+00:00
15r1aa,"If my adult son and his wife, who criticize my energy drink consumption, put redbulls in my fridge, would I be wrong to drink them?",0,/r/AskReddit/comments/15r1aa/if_my_adult_son_and_his_wife_who_criticize_my/,2013-01-01 00:37:26+00:00
15r1a1,What would be this one event you would change/eliminate in 2012 if you had the power to do it and what do you think the consequences of that would be?,1,/r/AskReddit/comments/15r1a1/what_would_be_this_one_event_you_would/,2013-01-01 00:37:15+00:00
15r19y,Why do girls feel the need to constantly talk while watching a tv show or movie?,0,/r/AskReddit/comments/15r19y/why_do_girls_feel_the_need_to_constantly_talk/,2013-01-01 00:37:14+00:00
15r17w,"If you could lock your worst enemy in a room with any animal, what animal would it be? (24Hrs)",4,/r/AskReddit/comments/15r17w/if_you_could_lock_your_worst_enemy_in_a_room_with/,2013-01-01 00:36:07+00:00
15r15t,"Hey, where'd the General Reddit FAQ, Rules, and Reddiquete links at the bottom of the page go?",0,/r/AskReddit/comments/15r15t/hey_whered_the_general_reddit_faq_rules_and/,2013-01-01 00:35:14+00:00
15r14b,"To save others from getting downvoted for reposts, what brought you to reddit?",1,/r/AskReddit/comments/15r14b/to_save_others_from_getting_downvoted_for_reposts/,2013-01-01 00:34:27+00:00
15r13p,Who held up their New Years resolutions? What were they?,0,/r/AskReddit/comments/15r13p/who_held_up_their_new_years_resolutions_what_were/,2013-01-01 00:34:13+00:00
15r13e,"If you can create a policy that every company in the world must adopt, what would it be?",1,/r/AskReddit/comments/15r13e/if_you_can_create_a_policy_that_every_company_in/,2013-01-01 00:34:03+00:00
15r11p,How can I become better at studying? I have always had a challenging time with organizing and need some serious help. Using the break to tune it up. HELP!!,1,/r/AskReddit/comments/15r11p/how_can_i_become_better_at_studying_i_have_always/,2013-01-01 00:32:58+00:00
15r11m,"What would happen to your mind if you were made immortal and sent back to live with dinosaurs for 100,000 years?",2,/r/AskReddit/comments/15r11m/what_would_happen_to_your_mind_if_you_were_made/,2013-01-01 00:32:57+00:00
15r11c,Has the United States always catered to Big Business and only pretended to base it's decisions as if they were made to benefit it's citizens?,0,/r/AskReddit/comments/15r11c/has_the_united_states_always_catered_to_big/,2013-01-01 00:32:47+00:00
15r0yz,"Redditors with the name Bruce, how often do people associate your name with that of the shark in Nemo?",0,/r/AskReddit/comments/15r0yz/redditors_with_the_name_bruce_how_often_do_people/,2013-01-01 00:31:24+00:00
15r0y9,"Hi Reddit. It was done on Christmas day, but I'd like to do it again. Who is alone on New Years Eve?",0,/r/AskReddit/comments/15r0y9/hi_reddit_it_was_done_on_christmas_day_but_id/,2013-01-01 00:31:01+00:00
15r0y3,When does an airbrushed photo cease to be a photo and become an airbrush painting?,7,/r/AskReddit/comments/15r0y3/when_does_an_airbrushed_photo_cease_to_be_a_photo/,2013-01-01 00:30:55+00:00
15r0wf,"What is the strangest, grossest, or weirdest thing you have ever seen/experienced at Wal-Mart?",0,/r/AskReddit/comments/15r0wf/what_is_the_strangest_grossest_or_weirdest_thing/,2013-01-01 00:29:48+00:00
15r0wb,"Its new years eve my SO and I just moved to a new city, without breaking the piggy bank what can we do to ring in new year",1,/r/AskReddit/comments/15r0wb/its_new_years_eve_my_so_and_i_just_moved_to_a_new/,2013-01-01 00:29:40+00:00
15r0vc,"I've always considered NYE Amateur Night. Reddit, what are the worst and best bar nights of the year?",1,/r/AskReddit/comments/15r0vc/ive_always_considered_nye_amateur_night_reddit/,2013-01-01 00:29:11+00:00
15r0uz,What's the most disturbing thing you've ever seen a kid do?,3,/r/AskReddit/comments/15r0uz/whats_the_most_disturbing_thing_youve_ever_seen_a/,2013-01-01 00:29:03+00:00
15r0uu,What is the funniest thing you have seen an elderly person do?,0,/r/AskReddit/comments/15r0uu/what_is_the_funniest_thing_you_have_seen_an/,2013-01-01 00:28:58+00:00
15r0uh,"Men of Reddit, if a woman stood up for you/helped you out in a fight, how would that make you feel?Follow-up to the question about men in fights.",1,/r/AskReddit/comments/15r0uh/men_of_reddit_if_a_woman_stood_up_for_youhelped/,2013-01-01 00:28:48+00:00
15r0ta,What is the highest upvoted comment that REALLY should have been downvoted?,0,/r/AskReddit/comments/15r0ta/what_is_the_highest_upvoted_comment_that_really/,2013-01-01 00:28:04+00:00
15r0t7,What TV show should I watch next?,1,/r/AskReddit/comments/15r0t7/what_tv_show_should_i_watch_next/,2013-01-01 00:28:02+00:00
15r0s8,"If you were going to die at 00:00 am on January 1, 2013. What would you do right now? (Pretend it's not New Years Day where you are)",0,/r/AskReddit/comments/15r0s8/if_you_were_going_to_die_at_0000_am_on_january_1/,2013-01-01 00:27:31+00:00
15r0q6,What if we fought back against the plastic surgeon's control?,0,/r/AskReddit/comments/15r0q6/what_if_we_fought_back_against_the_plastic/,2013-01-01 00:26:36+00:00
15r0q4,Does anyone else remember that youtube vid with foreigners hilariously depicting American-style cinema?,1,/r/AskReddit/comments/15r0q4/does_anyone_else_remember_that_youtube_vid_with/,2013-01-01 00:26:35+00:00
15r0q1,Why do some people insist on remaining friends after they break off a serious relationship?,15,/r/AskReddit/comments/15r0q1/why_do_some_people_insist_on_remaining_friends/,2013-01-01 00:26:32+00:00
15r0ms,How are the lonely people spending new years,3,/r/AskReddit/comments/15r0ms/how_are_the_lonely_people_spending_new_years/,2013-01-01 00:24:39+00:00
15r0lu,"Hey Reddit, who else is spending New Year's Eve alone?",4,/r/AskReddit/comments/15r0lu/hey_reddit_who_else_is_spending_new_years_eve/,2013-01-01 00:24:10+00:00
15r0ld,Women of reddit. How would you want your boyfriend to ask you to shave/wax some dark peach fuzz above the upper lip?,3,/r/AskReddit/comments/15r0ld/women_of_reddit_how_would_you_want_your_boyfriend/,2013-01-01 00:23:50+00:00
15r0l9,Reddit what has been your worst NYE experience?,1,/r/AskReddit/comments/15r0l9/reddit_what_has_been_your_worst_nye_experience/,2013-01-01 00:23:45+00:00
15r0k9,"What's your ""go to"" mental image to cool things down in bed?",0,/r/AskReddit/comments/15r0k9/whats_your_go_to_mental_image_to_cool_things_down/,2013-01-01 00:23:12+00:00
15r0jl,Anyone else concerned about the fiscal cliff in 2013? Or is it just something we're all going to pretend doesn't exist?,0,/r/AskReddit/comments/15r0jl/anyone_else_concerned_about_the_fiscal_cliff_in/,2013-01-01 00:22:49+00:00
15r0g2,Why do get a burning sensation on the back/roof of my mouth when I eat or drink for the first time of the day?,2,/r/AskReddit/comments/15r0g2/why_do_get_a_burning_sensation_on_the_backroof_of/,2013-01-01 00:20:51+00:00
15r0fv,My girlfriends son has been becoming a little shit lately. She recently lost her cool and told him to fuck off. She was so ashamed. What way can you stop a boy from being really rude to his mother?,1,/r/AskReddit/comments/15r0fv/my_girlfriends_son_has_been_becoming_a_little/,2013-01-01 00:20:37+00:00
15r0fk,"Yesterday I read a ""statistic"" that 82% of people meet their SO by the age of 16. Anyone have stories to share?",0,/r/AskReddit/comments/15r0fk/yesterday_i_read_a_statistic_that_82_of_people/,2013-01-01 00:20:26+00:00
15r0f7,"Reddit, what computer would you recommend I buy? (or where would you recommend I go to find out)",5,/r/AskReddit/comments/15r0f7/reddit_what_computer_would_you_recommend_i_buy_or/,2013-01-01 00:20:11+00:00
15r0f4,Hello redditors. Why are you celebrating New Year's Eve alone?,0,/r/AskReddit/comments/15r0f4/hello_redditors_why_are_you_celebrating_new_years/,2013-01-01 00:20:10+00:00
15r0do,"Women of Reddit, have you ever been mistaken for a lady of the night?",0,/r/AskReddit/comments/15r0do/women_of_reddit_have_you_ever_been_mistaken_for_a/,2013-01-01 00:19:20+00:00
15r0cs,"Reddit, what's the deal with laugh tracks?",0,/r/AskReddit/comments/15r0cs/reddit_whats_the_deal_with_laugh_tracks/,2013-01-01 00:18:55+00:00
15r0af,"Reddit, do you think your cat actually likes you?",2,/r/AskReddit/comments/15r0af/reddit_do_you_think_your_cat_actually_likes_you/,2013-01-01 00:17:32+00:00
15r09t,Would you be more willing to donate money to causes and charities if they didn't automatically sign you up for their email list?,1,/r/AskReddit/comments/15r09t/would_you_be_more_willing_to_donate_money_to/,2013-01-01 00:17:13+00:00
15r08y,"Reddit, what's the most unconventional fun you've had on NYE?",2,/r/AskReddit/comments/15r08y/reddit_whats_the_most_unconventional_fun_youve/,2013-01-01 00:16:42+00:00
15r08w,"If you had the chance to have sex with the woman of your dreams (celebrity, model, pornstar etc) but she/he was guaranteed to get pregnant, would you do it?",2,/r/AskReddit/comments/15r08w/if_you_had_the_chance_to_have_sex_with_the_woman/,2013-01-01 00:16:40+00:00
15r08k,Hey what are some good foreign movies?,2,/r/AskReddit/comments/15r08k/hey_what_are_some_good_foreign_movies/,2013-01-01 00:16:34+00:00
15r08f,"Reddit, good or bad, what are you doing for New Year's Eve?",1,/r/AskReddit/comments/15r08f/reddit_good_or_bad_what_are_you_doing_for_new/,2013-01-01 00:16:31+00:00
15r07r,What is your worst party story?,2,/r/AskReddit/comments/15r07r/what_is_your_worst_party_story/,2013-01-01 00:16:11+00:00
15r07j,What is Reddit's obsession with outlandish and/or obscene usernames?,0,/r/AskReddit/comments/15r07j/what_is_reddits_obsession_with_outlandish_andor/,2013-01-01 00:16:03+00:00
15r07d,What are your favorite soft drink concoctions?,0,/r/AskReddit/comments/15r07d/what_are_your_favorite_soft_drink_concoctions/,2013-01-01 00:15:59+00:00
15r07c,Why don't many stores carry larger sizes?,3,/r/AskReddit/comments/15r07c/why_dont_many_stores_carry_larger_sizes/,2013-01-01 00:15:58+00:00
15r05v,How do I win the heart of a woman with a boyfriend?,0,/r/AskReddit/comments/15r05v/how_do_i_win_the_heart_of_a_woman_with_a_boyfriend/,2013-01-01 00:15:14+00:00
15r05s,"Hey Reddit, If your link karma was a year, what notable things happened or what do you think will happen that year?",0,/r/AskReddit/comments/15r05s/hey_reddit_if_your_link_karma_was_a_year_what/,2013-01-01 00:15:09+00:00
15r04z,What is your New Year resolution?,0,/r/AskReddit/comments/15r04z/what_is_your_new_year_resolution/,2013-01-01 00:14:50+00:00
15r04u,"Reddit, what was your best day ever?",2,/r/AskReddit/comments/15r04u/reddit_what_was_your_best_day_ever/,2013-01-01 00:14:46+00:00
15r04c,Step Children of Reddit: How has your step parent affected your life good or bad?,2,/r/AskReddit/comments/15r04c/step_children_of_reddit_how_has_your_step_parent/,2013-01-01 00:14:32+00:00
15r041,"I saw an old picture of me with my left hand in my pocket, 10 years later, I still do that often. What are old habits you have never given up?",1,/r/AskReddit/comments/15r041/i_saw_an_old_picture_of_me_with_my_left_hand_in/,2013-01-01 00:14:29+00:00
15r03d,"What's your favorite flavored ""Smarties?""",1,/r/AskReddit/comments/15r03d/whats_your_favorite_flavored_smarties/,2013-01-01 00:14:02+00:00
15r00j,"Reddit, do you or your families have any interesting Christmas or New Years traditions?",1,/r/AskReddit/comments/15r00j/reddit_do_you_or_your_families_have_any/,2013-01-01 00:12:23+00:00
15qzzy,It's the end of another year. What are you most grateful for from 2012?,0,/r/AskReddit/comments/15qzzy/its_the_end_of_another_year_what_are_you_most/,2013-01-01 00:12:00+00:00
15qzxr,"Interviewers, HR Reps, Recruiters, and anyone else who looks at resumes: What are the most common mistakes? What are your personal pet peeves? Funniest/Worst/Best resume you've ever seen?",0,/r/AskReddit/comments/15qzxr/interviewers_hr_reps_recruiters_and_anyone_else/,2013-01-01 00:10:57+00:00
15qzuj,Does anyone have any good pointers for someone new to parties?,1,/r/AskReddit/comments/15qzuj/does_anyone_have_any_good_pointers_for_someone/,2013-01-01 00:09:28+00:00
15qzub,"Reddit, how can somebody go about making some new friends?",1,/r/AskReddit/comments/15qzub/reddit_how_can_somebody_go_about_making_some_new/,2013-01-01 00:09:23+00:00
15qztl,"Reddit, what are your new year resolutions for next year?",0,/r/AskReddit/comments/15qztl/reddit_what_are_your_new_year_resolutions_for/,2013-01-01 00:09:03+00:00
15qzt2,"Women of Reddit, if you a man ""act like the bigger man"" and slay 100 enemies on the battlefield all for love of you, how does that truly make you feel?",0,/r/AskReddit/comments/15qzt2/women_of_reddit_if_you_a_man_act_like_the_bigger/,2013-01-01 00:08:48+00:00
15qzt3,"People of Reddit, what are some crazy sleep-walking stories that either you have been told you did, or have witnessed?",1,/r/AskReddit/comments/15qzt3/people_of_reddit_what_are_some_crazy_sleepwalking/,2013-01-01 00:08:48+00:00
15qzsa,Where is a good place to spend the New Years after your friends decided to flake out on you?,0,/r/AskReddit/comments/15qzsa/where_is_a_good_place_to_spend_the_new_years/,2013-01-01 00:08:29+00:00
15qzrm,"Reddit, what did you learn in 2012?",0,/r/AskReddit/comments/15qzrm/reddit_what_did_you_learn_in_2012/,2013-01-01 00:08:03+00:00
15qzra,What were your low and high of 2012?,0,/r/AskReddit/comments/15qzra/what_were_your_low_and_high_of_2012/,2013-01-01 00:07:55+00:00
15qzpy,Im staying home alone tonight for new years eve. What are your tips for enjoying new years eve alone?,3,/r/AskReddit/comments/15qzpy/im_staying_home_alone_tonight_for_new_years_eve/,2013-01-01 00:07:20+00:00
15qzpq,What do you consider a masterpiece? Why?,1,/r/AskReddit/comments/15qzpq/what_do_you_consider_a_masterpiece_why/,2013-01-01 00:07:11+00:00
15qzpp,"reddit, what are some absolutely horrible Or hilarious pickup lines you've used or heard? NSFW",13,/r/AskReddit/comments/15qzpp/reddit_what_are_some_absolutely_horrible_or/,2013-01-01 00:07:09+00:00
15qznh,What was the worse storm you have ever been in?,3,/r/AskReddit/comments/15qznh/what_was_the_worse_storm_you_have_ever_been_in/,2013-01-01 00:06:06+00:00
15qzmh,How does Wil Wheaton knows when he is being summoned?,0,/r/AskReddit/comments/15qzmh/how_does_wil_wheaton_knows_when_he_is_being/,2013-01-01 00:05:31+00:00
15qzly,"Reddit, its NYE and I have nothing going on at all, can you please tell me one of your favorite jokes?",1,/r/AskReddit/comments/15qzly/reddit_its_nye_and_i_have_nothing_going_on_at_all/,2013-01-01 00:05:19+00:00
15qzlo,Which human traits do you have?,0,/r/AskReddit/comments/15qzlo/which_human_traits_do_you_have/,2013-01-01 00:05:09+00:00
15qzlf,"Dear reddit, I'm 19 and my voice still hasn't broken. Any help please?",1,/r/AskReddit/comments/15qzlf/dear_reddit_im_19_and_my_voice_still_hasnt_broken/,2013-01-01 00:05:04+00:00
15qzj2,"What do you think would happen if, all at once, everyone in the entire world decided that money had no value whatsoever?",2,/r/AskReddit/comments/15qzj2/what_do_you_think_would_happen_if_all_at_once/,2013-01-01 00:03:48+00:00
15qzin,Which path did you go at a fork in the road?,3,/r/AskReddit/comments/15qzin/which_path_did_you_go_at_a_fork_in_the_road/,2013-01-01 00:03:35+00:00
15qzie,Why do police always touch the trunk of a vehicle when they are approaching the window of a car?,3,/r/AskReddit/comments/15qzie/why_do_police_always_touch_the_trunk_of_a_vehicle/,2013-01-01 00:03:27+00:00
15qzg2,"Reddit, what do you think was the biggest news story of 2012?",1,/r/AskReddit/comments/15qzg2/reddit_what_do_you_think_was_the_biggest_news/,2013-01-01 00:02:27+00:00
15qzfx,How many of you redditors have a Neilsen ratings box?,1,/r/AskReddit/comments/15qzfx/how_many_of_you_redditors_have_a_neilsen_ratings/,2013-01-01 00:02:24+00:00
15qzf7,Can anyone make a high def wallpaper for the iPhone with Calvin and Hobbes?,1,/r/AskReddit/comments/15qzf7/can_anyone_make_a_high_def_wallpaper_for_the/,2013-01-01 00:01:55+00:00
15qzey,"With the worsening gender balance in China are future generations going to be a lot more taller, fit?",0,/r/AskReddit/comments/15qzey/with_the_worsening_gender_balance_in_china_are/,2013-01-01 00:01:51+00:00
15qzen,"Smokers of Reddit- What are your reasons for starting? Have you quit, or do you plan to quit in the future?",0,/r/AskReddit/comments/15qzen/smokers_of_reddit_what_are_your_reasons_for/,2013-01-01 00:01:36+00:00
15qzdx,At the stroke of midnight I was writing this post. What were you doing?,1,/r/AskReddit/comments/15qzdx/at_the_stroke_of_midnight_i_was_writing_this_post/,2013-01-01 00:01:15+00:00
15qzdc,"With all the rape stories in the news, why don't I hear much about related systemic issues?",1,/r/AskReddit/comments/15qzdc/with_all_the_rape_stories_in_the_news_why_dont_i/,2013-01-01 00:00:58+00:00
15qzd3,Do beautiful people have low entropy?,0,/r/AskReddit/comments/15qzd3/do_beautiful_people_have_low_entropy/,2013-01-01 00:00:53+00:00
15ut6j,What are some of your craziest/most WTF stories?,3,/r/AskReddit/comments/15ut6j/what_are_some_of_your_craziestmost_wtf_stories/,2013-01-02 23:59:52+00:00
15ut3t,"Feeling really shitty about this semester's grades... students of reddit, what do you do to get over the bad grade blues?",2,/r/AskReddit/comments/15ut3t/feeling_really_shitty_about_this_semesters_grades/,2013-01-02 23:59:01+00:00
15ut3b,"If humanity were wiped out (nuclear holocaust, alien invasion etc.) which two celebrities would you choose to repopulate the Earth?",7,/r/AskReddit/comments/15ut3b/if_humanity_were_wiped_out_nuclear_holocaust/,2013-01-02 23:58:51+00:00
15ut38,What are some celebrity couples who have portrayed characters that wouldn't get along?,1,/r/AskReddit/comments/15ut38/what_are_some_celebrity_couples_who_have/,2013-01-02 23:58:51+00:00
15ut3a,What is one thing you wish you did out of college before getting a 'real job'?,2,/r/AskReddit/comments/15ut3a/what_is_one_thing_you_wish_you_did_out_of_college/,2013-01-02 23:58:51+00:00
15ut1q,"Lawyers of Reddit, do I have a reasonable expectation of privacy anywhere on the internet?",2,/r/AskReddit/comments/15ut1q/lawyers_of_reddit_do_i_have_a_reasonable/,2013-01-02 23:58:16+00:00
15ut1o,"People who don't believe in ""ghosts"" or spirits, how do you explain/view mediums?",1,/r/AskReddit/comments/15ut1o/people_who_dont_believe_in_ghosts_or_spirits_how/,2013-01-02 23:58:14+00:00
15ut1m,What are some good cold remedies (store bought or home made)?,2,/r/AskReddit/comments/15ut1m/what_are_some_good_cold_remedies_store_bought_or/,2013-01-02 23:58:13+00:00
15usxh,Where can I find an online homework timer that doesn't require a download?,3,/r/AskReddit/comments/15usxh/where_can_i_find_an_online_homework_timer_that/,2013-01-02 23:56:35+00:00
15usvs,What is your one favorite song?,1,/r/AskReddit/comments/15usvs/what_is_your_one_favorite_song/,2013-01-02 23:55:55+00:00
15usvo,"Reddit, what realization has absolutely blown your mind away?",1,/r/AskReddit/comments/15usvo/reddit_what_realization_has_absolutely_blown_your/,2013-01-02 23:55:51+00:00
15usu4,What's the longest sentence you can write without repeating any letters?,3,/r/AskReddit/comments/15usu4/whats_the_longest_sentence_you_can_write_without/,2013-01-02 23:55:11+00:00
15ustq,Retail Managers - A Kid just took a dump in your store. Who's responsible?,0,/r/AskReddit/comments/15ustq/retail_managers_a_kid_just_took_a_dump_in_your/,2013-01-02 23:55:02+00:00
15ustk,"Reddit, Have you ever had a teacher that absolutely hated you? If so,how did you handle it ?",1,/r/AskReddit/comments/15ustk/reddit_have_you_ever_had_a_teacher_that/,2013-01-02 23:54:59+00:00
15usso,Where is the most interesting place you've peed?,5,/r/AskReddit/comments/15usso/where_is_the_most_interesting_place_youve_peed/,2013-01-02 23:54:38+00:00
15uss0,"Reddit, what should I do with my life?",0,/r/AskReddit/comments/15uss0/reddit_what_should_i_do_with_my_life/,2013-01-02 23:54:21+00:00
15usqd,What exactly are r/WTF's roots?,1,/r/AskReddit/comments/15usqd/what_exactly_are_rwtfs_roots/,2013-01-02 23:53:43+00:00
15usq0,"If a work laptop breaks by accident, should the company pay for it or the employee?",1,/r/AskReddit/comments/15usq0/if_a_work_laptop_breaks_by_accident_should_the/,2013-01-02 23:53:34+00:00
15uspt,"When a girl says to a guy, ""You're so cute"" = Friendzone?",0,/r/AskReddit/comments/15uspt/when_a_girl_says_to_a_guy_youre_so_cute_friendzone/,2013-01-02 23:53:30+00:00
15uso1,Why are the Romani hated so much?,1,/r/AskReddit/comments/15uso1/why_are_the_romani_hated_so_much/,2013-01-02 23:52:56+00:00
15usmo,"Reddit, how do you keep from snoozing?",3,/r/AskReddit/comments/15usmo/reddit_how_do_you_keep_from_snoozing/,2013-01-02 23:52:19+00:00
15usm3,"Sports fans of Reddit: Why is a team ""your team""?",9,/r/AskReddit/comments/15usm3/sports_fans_of_reddit_why_is_a_team_your_team/,2013-01-02 23:52:04+00:00
15usm0,What would you do if you found an exotic (read porn) online video that looked like someone you know?,2,/r/AskReddit/comments/15usm0/what_would_you_do_if_you_found_an_exotic_read/,2013-01-02 23:52:03+00:00
15uslm,"So tell me reddit, what really ""grinds your gears""?",0,/r/AskReddit/comments/15uslm/so_tell_me_reddit_what_really_grinds_your_gears/,2013-01-02 23:51:53+00:00
15uslb,What do you think is the best university degree to get for today's current situation?,3,/r/AskReddit/comments/15uslb/what_do_you_think_is_the_best_university_degree/,2013-01-02 23:51:42+00:00
15uskw,What are some ways you eat food that most other people find odd or unappetizing?,1,/r/AskReddit/comments/15uskw/what_are_some_ways_you_eat_food_that_most_other/,2013-01-02 23:51:36+00:00
15uske,Redditors in auto repair. What is the weirdest thing you have ever found in a car that you were working on?,13,/r/AskReddit/comments/15uske/redditors_in_auto_repair_what_is_the_weirdest/,2013-01-02 23:51:22+00:00
15usjw,"If you could mail one thing from now back to yourself 10 years ago, what would it be?",35,/r/AskReddit/comments/15usjw/if_you_could_mail_one_thing_from_now_back_to/,2013-01-02 23:51:08+00:00
15usiv,"Women of reddit, why do you get mad when we stare?",0,/r/AskReddit/comments/15usiv/women_of_reddit_why_do_you_get_mad_when_we_stare/,2013-01-02 23:50:41+00:00
15ush5,Reddit does anyone else think DAFUQ looks like a legitimate stock market name?,13,/r/AskReddit/comments/15ush5/reddit_does_anyone_else_think_dafuq_looks_like_a/,2013-01-02 23:50:03+00:00
15usfw,What's the craziest thing an ex has done after a breakup?,15,/r/AskReddit/comments/15usfw/whats_the_craziest_thing_an_ex_has_done_after_a/,2013-01-02 23:49:36+00:00
15usf3,Who here has had cosmetic surgery or is considering it?,0,/r/AskReddit/comments/15usf3/who_here_has_had_cosmetic_surgery_or_is/,2013-01-02 23:49:17+00:00
15usex,Have you ever done something that you know made you look like a giant douche-bag but that wasn't your intention?,2,/r/AskReddit/comments/15usex/have_you_ever_done_something_that_you_know_made/,2013-01-02 23:49:15+00:00
15usbj,What's frustrating to you right now?,3,/r/AskReddit/comments/15usbj/whats_frustrating_to_you_right_now/,2013-01-02 23:47:37+00:00
15usbh,What is the most helpful subreddit you know of?,17,/r/AskReddit/comments/15usbh/what_is_the_most_helpful_subreddit_you_know_of/,2013-01-02 23:47:34+00:00
15us31,"Salesmen/women of Reddit, have you ran into ridiculous customers, and how did you deal with it?",2,/r/AskReddit/comments/15us31/salesmenwomen_of_reddit_have_you_ran_into/,2013-01-02 23:44:14+00:00
15us2q,does anybody know of a subreddit for high school band members?,1,/r/AskReddit/comments/15us2q/does_anybody_know_of_a_subreddit_for_high_school/,2013-01-02 23:44:04+00:00
15us2c,"Pet owners of Reddit, what does your pet do that makes you love it?",8,/r/AskReddit/comments/15us2c/pet_owners_of_reddit_what_does_your_pet_do_that/,2013-01-02 23:43:56+00:00
15us1o,Is it worth it to get a degree in business?,1,/r/AskReddit/comments/15us1o/is_it_worth_it_to_get_a_degree_in_business/,2013-01-02 23:43:40+00:00
15us0w,How many movies were filmed in a higher frame rate besides The Hobbit?,0,/r/AskReddit/comments/15us0w/how_many_movies_were_filmed_in_a_higher_frame/,2013-01-02 23:43:21+00:00
15urz9,"I am curious, what is everyone's opinion on ""The N-word"".",0,/r/AskReddit/comments/15urz9/i_am_curious_what_is_everyones_opinion_on_the/,2013-01-02 23:42:38+00:00
15uryk,Everyone has a comment that they think deserves more recognition. What is your favorite/underrated/unnoticed comment?,2,/r/AskReddit/comments/15uryk/everyone_has_a_comment_that_they_think_deserves/,2013-01-02 23:42:19+00:00
15urxz,What is the most generous tip you have received?,3,/r/AskReddit/comments/15urxz/what_is_the_most_generous_tip_you_have_received/,2013-01-02 23:42:04+00:00
15urwl,My boyfriend's brother is 13 years old and runs his family.....what can I do?,7,/r/AskReddit/comments/15urwl/my_boyfriends_brother_is_13_years_old_and_runs/,2013-01-02 23:41:32+00:00
15urwe,If you could kill Hitler how would you do it?,0,/r/AskReddit/comments/15urwe/if_you_could_kill_hitler_how_would_you_do_it/,2013-01-02 23:41:27+00:00
15uru9,What are some challenges or tasks to put on a scavenger hunt?,0,/r/AskReddit/comments/15uru9/what_are_some_challenges_or_tasks_to_put_on_a/,2013-01-02 23:40:30+00:00
15urtj,do you think other people see different shades of colors when looking at the same color?,5,/r/AskReddit/comments/15urtj/do_you_think_other_people_see_different_shades_of/,2013-01-02 23:40:12+00:00
15urqp,Have you ever had to use something you learned from a survival TV show?,8,/r/AskReddit/comments/15urqp/have_you_ever_had_to_use_something_you_learned/,2013-01-02 23:38:58+00:00
15urpv,What's the most epic way you've broken up with a horrible gf/bf?,0,/r/AskReddit/comments/15urpv/whats_the_most_epic_way_youve_broken_up_with_a/,2013-01-02 23:38:34+00:00
15uro8,"Dear people from before colored television/photos, what did the world really look like when everything was in black &amp; white.",0,/r/AskReddit/comments/15uro8/dear_people_from_before_colored_televisionphotos/,2013-01-02 23:38:06+00:00
15urk8,What would you do as a young undergrad with lots of money and time but little experience other than adult entertainment (huge liability) and food service?,0,/r/AskReddit/comments/15urk8/what_would_you_do_as_a_young_undergrad_with_lots/,2013-01-02 23:36:20+00:00
15urjt,"Reddit, in what small, harmless ways do you keep people from bothering/annoying you?",3,/r/AskReddit/comments/15urjt/reddit_in_what_small_harmless_ways_do_you_keep/,2013-01-02 23:36:09+00:00
15urjm,"Getting double jaw surgery in two days. For those who've had it done before, what should I expect after surgery and during recovery?",1,/r/AskReddit/comments/15urjm/getting_double_jaw_surgery_in_two_days_for_those/,2013-01-02 23:36:05+00:00
15urj2,"Redditors, how have you dealt with a blended family?",1,/r/AskReddit/comments/15urj2/redditors_how_have_you_dealt_with_a_blended_family/,2013-01-02 23:35:51+00:00
15urhp,"Philosophers of Reddit: -What is the most current position of 'the Good life'? The good, the true, the beautiful.",1,/r/AskReddit/comments/15urhp/philosophers_of_reddit_what_is_the_most_current/,2013-01-02 23:35:18+00:00
15urho,What opinions do you have that differ from the Reddit hivemind?,11,/r/AskReddit/comments/15urho/what_opinions_do_you_have_that_differ_from_the/,2013-01-02 23:35:15+00:00
15urhm,"If you lay between train tracks while a train goes over, would you die?",2,/r/AskReddit/comments/15urhm/if_you_lay_between_train_tracks_while_a_train/,2013-01-02 23:35:14+00:00
15urh4,"Reddit, would you rather be blind or deaf?",2,/r/AskReddit/comments/15urh4/reddit_would_you_rather_be_blind_or_deaf/,2013-01-02 23:34:58+00:00
15urgu,Does your second language feature a swear word that's more extreme/offensive than anything in the English language?,1,/r/AskReddit/comments/15urgu/does_your_second_language_feature_a_swear_word/,2013-01-02 23:34:54+00:00
15urgc,"What one piece of technology, in any era, still amazes you?",2,/r/AskReddit/comments/15urgc/what_one_piece_of_technology_in_any_era_still/,2013-01-02 23:34:40+00:00
15urft,"Since condoms are rarely used in porn, why doesn't the industry have a major STD problem?",3,/r/AskReddit/comments/15urft/since_condoms_are_rarely_used_in_porn_why_doesnt/,2013-01-02 23:34:30+00:00
15urfl,"Finding it hard to revise for exams, how do you get motivated to revise?",1,/r/AskReddit/comments/15urfl/finding_it_hard_to_revise_for_exams_how_do_you/,2013-01-02 23:34:21+00:00
15urdc,Reddit What the best Terrible porno title you can come up with? [Probably NSWF],5,/r/AskReddit/comments/15urdc/reddit_what_the_best_terrible_porno_title_you_can/,2013-01-02 23:33:34+00:00
15ur9s,Horrible is to terrible as horrific is to terrific. No?,0,/r/AskReddit/comments/15ur9s/horrible_is_to_terrible_as_horrific_is_to/,2013-01-02 23:32:01+00:00
15ur96,"Reddit, what are your favorite movies of all time by entertainment value?",0,/r/AskReddit/comments/15ur96/reddit_what_are_your_favorite_movies_of_all_time/,2013-01-02 23:31:46+00:00
15ur8s,does anyone ever read the terms and conditions?,0,/r/AskReddit/comments/15ur8s/does_anyone_ever_read_the_terms_and_conditions/,2013-01-02 23:31:35+00:00
15ur8o,What is the most awkward conversation you have ever had?,1,/r/AskReddit/comments/15ur8o/what_is_the_most_awkward_conversation_you_have/,2013-01-02 23:31:33+00:00
15ur7t,Have you ever broken up with someone you shouldn't have broken up with?,5,/r/AskReddit/comments/15ur7t/have_you_ever_broken_up_with_someone_you_shouldnt/,2013-01-02 23:31:12+00:00
15ur7s,"If I closed my mouth, held my nose and blew as hard as I could would it damage my ears?",1,/r/AskReddit/comments/15ur7s/if_i_closed_my_mouth_held_my_nose_and_blew_as/,2013-01-02 23:31:11+00:00
15ur52,"Why does McDonalds get most of the rap for being its unhealthiness and childhood obesity when KFC, Wendy's etc are just as bad?",3,/r/AskReddit/comments/15ur52/why_does_mcdonalds_get_most_of_the_rap_for_being/,2013-01-02 23:30:06+00:00
15ur4z,"I've heard a lot about how people can spot American tourists in foreign countries, but what about the other way around? How do Americans spot tourists around the US?",10,/r/AskReddit/comments/15ur4z/ive_heard_a_lot_about_how_people_can_spot/,2013-01-02 23:30:05+00:00
15ur3w,How do you have a conversation with someone much less intelligent than you without giving the impression that you are condescending?,0,/r/AskReddit/comments/15ur3w/how_do_you_have_a_conversation_with_someone_much/,2013-01-02 23:29:38+00:00
15ur3a,"Do you compare yourself to other people, and if so, what do you gain from it?",3,/r/AskReddit/comments/15ur3a/do_you_compare_yourself_to_other_people_and_if_so/,2013-01-02 23:29:23+00:00
15ur2n,What is wrong with the children (2-12) of today?,0,/r/AskReddit/comments/15ur2n/what_is_wrong_with_the_children_212_of_today/,2013-01-02 23:29:00+00:00
15ur28,"If you were an alien visiting earth, what would you think the strangest thing about humanity is?",2,/r/AskReddit/comments/15ur28/if_you_were_an_alien_visiting_earth_what_would/,2013-01-02 23:28:51+00:00
15uqzx,My desk is boring. What cool stuff do you have at your work station?,3,/r/AskReddit/comments/15uqzx/my_desk_is_boring_what_cool_stuff_do_you_have_at/,2013-01-02 23:27:59+00:00
15uqw8,"As a guy, is it weird to only have female friends?",2,/r/AskReddit/comments/15uqw8/as_a_guy_is_it_weird_to_only_have_female_friends/,2013-01-02 23:26:37+00:00
15uqw6,What's your best workout/dieting tip that has actually worked for you?,1,/r/AskReddit/comments/15uqw6/whats_your_best_workoutdieting_tip_that_has/,2013-01-02 23:26:35+00:00
15uqw3,"My school makes me sick, anything I can do?",1,/r/AskReddit/comments/15uqw3/my_school_makes_me_sick_anything_i_can_do/,2013-01-02 23:26:33+00:00
15uqw2,What would your city's movie title be?,4,/r/AskReddit/comments/15uqw2/what_would_your_citys_movie_title_be/,2013-01-02 23:26:32+00:00
15uqv5,"Reddit, what songs create a perfect make-out playlist?",0,/r/AskReddit/comments/15uqv5/reddit_what_songs_create_a_perfect_makeout/,2013-01-02 23:26:11+00:00
15uqph,Are there any health benefits/issues that come from abstinence?,3,/r/AskReddit/comments/15uqph/are_there_any_health_benefitsissues_that_come/,2013-01-02 23:23:49+00:00
15uqp8,What game do you think should be more widely known?,0,/r/AskReddit/comments/15uqp8/what_game_do_you_think_should_be_more_widely_known/,2013-01-02 23:23:43+00:00
15uqoz,"Those of you that stayed in a bad relationship for too long, what finally drove you over the edge to end it?",9,/r/AskReddit/comments/15uqoz/those_of_you_that_stayed_in_a_bad_relationship/,2013-01-02 23:23:37+00:00
15uqos,"Hey, why did all my shortcuts disappear for no apparent reason this afternoon?",2,/r/AskReddit/comments/15uqos/hey_why_did_all_my_shortcuts_disappear_for_no/,2013-01-02 23:23:30+00:00
15uqnn,What don't you want to see in 2013?,2,/r/AskReddit/comments/15uqnn/what_dont_you_want_to_see_in_2013/,2013-01-02 23:23:04+00:00
15uqn3,"Gym members of Reddit, what's one thing that other people do that pisses you off while working out?",17,/r/AskReddit/comments/15uqn3/gym_members_of_reddit_whats_one_thing_that_other/,2013-01-02 23:22:55+00:00
15uqmw,"Help...seriously, how do you beat hiccups.",4,/r/AskReddit/comments/15uqmw/helpseriously_how_do_you_beat_hiccups/,2013-01-02 23:22:47+00:00
15uqmh,Gentlemen of Reddit - Has you ever by accident worn your cum sock all day and if so what were your thoughts/opinions and experience like?,0,/r/AskReddit/comments/15uqmh/gentlemen_of_reddit_has_you_ever_by_accident_worn/,2013-01-02 23:22:37+00:00
15uqlh,"If you could have any superpower, what would it be?",9,/r/AskReddit/comments/15uqlh/if_you_could_have_any_superpower_what_would_it_be/,2013-01-02 23:22:18+00:00
15uqlg,What is something you know about someone that they have no idea you know?,2,/r/AskReddit/comments/15uqlg/what_is_something_you_know_about_someone_that/,2013-01-02 23:22:17+00:00
15uqjo,How do you open windows defender on a windows 8 laptop?,0,/r/AskReddit/comments/15uqjo/how_do_you_open_windows_defender_on_a_windows_8/,2013-01-02 23:21:37+00:00
15uqjd,Hot dog and hot dog buns come in different sized packages. What common inconsistency drives you crazy?,1,/r/AskReddit/comments/15uqjd/hot_dog_and_hot_dog_buns_come_in_different_sized/,2013-01-02 23:21:33+00:00
15uqj9,"People of Reddit: Have you ever witnessed an incident where you saw someone abusing a person who was mentally or physically disabled? Did you say anything, if so how did it go?",0,/r/AskReddit/comments/15uqj9/people_of_reddit_have_you_ever_witnessed_an/,2013-01-02 23:21:29+00:00
15uqis,What kind of weird dreams have you had?,0,/r/AskReddit/comments/15uqis/what_kind_of_weird_dreams_have_you_had/,2013-01-02 23:21:19+00:00
15uqii,Why does my cat drool when I pet her?,0,/r/AskReddit/comments/15uqii/why_does_my_cat_drool_when_i_pet_her/,2013-01-02 23:21:13+00:00
15uqi5,What is your worst story on how an ex broke up with you?,0,/r/AskReddit/comments/15uqi5/what_is_your_worst_story_on_how_an_ex_broke_up/,2013-01-02 23:21:06+00:00
15uqhp,Young Earth Creationists - Have you had an instance when you won an argument with an evolutionist?,0,/r/AskReddit/comments/15uqhp/young_earth_creationists_have_you_had_an_instance/,2013-01-02 23:20:49+00:00
15uqhl,What is the weirdest/coolest dream that you or someone you know has had?,1,/r/AskReddit/comments/15uqhl/what_is_the_weirdestcoolest_dream_that_you_or/,2013-01-02 23:20:46+00:00
15uqh2,Have you or anyone you knew peed or pooped while sleepwalking?,14,/r/AskReddit/comments/15uqh2/have_you_or_anyone_you_knew_peed_or_pooped_while/,2013-01-02 23:20:31+00:00
15uqgu,Is it possible for your heart to hurt?,2,/r/AskReddit/comments/15uqgu/is_it_possible_for_your_heart_to_hurt/,2013-01-02 23:20:25+00:00
15uqfi,"Why did reddit come up with the term ""Cakeday"" as the yearly membership?",0,/r/AskReddit/comments/15uqfi/why_did_reddit_come_up_with_the_term_cakeday_as/,2013-01-02 23:20:05+00:00
15uqem,"Reddit, what is your best way to get rich?",1,/r/AskReddit/comments/15uqem/reddit_what_is_your_best_way_to_get_rich/,2013-01-02 23:19:44+00:00
15uqdu,I absolutely despise the program Norton. It is an overrated and annoying program that I immediately replace. What are some other worthless or overrated programs that you know of?,3,/r/AskReddit/comments/15uqdu/i_absolutely_despise_the_program_norton_it_is_an/,2013-01-02 23:19:27+00:00
15uqdi,"As management in a company, would you hire someone that you know sued the last company they were employed by?",1,/r/AskReddit/comments/15uqdi/as_management_in_a_company_would_you_hire_someone/,2013-01-02 23:19:20+00:00
15uqce,"Would you rather see Nicolas cage solve things, Mark Wahlberg hand out street justice, or Liam Neeson get revenge?",0,/r/AskReddit/comments/15uqce/would_you_rather_see_nicolas_cage_solve_things/,2013-01-02 23:18:51+00:00
15uqc7,"Reddit, where is the coolest place you have been to?",11,/r/AskReddit/comments/15uqc7/reddit_where_is_the_coolest_place_you_have_been_to/,2013-01-02 23:18:46+00:00
15uqb6,Your best/worst road-trip experience?,2,/r/AskReddit/comments/15uqb6/your_bestworst_roadtrip_experience/,2013-01-02 23:18:25+00:00
15uqak,Whats a little thing that you do that makes you feel much safer?,1,/r/AskReddit/comments/15uqak/whats_a_little_thing_that_you_do_that_makes_you/,2013-01-02 23:18:15+00:00
15uq90,What song(s)/artist(s) do you listen to while you're on Reddit?,0,/r/AskReddit/comments/15uq90/what_songsartists_do_you_listen_to_while_youre_on/,2013-01-02 23:17:40+00:00
15uq62,What predictions do you have for the distant future that you feel almost certain will be realized?,3,/r/AskReddit/comments/15uq62/what_predictions_do_you_have_for_the_distant/,2013-01-02 23:16:42+00:00
15uq60,What place in the world do you want to travel to next?,2,/r/AskReddit/comments/15uq60/what_place_in_the_world_do_you_want_to_travel_to/,2013-01-02 23:16:41+00:00
15uq49,What's some of your favorite New Years resolution themed jokes?,0,/r/AskReddit/comments/15uq49/whats_some_of_your_favorite_new_years_resolution/,2013-01-02 23:16:02+00:00
15uq2b,"Reddit, what was your childhood short horror tales book and which story was the scariest?",1,/r/AskReddit/comments/15uq2b/reddit_what_was_your_childhood_short_horror_tales/,2013-01-02 23:15:20+00:00
15uq1f,Am i the only redditor that doesn't give a fuck about atheism/cats?!?!?! cats i can handle on a good day but why the hell are so many people so obsessed with discussing atheism/religion...GET OVER IT,0,/r/AskReddit/comments/15uq1f/am_i_the_only_redditor_that_doesnt_give_a_fuck/,2013-01-02 23:15:00+00:00
15uq0j,Former art school students of Reddit: was was the most bullshit exercise you had to do in art class?,3,/r/AskReddit/comments/15uq0j/former_art_school_students_of_reddit_was_was_the/,2013-01-02 23:14:39+00:00
15upyk,What redditing habits have you developed?,0,/r/AskReddit/comments/15upyk/what_redditing_habits_have_you_developed/,2013-01-02 23:14:00+00:00
15upxw,What are some cheap websites to buy clothing in bulk?,2,/r/AskReddit/comments/15upxw/what_are_some_cheap_websites_to_buy_clothing_in/,2013-01-02 23:13:42+00:00
15upxh,What is the worst/most hilarious pickup line you have used/ heard used? (and what was the aftermath?),1,/r/AskReddit/comments/15upxh/what_is_the_worstmost_hilarious_pickup_line_you/,2013-01-02 23:13:35+00:00
15upvk,What was the worst injury you have suffered? How did it happen and what was the pain like?,2,/r/AskReddit/comments/15upvk/what_was_the_worst_injury_you_have_suffered_how/,2013-01-02 23:12:56+00:00
15upvd,Reddit what is one movie that makes you cry every time you watch it?,1,/r/AskReddit/comments/15upvd/reddit_what_is_one_movie_that_makes_you_cry_every/,2013-01-02 23:12:51+00:00
15upuc,"Recently got BT Infinity ping has risen, how come?",1,/r/AskReddit/comments/15upuc/recently_got_bt_infinity_ping_has_risen_how_come/,2013-01-02 23:12:26+00:00
15uptm,"If you could be born at any time and place in history, when and where would it be?",1,/r/AskReddit/comments/15uptm/if_you_could_be_born_at_any_time_and_place_in/,2013-01-02 23:12:05+00:00
15upss,Women of reddit: What are some misconceptions guys should be corrected of?,0,/r/AskReddit/comments/15upss/women_of_reddit_what_are_some_misconceptions_guys/,2013-01-02 23:11:47+00:00
15uprc,"Reddit, what are some life(style)-bettering apps/ programs/ plugins that we should all start using in 2013?",2,/r/AskReddit/comments/15uprc/reddit_what_are_some_lifestylebettering_apps/,2013-01-02 23:11:08+00:00
15upr9,What are some sayings or phrases used in your region/country?,12,/r/AskReddit/comments/15upr9/what_are_some_sayings_or_phrases_used_in_your/,2013-01-02 23:11:07+00:00
15upr4,Have you ever laced food with a drug and then given it to friends/family/coworkers?,7,/r/AskReddit/comments/15upr4/have_you_ever_laced_food_with_a_drug_and_then/,2013-01-02 23:11:06+00:00
15uppu,What advice do you wish you were given before attending college?,5,/r/AskReddit/comments/15uppu/what_advice_do_you_wish_you_were_given_before/,2013-01-02 23:10:36+00:00
15upoa,"Reddit, what is the single greatest year in history? Why?",3,/r/AskReddit/comments/15upoa/reddit_what_is_the_single_greatest_year_in/,2013-01-02 23:09:58+00:00
15upn4,I am a recent college grad who cannot find a job anywhere. I have a wife and child and I'm really scared to lose my apartment. Can someone please give me some useful hints to finding a job?,0,/r/AskReddit/comments/15upn4/i_am_a_recent_college_grad_who_cannot_find_a_job/,2013-01-02 23:09:29+00:00
15upn3,What's the point in me not killing myself?,1,/r/AskReddit/comments/15upn3/whats_the_point_in_me_not_killing_myself/,2013-01-02 23:09:28+00:00
15upmy,How much does it hurt to get punched in the face?,0,/r/AskReddit/comments/15upmy/how_much_does_it_hurt_to_get_punched_in_the_face/,2013-01-02 23:09:27+00:00
15upmt,Dear God and Jesus: Why did you let all those kids die in Connecticut?,0,/r/AskReddit/comments/15upmt/dear_god_and_jesus_why_did_you_let_all_those_kids/,2013-01-02 23:09:25+00:00
15upmm,What is your favourite slang term in any culture?,3,/r/AskReddit/comments/15upmm/what_is_your_favourite_slang_term_in_any_culture/,2013-01-02 23:09:22+00:00
15uply,How do I get rid of hair all over my apartment?,1,/r/AskReddit/comments/15uply/how_do_i_get_rid_of_hair_all_over_my_apartment/,2013-01-02 23:09:08+00:00
15upln,"If I am a chemist, what does my job consist of?",2,/r/AskReddit/comments/15upln/if_i_am_a_chemist_what_does_my_job_consist_of/,2013-01-02 23:08:59+00:00
15upl7,Would you rather eat once at a super high-end restaurant or five times at a medium-scale eatery for free?,1,/r/AskReddit/comments/15upl7/would_you_rather_eat_once_at_a_super_highend/,2013-01-02 23:08:47+00:00
15upkk,"Reddit, what's your favourite book and why?",4,/r/AskReddit/comments/15upkk/reddit_whats_your_favourite_book_and_why/,2013-01-02 23:08:32+00:00
15upkc,Bus drivers of reddit: do you judge and then choose who you pick up? (My story inside),0,/r/AskReddit/comments/15upkc/bus_drivers_of_reddit_do_you_judge_and_then/,2013-01-02 23:08:27+00:00
15upjw,What is the best free place to look for non-partisan political information?,1,/r/AskReddit/comments/15upjw/what_is_the_best_free_place_to_look_for/,2013-01-02 23:08:15+00:00
15upj5,Why do girls want moustaches so badly?,0,/r/AskReddit/comments/15upj5/why_do_girls_want_moustaches_so_badly/,2013-01-02 23:07:59+00:00
15upie,"Servers and bartenders of reddit, have you or one of your co-workers ever done anything to a rude guest's food or drink?",3,/r/AskReddit/comments/15upie/servers_and_bartenders_of_reddit_have_you_or_one/,2013-01-02 23:07:40+00:00
15uphv,Better than the original? What is something that you think was better after it was remade?,0,/r/AskReddit/comments/15uphv/better_than_the_original_what_is_something_that/,2013-01-02 23:07:28+00:00
15uph7,"I need help, what is something that (with plenty of research) can be made to solve a problem? Details inside.",2,/r/AskReddit/comments/15uph7/i_need_help_what_is_something_that_with_plenty_of/,2013-01-02 23:07:11+00:00
15updl,"Reddit: You have to make a new word and give it a defintion, what is it, and what does it mean?",3,/r/AskReddit/comments/15updl/reddit_you_have_to_make_a_new_word_and_give_it_a/,2013-01-02 23:05:32+00:00
15upd1,"For two hours I have been trying to come up with something to post for my cake day. I got nothing. So Reddit, what did you do for your cake day.",0,/r/AskReddit/comments/15upd1/for_two_hours_i_have_been_trying_to_come_up_with/,2013-01-02 23:05:19+00:00
15upcf,Hey Reddit! Did youtube remove all of their free movies?,0,/r/AskReddit/comments/15upcf/hey_reddit_did_youtube_remove_all_of_their_free/,2013-01-02 23:05:06+00:00
15upbf,"Reddit, what is the most offensive thing anyone has ever said to you, while telling you not to be offended?",2,/r/AskReddit/comments/15upbf/reddit_what_is_the_most_offensive_thing_anyone/,2013-01-02 23:04:31+00:00
15up9g,It is 12pm in my country (germany) and i am at a Hospital and I have to stay awake the next 8 hours to recieve sleep deprived eeg. What should I do the next 8 hours?,0,/r/AskReddit/comments/15up9g/it_is_12pm_in_my_country_germany_and_i_am_at_a/,2013-01-02 23:03:23+00:00
15up8k,"I wanted to propose to my gf in 2 years, I made some clues for her, now she solved some of them and wants the full story from me, how to avoid it?",0,/r/AskReddit/comments/15up8k/i_wanted_to_propose_to_my_gf_in_2_years_i_made/,2013-01-02 23:02:55+00:00
15up8f,"If everyone in the world suddenly developed your personality, what would happen?",2,/r/AskReddit/comments/15up8f/if_everyone_in_the_world_suddenly_developed_your/,2013-01-02 23:02:48+00:00
15up7m,"Reddit, what factors helped you select your particular college?",4,/r/AskReddit/comments/15up7m/reddit_what_factors_helped_you_select_your/,2013-01-02 23:02:22+00:00
15up69,Has anybody actually walked in on their Boyfriend/Girlfriend cheating? What went down?,1,/r/AskReddit/comments/15up69/has_anybody_actually_walked_in_on_their/,2013-01-02 23:01:53+00:00
15up5z,"Hey r/askreddit, I'm making a post without asking a question! What are you gonna do, downvote me?",0,/r/AskReddit/comments/15up5z/hey_raskreddit_im_making_a_post_without_asking_a/,2013-01-02 23:01:46+00:00
15up16,"Reddit, how have you beaten the odds?",1,/r/AskReddit/comments/15up16/reddit_how_have_you_beaten_the_odds/,2013-01-02 22:59:42+00:00
15up0u,What do you do If you find a friend on /r/gonewild?,0,/r/AskReddit/comments/15up0u/what_do_you_do_if_you_find_a_friend_on_rgonewild/,2013-01-02 22:59:31+00:00
15up0j,How would the world be different if you didn't exist?,1,/r/AskReddit/comments/15up0j/how_would_the_world_be_different_if_you_didnt/,2013-01-02 22:59:20+00:00
15up0d,What do you think really happened with the Reddit Subway Code?,0,/r/AskReddit/comments/15up0d/what_do_you_think_really_happened_with_the_reddit/,2013-01-02 22:59:17+00:00
15up05,"On the other hand, what is the WORST comeback you have said or heard?",0,/r/AskReddit/comments/15up05/on_the_other_hand_what_is_the_worst_comeback_you/,2013-01-02 22:59:08+00:00
15uozt,What Are Cool Restaurant Gimmicks You've Heard Of That Have Gotten You Through The Door,1,/r/AskReddit/comments/15uozt/what_are_cool_restaurant_gimmicks_youve_heard_of/,2013-01-02 22:59:00+00:00
15uouf,Do any of you know of a buddhist monastary in Europe where it is possible to live for a few years?,0,/r/AskReddit/comments/15uouf/do_any_of_you_know_of_a_buddhist_monastary_in/,2013-01-02 22:57:03+00:00
15uoso,My social studies class will take a field trip to the 9/11 memorial center on my birthday. What's the most depressing way you've spent your birthday?,0,/r/AskReddit/comments/15uoso/my_social_studies_class_will_take_a_field_trip_to/,2013-01-02 22:56:27+00:00
15uosf,"If you're able to do ONE spell from Harry Potter, what would it be? Why?",5,/r/AskReddit/comments/15uosf/if_youre_able_to_do_one_spell_from_harry_potter/,2013-01-02 22:56:21+00:00
15uora,"Reddit, what's the craziest first impression you've had that turned out to be wrong?",3,/r/AskReddit/comments/15uora/reddit_whats_the_craziest_first_impression_youve/,2013-01-02 22:55:52+00:00
15uopx,"Reddit, can you tell me the origin of each expression/reference?",0,/r/AskReddit/comments/15uopx/reddit_can_you_tell_me_the_origin_of_each/,2013-01-02 22:55:19+00:00
15uoor,How much do you make a year? And what do you do with it?,0,/r/AskReddit/comments/15uoor/how_much_do_you_make_a_year_and_what_do_you_do/,2013-01-02 22:54:53+00:00
15uoo0,Which do you prefer: The Simpsons or Family Guy? And why?,0,/r/AskReddit/comments/15uoo0/which_do_you_prefer_the_simpsons_or_family_guy/,2013-01-02 22:54:35+00:00
15uono,"If intelligent life was found, what would happen to religion?",6,/r/AskReddit/comments/15uono/if_intelligent_life_was_found_what_would_happen/,2013-01-02 22:54:31+00:00
15uomn,What is the most shameful thing you have masturbated to?,3,/r/AskReddit/comments/15uomn/what_is_the_most_shameful_thing_you_have/,2013-01-02 22:54:09+00:00
15uolr,What is something you enjoy that everyone else you know seems to hate?,28,/r/AskReddit/comments/15uolr/what_is_something_you_enjoy_that_everyone_else/,2013-01-02 22:53:51+00:00
15uol6,"For redditors looking to break out of their shell this year, what are some of your best pieces of advice regarding conversational skills and building connections with others?",1,/r/AskReddit/comments/15uol6/for_redditors_looking_to_break_out_of_their_shell/,2013-01-02 22:53:36+00:00
15uoib,What movies can you see being remade in the next 20 years?,47,/r/AskReddit/comments/15uoib/what_movies_can_you_see_being_remade_in_the_next/,2013-01-02 22:52:21+00:00
15uogg,City Utilities screwing people over again. What could I do to bring some change to this?,1,/r/AskReddit/comments/15uogg/city_utilities_screwing_people_over_again_what/,2013-01-02 22:51:45+00:00
15uog4,"Why are words like ""normal"" and ""regular"" offensive?",0,/r/AskReddit/comments/15uog4/why_are_words_like_normal_and_regular_offensive/,2013-01-02 22:51:34+00:00
15uofn,When do you think a new Facebook/twitter sorta website is going to be released?,0,/r/AskReddit/comments/15uofn/when_do_you_think_a_new_facebooktwitter_sorta/,2013-01-02 22:51:27+00:00
15uof8,"For parents/guardians who have had ""the talk"" about ""the birds and the bees"" with their children, how did it go? Any good stories?",2,/r/AskReddit/comments/15uof8/for_parentsguardians_who_have_had_the_talk_about/,2013-01-02 22:51:16+00:00
15uoew,"Would you spend a year celibate,vegan and without internet in exchange for $100million?",47,/r/AskReddit/comments/15uoew/would_you_spend_a_year_celibatevegan_and_without/,2013-01-02 22:51:11+00:00
15uoaf,What are this marks below my nipples ?,0,/r/AskReddit/comments/15uoaf/what_are_this_marks_below_my_nipples/,2013-01-02 22:49:30+00:00
15uo8w,"What is your best/worst ""It's not what it looks like"" story?",8,/r/AskReddit/comments/15uo8w/what_is_your_bestworst_its_not_what_it_looks_like/,2013-01-02 22:48:46+00:00
15uo8o,"Guys and gals of Reddit, what unusual objects did you use to pleasure yourself?",2,/r/AskReddit/comments/15uo8o/guys_and_gals_of_reddit_what_unusual_objects_did/,2013-01-02 22:48:42+00:00
15uo8h,Why do you choose to not masturbate?,1,/r/AskReddit/comments/15uo8h/why_do_you_choose_to_not_masturbate/,2013-01-02 22:48:36+00:00
15uo7e,What is the worst experience you have had at a restaurant?,8,/r/AskReddit/comments/15uo7e/what_is_the_worst_experience_you_have_had_at_a/,2013-01-02 22:48:15+00:00
15uo6k,What is the grossest tasting thing or combination of things that is still edible or drinkable but won't kill you?,0,/r/AskReddit/comments/15uo6k/what_is_the_grossest_tasting_thing_or_combination/,2013-01-02 22:47:54+00:00
15uo5u,"Have you ever said (or done) something that you immediately regretted, but knew it was for the better later?",0,/r/AskReddit/comments/15uo5u/have_you_ever_said_or_done_something_that_you/,2013-01-02 22:47:38+00:00
15uo3x,What's the weirdest thing you've ever caught your girlfriend or boyfriend doing?,3,/r/AskReddit/comments/15uo3x/whats_the_weirdest_thing_youve_ever_caught_your/,2013-01-02 22:46:55+00:00
15uo3r,I was born into a family with two sets of twins and then me. Is there anyone else that has a similar family situation?,0,/r/AskReddit/comments/15uo3r/i_was_born_into_a_family_with_two_sets_of_twins/,2013-01-02 22:46:52+00:00
15uo2v,"Redditors with deceased loved ones, how do you cope?",0,/r/AskReddit/comments/15uo2v/redditors_with_deceased_loved_ones_how_do_you_cope/,2013-01-02 22:46:33+00:00
15uo1k,Has anybody here ever changed their first name? How did you tell your friends/family?,7,/r/AskReddit/comments/15uo1k/has_anybody_here_ever_changed_their_first_name/,2013-01-02 22:46:01+00:00
15uo0z,"If you could have been shown this day in its entirety ten years ago, and had the choice to change the course of your life so you didn't end up here, would you have changed it?",2,/r/AskReddit/comments/15uo0z/if_you_could_have_been_shown_this_day_in_its/,2013-01-02 22:45:50+00:00
15uo01,"Paramedics of reddit, what is the craziest/nastiest things you've ever experienced?",1,/r/AskReddit/comments/15uo01/paramedics_of_reddit_what_is_the_craziestnastiest/,2013-01-02 22:45:24+00:00
15unzn,Best website to sell miscellaneous things?,4,/r/AskReddit/comments/15unzn/best_website_to_sell_miscellaneous_things/,2013-01-02 22:45:17+00:00
15unyy,Who were shittiest friend/s you've ever had? What did they do?,6,/r/AskReddit/comments/15unyy/who_were_shittiest_friends_youve_ever_had_what/,2013-01-02 22:44:58+00:00
15unx1,"If all modern film stars were to have a fight to the death, who would win and why?",14,/r/AskReddit/comments/15unx1/if_all_modern_film_stars_were_to_have_a_fight_to/,2013-01-02 22:44:14+00:00
15unw6,"Reddit, what are your best tips for falling asleep faster?",13,/r/AskReddit/comments/15unw6/reddit_what_are_your_best_tips_for_falling_asleep/,2013-01-02 22:43:48+00:00
15unvg,What songs lyrics do you have completely wrong in your head but can't help singing them that way?,5,/r/AskReddit/comments/15unvg/what_songs_lyrics_do_you_have_completely_wrong_in/,2013-01-02 22:43:29+00:00
15unve,"I have a decent amount of money but not many friends, anyone got any ideas for this summer?",1,/r/AskReddit/comments/15unve/i_have_a_decent_amount_of_money_but_not_many/,2013-01-02 22:43:26+00:00
15unvb,Is it safe to cook molded food then eat it? Would cooking it kill the bacteria?,3,/r/AskReddit/comments/15unvb/is_it_safe_to_cook_molded_food_then_eat_it_would/,2013-01-02 22:43:24+00:00
15unv1,How did you know what career you wanted to pursue? And how did you go about motivating yourself to do so?,1,/r/AskReddit/comments/15unv1/how_did_you_know_what_career_you_wanted_to_pursue/,2013-01-02 22:43:15+00:00
15unsp,"Reddit, what is your opinion of the movie "" Cloud Atlas ""?",0,/r/AskReddit/comments/15unsp/reddit_what_is_your_opinion_of_the_movie_cloud/,2013-01-02 22:42:16+00:00
15unpg,Why is it so unreasonable to be uncomfortable with watching porn in relationships?,1,/r/AskReddit/comments/15unpg/why_is_it_so_unreasonable_to_be_uncomfortable/,2013-01-02 22:41:07+00:00
15unof,What do you do when you get a hickey?,0,/r/AskReddit/comments/15unof/what_do_you_do_when_you_get_a_hickey/,2013-01-02 22:40:45+00:00
15unoa,What would your pornstar name be?,3,/r/AskReddit/comments/15unoa/what_would_your_pornstar_name_be/,2013-01-02 22:40:42+00:00
15unn9,"If this were a meme, what do you guys think it would be called?",0,/r/AskReddit/comments/15unn9/if_this_were_a_meme_what_do_you_guys_think_it/,2013-01-02 22:40:13+00:00
15unn3,Anyone in Seattle also got their car broken into on the morning of 1/1?,1,/r/AskReddit/comments/15unn3/anyone_in_seattle_also_got_their_car_broken_into/,2013-01-02 22:40:07+00:00
15unmi,How much longer is the imgur.com domain search going to be disabled?,1,/r/AskReddit/comments/15unmi/how_much_longer_is_the_imgurcom_domain_search/,2013-01-02 22:39:48+00:00
15unm1,Who would you say is the biggest celeberty of all time?,0,/r/AskReddit/comments/15unm1/who_would_you_say_is_the_biggest_celeberty_of_all/,2013-01-02 22:39:37+00:00
15unjl,Year Years Eve party recap time! How was your NYE this year?,0,/r/AskReddit/comments/15unjl/year_years_eve_party_recap_time_how_was_your_nye/,2013-01-02 22:38:41+00:00
15unj1,Have you ever had a 'Mystery Diagnosis'?,6,/r/AskReddit/comments/15unj1/have_you_ever_had_a_mystery_diagnosis/,2013-01-02 22:38:27+00:00
15univ,Should I install Norton or use Microsoft security essentials?,3,/r/AskReddit/comments/15univ/should_i_install_norton_or_use_microsoft_security/,2013-01-02 22:38:25+00:00
15unig,"If you were on death row and were given a last meal, what would it be?",0,/r/AskReddit/comments/15unig/if_you_were_on_death_row_and_were_given_a_last/,2013-01-02 22:38:16+00:00
15unhx,Do you have any disabilities that sometimes turn out to give you an advantage in something?,2,/r/AskReddit/comments/15unhx/do_you_have_any_disabilities_that_sometimes_turn/,2013-01-02 22:38:02+00:00
15unha,What's your favourite 'stupid/silly' song?,3,/r/AskReddit/comments/15unha/whats_your_favourite_stupidsilly_song/,2013-01-02 22:37:45+00:00
15ungv,How do i sell an unopened at&amp;t iphone 4 upgrade on ebay,0,/r/AskReddit/comments/15ungv/how_do_i_sell_an_unopened_att_iphone_4_upgrade_on/,2013-01-02 22:37:34+00:00
15unf0,"If there are any taxi cab drivers on reddit, what is the weirdest convo you've overheard?",14,/r/AskReddit/comments/15unf0/if_there_are_any_taxi_cab_drivers_on_reddit_what/,2013-01-02 22:36:48+00:00
15une8,What's your go to video for laughs/trolling/obscurity?,0,/r/AskReddit/comments/15une8/whats_your_go_to_video_for_laughstrollingobscurity/,2013-01-02 22:36:32+00:00
15unb3,What stories have you wandered onto while redditing?,3,/r/AskReddit/comments/15unb3/what_stories_have_you_wandered_onto_while/,2013-01-02 22:35:16+00:00
15una6,What foods did you mix together that turned out to taste amazing?,0,/r/AskReddit/comments/15una6/what_foods_did_you_mix_together_that_turned_out/,2013-01-02 22:34:56+00:00
15un9f,Are there any affordable vocational journalism training courses in the States I could look into?,2,/r/AskReddit/comments/15un9f/are_there_any_affordable_vocational_journalism/,2013-01-02 22:34:46+00:00
15un8a,"If you could have been born on any day in all of history, which day and why?",0,/r/AskReddit/comments/15un8a/if_you_could_have_been_born_on_any_day_in_all_of/,2013-01-02 22:34:18+00:00
15un7n,What is some of the worst inventions of all time?,0,/r/AskReddit/comments/15un7n/what_is_some_of_the_worst_inventions_of_all_time/,2013-01-02 22:34:03+00:00
15un7f,Would it be so bad to just rename r/Pics to r/ShowandTell or something similar and just keep it as a default and allow for another subreddit to be purely for pics/photos?,0,/r/AskReddit/comments/15un7f/would_it_be_so_bad_to_just_rename_rpics_to/,2013-01-02 22:33:59+00:00
15un7b,I’m a heroin-addicted 14-year old mother of six living in a dumpster and having problems with my Chrome extensions. Can anyone help?,0,/r/AskReddit/comments/15un7b/im_a_heroinaddicted_14year_old_mother_of_six/,2013-01-02 22:33:57+00:00
15un72,"Professional massagers of Reddit, has any one ever crossed the line?",14,/r/AskReddit/comments/15un72/professional_massagers_of_reddit_has_any_one_ever/,2013-01-02 22:33:51+00:00
15un4r,Do silencers work on supersonic rounds?,0,/r/AskReddit/comments/15un4r/do_silencers_work_on_supersonic_rounds/,2013-01-02 22:32:52+00:00
15un2i,"If a zombie apocalypse broke out, would killing a zombie be considered a crime after a cure was found?",0,/r/AskReddit/comments/15un2i/if_a_zombie_apocalypse_broke_out_would_killing_a/,2013-01-02 22:32:01+00:00
15un2c,What are some weird or oddly specific things that you are self-conscious about?,3,/r/AskReddit/comments/15un2c/what_are_some_weird_or_oddly_specific_things_that/,2013-01-02 22:31:58+00:00
15un20,What is something you enjoy that no one else you know seems to hate?,0,/r/AskReddit/comments/15un20/what_is_something_you_enjoy_that_no_one_else_you/,2013-01-02 22:31:52+00:00
15umyt,"Reddit, I'm in a shitty mood. What are some funny videos or movies I should watch tonight?",2,/r/AskReddit/comments/15umyt/reddit_im_in_a_shitty_mood_what_are_some_funny/,2013-01-02 22:30:41+00:00
15umwl,"Reddit, what are you guilty of hoarding?",1,/r/AskReddit/comments/15umwl/reddit_what_are_you_guilty_of_hoarding/,2013-01-02 22:29:58+00:00
15umvk,Why would anyone not making a high income on a regular basis ever support the Republican Party?,1,/r/AskReddit/comments/15umvk/why_would_anyone_not_making_a_high_income_on_a/,2013-01-02 22:29:40+00:00
15umvf,"My Dad wants me and my sister to, but I don't want to. Some advice ?",0,/r/AskReddit/comments/15umvf/my_dad_wants_me_and_my_sister_to_but_i_dont_want/,2013-01-02 22:29:37+00:00
15umv5,What's the best behind-the-scenes story about a famous song or artist you know?,3,/r/AskReddit/comments/15umv5/whats_the_best_behindthescenes_story_about_a/,2013-01-02 22:29:32+00:00
15umu2,"Found at a garage sale, any idea what this could be? Or where it's from?",2,/r/AskReddit/comments/15umu2/found_at_a_garage_sale_any_idea_what_this_could/,2013-01-02 22:29:05+00:00
15umtq,"Reddit, Armor Games is doing a ""Best Game of 2012"" contest. What would be a really epic reward?",14,/r/AskReddit/comments/15umtq/reddit_armor_games_is_doing_a_best_game_of_2012/,2013-01-02 22:28:54+00:00
15ums8,How does one upload pictures to subreddits on Imgur?,4,/r/AskReddit/comments/15ums8/how_does_one_upload_pictures_to_subreddits_on/,2013-01-02 22:28:16+00:00
15ums2,Has anyone ever recovered a repressed memory?,0,/r/AskReddit/comments/15ums2/has_anyone_ever_recovered_a_repressed_memory/,2013-01-02 22:28:12+00:00
15umr2,Has anyone tried Dr. Ian Smith - Shred diet book?,2,/r/AskReddit/comments/15umr2/has_anyone_tried_dr_ian_smith_shred_diet_book/,2013-01-02 22:27:37+00:00
15umox,Will there be anything in the future that will confuse Millennials as much as computers (etc.) confuse baby boomers?,2,/r/AskReddit/comments/15umox/will_there_be_anything_in_the_future_that_will/,2013-01-02 22:26:57+00:00
15umov,"Single Folk of Reddit, what is the main reason why you think you're single?",89,/r/AskReddit/comments/15umov/single_folk_of_reddit_what_is_the_main_reason_why/,2013-01-02 22:26:56+00:00
15umom,"2012 was one of the worst years of my life. Reddit, What are simple things I can do to ensure a better 2013?",3,/r/AskReddit/comments/15umom/2012_was_one_of_the_worst_years_of_my_life_reddit/,2013-01-02 22:26:48+00:00
15umok,"Reddit, what song, movie scene, event, etc. instantly spikes the emotions causing tear shed?",2,/r/AskReddit/comments/15umok/reddit_what_song_movie_scene_event_etc_instantly/,2013-01-02 22:26:44+00:00
15umnk,What is the dumbest thing a sibling has asked you as an adult (or teen).,4,/r/AskReddit/comments/15umnk/what_is_the_dumbest_thing_a_sibling_has_asked_you/,2013-01-02 22:26:11+00:00
15ummz,Why do school buses in the US have the white light on top?,0,/r/AskReddit/comments/15ummz/why_do_school_buses_in_the_us_have_the_white/,2013-01-02 22:25:57+00:00
15umlz,"Vested Stocks, No Payout. Advice?",1,/r/AskReddit/comments/15umlz/vested_stocks_no_payout_advice/,2013-01-02 22:25:31+00:00
15umip,I'm a 21 year old American that got my drivers license for the first time a few hours ago. Anyone else?,0,/r/AskReddit/comments/15umip/im_a_21_year_old_american_that_got_my_drivers/,2013-01-02 22:24:16+00:00
15umhl,"Reddit, What is the best thing to buy on Amazon that is 25 dollars or less?",3,/r/AskReddit/comments/15umhl/reddit_what_is_the_best_thing_to_buy_on_amazon/,2013-01-02 22:23:52+00:00
